9999 9999,DAT,frameW,square,none,aliceblue,179.99,0.0
   0  999.0 -999.0 DP   1   0   0     1
 -89.9949 -179.9950 3
 -89.9949   -0.0050 2
  89.9951   -0.0050 2
  89.9951 -179.9950 2
 -89.9949 -179.9950 2
  99.0000   99.0000 3
9999 9999,DAT,frameE,square,none,aliceblue,179.99,0.0
   0  999.0 -999.0 DP   1   0   0     2
 -89.9949    0.0050 3
 -89.9949  179.9950 2
  89.9951  179.9950 2
  89.9951    0.0050 2
 -89.9949    0.0050 2
  99.0000   99.0000 3
9999 9999,GPML,nolabel,none,burlywood,oldlace,1,0
 621 4500.0   -inf UN   0   0   0     0
 -13.2608  108.2985 3
 -13.9556  107.9999 2
 -14.2205  107.6313 2
 -13.8393  107.1199 2
 -13.4398  106.4898 2
 -12.9290  105.9024 2
 -12.1970  105.1193 2
 -11.3669  104.5596 2
 -10.6804  104.3764 2
  -9.7419  104.6379 2
  -9.1084  104.7165 2
  -8.2795  104.7295 2
  -7.4773  104.7980 2
  -6.8083  104.7895 2
  -6.1112  104.8029 2
  -5.2527  104.8185 2
  -4.3246  104.9210 2
  -3.4736  104.9357 2
  -2.2745  104.7077 2
  -1.3694  104.7830 2
  -0.6319  104.9610 2
   0.2301  105.3023 2
   1.0342  105.8326 2
   0.9634  106.5089 2
   0.7238  107.1083 2
   0.4544  107.5393 2
   0.1984  108.2529 2
  -0.4767  108.5380 2
  -1.6837  108.7166 2
  -2.6265  108.8654 2
  -3.4577  108.9485 2
  -4.3820  109.1903 2
  -5.2604  109.4212 2
  -5.9664  109.6305 2
  -6.3315  109.9143 2
  -6.9039  109.8824 2
  -7.5113  109.8675 2
  -8.1807  109.8904 2
  -8.8299  109.9120 2
  -9.5905  109.7775 2
 -10.4987  109.6313 2
 -11.1116  109.5195 2
 -11.6204  109.2626 2
 -12.0147  109.0354 2
 -12.5414  108.7453 2
 -13.2608  108.2985 2
  99.0000   99.0000 3
9999 9999,GPML,nolabel,none,burlywood,oldlace,1,0
 407    0.0   -inf UN   0   0   0     0
  42.8919   69.7005 3
  42.3592   69.9302 2
  41.8505   69.7518 2
  41.2732   69.5309 2
  40.6696   69.2376 2
  40.0063   69.2098 2
  39.4829   68.4451 2
  39.1914   68.5549 2
  38.8107   68.0624 2
  38.2347   67.6452 2
  37.5017   67.2484 2
  37.0276   66.9987 2
  36.4976   66.6438 2
  35.8334   66.1582 2
  35.4367   65.8729 2
  34.7861   65.3382 2
  35.4820   65.2500 2
  35.9946   65.2561 2
  36.5003   65.2762 2
  37.1674   65.3095 2
  37.8914   65.3378 2
  38.5861   65.3285 2
  39.2547   65.3538 2
  39.7175   65.3658 2
  40.1804   65.2124 2
  40.4950   65.4483 2
  40.7850   65.9619 2
  41.0154   66.9162 2
  41.3046   67.6127 2
  41.5921   68.2132 2
  41.9414   68.6583 2
  42.4242   69.1340 2
  42.8919   69.7005 2
  99.0000   99.0000 3
9999 9999,GPML,nolabel,none,burlywood,oldlace,1,0
 401    0.0   -inf UN   0   0   0     0
  34.0722   36.8569 3
  33.8772   37.7945 2
  33.7428   37.2982 2
  33.6134   36.7962 2
  33.4825   36.4168 2
  33.3609   36.0816 2
  33.2930   35.5530 2
  33.5568   35.1557 2
  33.8976   34.8521 2
  34.1886   34.5706 2
  34.3955   34.3038 2
  34.5732   34.0089 2
  34.4433   34.7788 2
  34.2706   35.6396 2
  34.1666   36.2414 2
  34.0722   36.8569 2
  99.0000   99.0000 3
9999 9999,GPML,nolabel,none,burlywood,oldlace,1,0
 407    0.0   -inf UN   0   0   0     0
  40.0063   69.2098 3
  39.4715   69.0794 2
  39.1914   68.5549 2
  39.4829   68.4451 2
  40.0063   69.2098 2
  99.0000   99.0000 3
9999 9999,GPML,nolabel,none,burlywood,oldlace,1,0
 704 4500.0   -inf UN   0   0   0     0
 -60.5747   43.0905 3
 -60.5900   42.2312 2
 -59.9083   41.9078 2
 -59.3025   41.8650 2
 -58.9948   41.3097 2
 -58.5846   40.2648 2
 -58.1170   39.7274 2
 -57.8238   41.0700 2
 -57.9286   42.1825 2
 -58.1785   43.0262 2
 -58.7581   43.7272 2
 -59.3486   44.1780 2
 -59.9345   43.8483 2
 -60.3287   44.2755 2
 -60.5747   43.0905 2
  99.0000   99.0000 3
9999 9999,GPML,nolabel,none,burlywood,oldlace,1,0
 101 4500.0   -inf UN   0   0   0     0
  30.9961  -11.4508 3
  30.8541  -11.3539 2
  30.6408  -11.1363 2
  30.3996  -10.8555 2
  30.2287  -10.6200 2
  30.0836  -10.4385 2
  29.9907  -10.2977 2
  29.8661  -10.0369 2
  29.7222   -9.7476 2
  29.5432   -9.4261 2
  29.4219   -9.2093 2
  29.3355   -9.0590 2
  29.2362   -8.8857 2
  29.1308   -8.6917 2
  29.0170   -8.4939 2
  28.9031   -8.3291 2
  28.7502   -8.1215 2
  28.6151   -7.9285 2
  28.5113   -7.7995 2
  28.3961   -7.6631 2
  28.2736   -7.4852 2
  28.1650   -7.3469 2
  28.0615   -7.2083 2
  27.9163   -6.9962 2
  27.7277   -6.7475 2
  27.5321   -6.4846 2
  27.4030   -6.2636 2
  27.2498   -6.0640 2
  27.0958   -5.8540 2
  26.9849   -5.6777 2
  26.8643   -5.4720 2
  26.7201   -5.2181 2
  26.5629   -4.9682 2
  26.3921   -4.6732 2
  26.2013   -4.3407 2
  26.0609   -4.0804 2
  25.9312   -3.8271 2
  25.7902   -3.5903 2
  25.6468   -3.3247 2
  25.4698   -3.0638 2
  25.3298   -2.8408 2
  25.3198   -2.5620 2
  24.9459   -2.4296 2
  24.5339   -2.3186 2
  24.2035   -2.1932 2
  23.8268   -2.0030 2
  23.4895   -1.7854 2
  23.1624   -1.5339 2
  22.9232   -1.3159 2
  22.7265   -1.1495 2
  22.6002   -1.0316 2
  22.4461   -0.8757 2
  22.1381   -0.5986 2
  21.9234   -0.4251 2
  21.5162   -0.1489 2
  21.1116    0.0520 2
  20.5788    0.2093 2
  19.9779    0.2459 2
  19.7244    0.4351 2
  19.0699    0.3279 2
  18.6399    0.5098 2
  18.4423    0.6874 2
  18.2226    0.8589 2
  18.0288    1.0199 2
  17.6168    1.2174 2
  16.8881    1.2325 2
  16.3441    1.0822 2
  15.7982    0.9698 2
  15.2580    0.8063 2
  14.6218    0.5543 2
  14.2210    0.3021 2
  13.8094    0.1020 2
  13.1710   -0.1390 2
  12.8610   -0.4252 2
  12.4243   -0.7113 2
  11.7108   -0.7941 2
  11.1692   -0.5427 2
  10.8717   -0.2710 2
  10.6048   -0.0297 2
  10.2864    0.1540 2
   9.8290    0.4214 2
   9.3052    0.6125 2
   8.8146    0.7175 2
   8.3586    0.8346 2
   7.8785    0.9414 2
   7.4493    1.0491 2
   6.9460    1.2181 2
   6.4888    1.4743 2
   6.0488    1.8136 2
   5.7682    2.1319 2
   5.6365    2.3790 2
   5.4612    2.8358 2
   5.3325    3.1866 2
   5.1861    3.5244 2
   4.9047    3.9353 2
   4.4519    4.3325 2
   4.0920    4.5788 2
   3.6456    4.8929 2
   3.0749    5.2677 2
   2.5083    5.6498 2
   1.8988    5.9790 2
   1.1815    6.1003 2
   1.1165    5.7690 2
   1.0438    5.5270 2
   0.9331    5.2442 2
   0.8238    4.9813 2
   0.6846    4.6422 2
   0.5107    4.1680 2
   0.1223    3.7623 2
  -0.2549    3.3469 2
  -0.6509    2.9155 2
  -0.8887    2.5513 2
  -1.0787    2.1333 2
  -1.2362    1.7140 2
  -1.4151    1.3610 2
  -1.6142    0.9960 2
  -1.7697    0.5866 2
  -1.8832    0.2479 2
  -1.9365   -0.0204 2
  -1.9490   -0.3255 2
  -1.9489   -0.7211 2
  -1.8996   -1.2368 2
  -1.8638   -1.6172 2
  -1.9064   -2.1510 2
  -1.8845   -2.6693 2
  -1.8886   -3.0698 2
  -2.0235   -3.6588 2
  -2.4456   -4.5035 2
  -2.7877   -5.0725 2
  -3.0548   -5.6700 2
  -3.3926   -6.3725 2
  -3.5746   -6.8205 2
  -3.8303   -7.3317 2
  -4.2375   -7.7625 2
  -4.7637   -8.2636 2
  -5.2123   -8.5913 2
  -5.7275   -9.1687 2
  -6.2192   -9.8113 2
  -6.7998  -10.1505 2
  -6.9739  -10.5474 2
  -6.9685  -10.8740 2
  -7.0399  -11.4412 2
  -7.1122  -12.1571 2
  -7.2144  -12.7301 2
  -7.3639  -13.2045 2
  -7.5328  -13.6851 2
  -7.7558  -14.2869 2
  -8.2462  -15.1443 2
  -8.5181  -15.6824 2
  -8.7892  -16.1590 2
  -9.0757  -16.6467 2
  -9.2986  -17.0120 2
  -9.5896  -17.3287 2
  -9.8687  -17.8418 2
 -10.1583  -18.4905 2
 -10.4013  -19.1531 2
 -10.5622  -19.6601 2
 -10.7480  -20.2961 2
 -10.8965  -20.9428 2
 -11.0279  -21.5986 2
 -11.0205  -22.3006 2
 -11.0339  -22.8796 2
 -11.0013  -23.5253 2
 -10.9462  -24.2501 2
 -10.8328  -24.9712 2
 -10.7295  -25.6799 2
 -10.5540  -26.4304 2
 -10.3033  -27.1424 2
 -10.0472  -27.8085 2
  -9.8921  -28.6197 2
  -9.5053  -29.1470 2
  -9.2526  -29.5734 2
  -9.0280  -29.8665 2
  -8.8337  -30.2458 2
  -8.6903  -30.6116 2
  -8.5955  -31.1518 2
  -8.5356  -31.7405 2
  -8.6343  -32.3554 2
  -8.7779  -33.0704 2
  -8.9145  -33.9194 2
  -8.9620  -34.6754 2
  -8.9132  -35.5414 2
  -8.7740  -36.3883 2
  -8.7600  -36.8825 2
  -9.2539  -37.2786 2
  -9.7931  -37.4717 2
 -10.2441  -37.6245 2
 -10.6485  -37.8830 2
 -10.2574  -38.5191 2
  -9.9934  -38.9714 2
  -9.5050  -39.4902 2
  -9.0356  -39.9575 2
  -8.4365  -40.1953 2
  -7.4208  -39.8300 2
  -6.6348  -39.4771 2
  -5.3948  -38.6067 2
  -4.6203  -38.2028 2
  -4.0107  -38.0955 2
  -3.4453  -38.1770 2
  -2.9449  -38.5316 2
  -2.4880  -38.7753 2
  -2.0702  -38.8866 2
  -1.7313  -38.9536 2
  -1.3153  -38.7663 2
  -0.7272  -38.3338 2
  -0.2482  -37.8281 2
   0.0395  -37.2542 2
   0.2304  -36.6455 2
   0.6008  -35.9577 2
   1.0220  -35.4204 2
   1.4408  -35.0877 2
   2.1249  -34.6571 2
   2.9196  -34.2022 2
   3.8928  -33.7313 2
   4.6905  -33.4531 2
   5.6152  -33.1699 2
   6.5660  -32.9267 2
   7.3482  -32.8487 2
   8.1095  -32.8465 2
   8.7992  -32.8625 2
   9.2813  -32.8384 2
   9.8815  -32.7448 2
  10.5020  -32.5812 2
  11.0239  -32.3734 2
  11.8528  -32.0914 2
  12.6925  -31.9693 2
  13.5036  -31.7290 2
  14.1451  -31.5935 2
  14.7093  -31.4087 2
  15.2435  -31.2192 2
  15.7985  -31.0097 2
  16.4951  -30.6952 2
  16.9337  -30.4763 2
  17.4714  -30.3283 2
  18.0297  -30.2880 2
  18.3982  -30.3115 2
  18.9068  -30.3102 2
  19.4668  -30.3284 2
  19.9868  -30.3731 2
  20.6642  -30.4212 2
  21.1763  -30.4309 2
  21.7116  -30.4326 2
  22.3909  -30.2864 2
  23.0140  -30.0522 2
  23.5557  -29.7805 2
  24.0628  -29.4445 2
  24.4184  -29.2176 2
  24.7736  -29.0552 2
  25.2693  -28.7702 2
  25.8097  -28.4766 2
  26.2148  -28.3299 2
  26.6410  -27.9593 2
  26.8260  -27.2458 2
  27.2476  -26.4092 2
  27.8940  -25.5979 2
  28.5400  -24.9740 2
  29.0664  -24.5936 2
  29.3630  -24.4958 2
  29.7326  -24.3962 2
  30.1844  -24.3608 2
  30.7474  -24.2950 2
  31.3308  -24.2801 2
  31.8593  -24.3388 2
  32.2215  -24.4145 2
  32.4804  -24.4734 2
  32.7429  -24.3567 2
  32.9598  -24.1181 2
  33.2260  -23.8329 2
  33.6732  -23.2915 2
  34.0989  -22.6787 2
  34.2499  -21.9966 2
  34.5109  -21.5605 2
  34.7638  -21.4450 2
  35.1000  -21.2776 2
  35.3210  -20.5226 2
  35.3136  -20.1214 2
  35.2034  -19.5419 2
  35.0470  -19.0308 2
  34.9393  -18.7210 2
  34.8139  -18.4014 2
  34.7146  -18.1362 2
  34.5972  -17.8763 2
  34.5060  -17.5456 2
  34.4042  -17.0819 2
  34.3314  -16.7816 2
  34.2760  -16.3879 2
  34.2802  -15.7919 2
  34.4674  -15.0391 2
  34.7378  -14.5870 2
  34.9974  -14.2450 2
  35.3258  -13.5128 2
  35.5061  -12.7745 2
  35.5365  -12.3738 2
  35.5109  -12.0978 2
  35.2495  -12.2422 2
  34.9648  -12.2560 2
  34.7284  -12.2698 2
  34.5282  -12.2492 2
  34.3355  -12.1920 2
  34.0992  -12.1347 2
  33.9366  -12.0974 2
  33.7863  -12.0528 2
  33.5580  -11.9776 2
  33.3877  -11.9143 2
  33.2378  -11.8656 2
  33.1050  -11.8282 2
  32.9559  -11.7938 2
  32.7575  -11.7799 2
  32.4618  -11.7501 2
  32.1855  -11.7303 2
  31.8520  -11.7157 2
  31.6779  -11.6808 2
  31.4761  -11.6353 2
  31.2094  -11.5515 2
  30.9961  -11.4508 2
  99.0000   99.0000 3
9999 9999,GPML,nolabel,none,burlywood,oldlace,1,0
 102 4500.0   -inf UN   0   0   0     0
  29.7267    9.2311 3
  29.6126    9.1858 2
  29.5147    9.1362 2
  29.4327    9.0935 2
  29.3211    9.0256 2
  29.0283    9.0526 2
  28.7395    9.2698 2
  28.6398    9.3696 2
  28.5848    9.5249 2
  28.5375    9.6590 2
  28.4886    9.8305 2
  28.4072   10.0318 2
  28.2977   10.2212 2
  28.0821   10.5200 2
  27.9945   10.6620 2
  27.9225   10.8091 2
  27.8712   10.9306 2
  27.7989   11.1529 2
  27.7418   11.3408 2
  27.7000   11.5144 2
  27.6241   11.7052 2
  27.5300   11.9143 2
  27.4314   12.1272 2
  27.3137   12.3693 2
  27.1800   12.5898 2
  27.0175   12.8109 2
  26.6489   13.1604 2
  26.4134   13.3962 2
  25.9982   13.7175 2
  25.5468   14.0355 2
  24.8298   14.5235 2
  24.1122   14.8802 2
  23.7724   14.9261 2
  23.5740   14.9153 2
  23.4229   14.8846 2
  23.0229   14.8595 2
  22.7673   14.7915 2
  22.4264   14.7015 2
  22.1571   14.6049 2
  21.8912   14.5128 2
  21.5818   14.4077 2
  21.2936   14.3340 2
  21.0270   14.2211 2
  20.7779   14.1767 2
  20.5472   14.1443 2
  20.1461   14.0791 2
  19.8091   13.9853 2
  19.2113   13.9970 2
  18.7317   13.9612 2
  18.3728   13.8777 2
  18.0804   13.8046 2
  17.7223   13.7658 2
  17.3051   13.7040 2
  17.0950   13.5950 2
  16.9732   13.3590 2
  16.9035   13.0601 2
  16.4811   12.9534 2
  15.8495   12.9014 2
  15.4906   12.7744 2
  15.1883   12.6320 2
  14.9300   12.4921 2
  14.5518   12.2590 2
  14.2803   12.0260 2
  14.0583   11.8336 2
  13.8913   11.6221 2
  13.8455   11.4423 2
  13.7826   11.2691 2
  13.6585   10.9980 2
  13.5382   10.8011 2
  13.4238   10.5726 2
  13.1805   10.2853 2
  12.9955   10.0336 2
  12.7892    9.7953 2
  12.5783    9.6286 2
  12.2804    9.4245 2
  11.8389    9.1759 2
  11.4515    8.9227 2
  11.1818    8.7069 2
  10.7948    8.3561 2
  10.4725    8.0255 2
  10.2569    7.8036 2
  10.2515    7.5180 2
  10.1143    7.2771 2
   9.8293    7.0963 2
   9.5315    6.8932 2
   9.1750    6.6389 2
   8.7779    6.4032 2
   8.3680    6.1925 2
   7.8925    5.9268 2
   7.2741    5.6927 2
   6.5149    5.6036 2
   6.0262    5.5092 2
   5.3753    5.2909 2
   4.7521    4.9531 2
   4.4957    4.5918 2
   4.4126    4.2955 2
   4.4390    3.9073 2
   4.5746    3.5330 2
   4.9936    3.2691 2
   5.2792    2.9961 2
   5.4172    2.6590 2
   5.6662    2.3477 2
   6.0470    2.1141 2
   6.4740    1.8073 2
   6.8778    1.5321 2
   7.2978    1.5570 2
   7.7443    1.4287 2
   8.0931    1.1110 2
   8.5253    0.9187 2
   8.9751    0.8509 2
   9.5101    0.8692 2
  10.0307    0.9667 2
  10.3549    0.9330 2
   9.9955    0.6956 2
  10.0462    0.4669 2
  10.5820    0.2709 2
  11.0750    0.1626 2
  11.4366    0.0817 2
  11.9556    0.0181 2
  12.5962    0.0290 2
  13.0611    0.0982 2
  13.7401    0.2628 2
  14.3714    0.4960 2
  15.1454    0.6314 2
  15.6378    0.6968 2
  16.0822    0.9941 2
  16.6423    1.3051 2
  16.9993    1.2474 2
  17.4244    1.1609 2
  17.7612    1.0514 2
  18.1843    0.9866 2
  18.6355    0.9983 2
  19.2224    1.0846 2
  19.5883    1.0693 2
  19.8186    1.0241 2
  20.0713    0.9841 2
  20.2760    0.9164 2
  20.5630    0.8138 2
  20.7436    0.7163 2
  20.9038    0.5358 2
  20.9955    0.4286 2
  21.1428    0.2791 2
  21.3845    0.1578 2
  21.7514    0.0334 2
  22.0048   -0.1530 2
  22.1111   -0.2843 2
  22.3205   -0.4147 2
  22.5015   -0.5136 2
  22.6710   -0.6276 2
  22.9109   -0.7553 2
  23.2377   -0.8647 2
  23.4024   -0.9135 2
  23.5151   -1.0015 2
  23.5868   -1.1151 2
  23.8601   -1.1554 2
  24.1020   -1.2521 2
  24.5314   -1.3603 2
  24.8724   -0.8999 2
  25.0977   -0.5893 2
  25.3890   -0.1239 2
  25.6391    0.2575 2
  25.8299    0.6073 2
  25.9827    0.9059 2
  26.1434    1.1825 2
  26.2985    1.4649 2
  26.4640    1.7622 2
  26.5827    1.9723 2
  26.6943    2.1796 2
  26.8213    2.3967 2
  26.9482    2.6145 2
  27.0634    2.8583 2
  27.1655    3.0803 2
  27.2932    3.3371 2
  27.4052    3.5452 2
  27.5199    3.7460 2
  27.6821    4.0003 2
  27.8102    4.2332 2
  27.9188    4.4405 2
  28.0135    4.6656 2
  28.1212    4.9034 2
  28.2443    5.1760 2
  28.3551    5.3965 2
  28.4608    5.6170 2
  28.5924    5.9116 2
  28.7035    6.1422 2
  28.8449    6.3990 2
  28.9962    6.6715 2
  29.3320    6.8922 2
  29.3196    7.0746 2
  29.4177    7.1636 2
  29.4661    7.2704 2
  29.4973    7.3556 2
  29.5364    7.4492 2
  29.5624    7.5426 2
  29.6415    7.6648 2
  29.7016    7.7442 2
  29.7934    7.8483 2
  29.8949    7.9829 2
  29.9258    8.1330 2
  29.9533    8.2145 2
  30.1216    8.3739 2
  30.2946    8.5770 2
  30.4003    8.7249 2
  30.4370    8.7735 2
  30.5959    8.8537 2
  30.6638    8.9233 2
  30.7132    9.0123 2
  30.7408    9.1295 2
  30.7589    9.1952 2
  30.7570    9.2980 2
  30.4070    9.4605 2
  30.2812    9.4292 2
  30.1017    9.3888 2
  29.9031    9.3145 2
  29.7267    9.2311 2
  99.0000   99.0000 3
9999 9999,GPML,nolabel,none,burlywood,oldlace,1,0
 103 4500.0   -inf UN   0   0   0     0
  36.1315    1.5972 3
  38.9891    2.3533 2
  36.1293    1.6022 2
  36.1315    1.5972 2
  99.0000   99.0000 3
9999 9999,GPML,nolabel,none,burlywood,oldlace,1,0
 103 4500.0   -inf UN   0   0   0     0
  38.9891    2.3533 3
  36.1016    1.5720 2
  36.3410    1.1263 2
  36.4884    0.8512 2
  36.6230    0.6098 2
  36.7352    0.3785 2
  36.8076    0.1637 2
  36.8747   -0.1027 2
  36.9285   -0.3311 2
  36.9976   -0.6371 2
  37.0457   -0.8360 2
  37.1045   -1.1263 2
  37.1431   -1.3758 2
  37.1941   -1.7205 2
  37.2257   -2.0533 2
  37.2257   -2.0533 2
  37.2524   -2.3685 2
  37.2460   -2.6204 2
  37.2333   -2.8777 2
  37.2276   -3.2583 2
  37.1917   -3.5703 2
  37.1286   -3.8835 2
  37.0951   -4.1733 2
  37.0302   -4.6063 2
  36.9438   -5.0344 2
  36.8646   -5.2946 2
  36.7826   -5.5878 2
  36.6874   -5.8582 2
  36.5801   -6.1961 2
  36.4658   -6.5632 2
  36.3787   -6.8873 2
  36.3203   -7.0661 2
  36.0955   -7.3040 2
  36.1199   -7.6021 2
  36.1104   -7.7642 2
  36.1232   -8.0229 2
  36.1313   -8.2870 2
  36.1390   -8.5324 2
  36.1398   -8.8450 2
  36.1555   -9.2014 2
  36.2094   -9.5010 2
  36.2802   -9.9618 2
  36.3260  -10.4890 2
  36.3267  -10.9293 2
  36.2695  -11.3521 2
  36.2033  -11.6962 2
  36.1300  -11.9165 2
  36.0184  -12.2310 2
  35.9234  -12.6011 2
  35.8139  -12.9697 2
  35.7783  -13.2240 2
  35.7358  -13.5105 2
  35.6324  -13.7904 2
  35.4823  -14.1391 2
  35.3253  -14.4256 2
  35.3195  -14.7613 2
  35.4726  -15.3090 2
  35.6103  -15.6882 2
  36.1277  -16.1844 2
  36.7308  -16.5497 2
  37.1930  -16.4883 2
  37.5571  -16.2602 2
  37.8667  -16.1005 2
  38.2086  -15.9522 2
  38.4570  -15.8100 2
  38.7770  -15.6165 2
  39.0545  -15.4262 2
  39.3371  -15.2236 2
  39.6925  -14.8462 2
  39.7800  -14.4695 2
  39.6771  -13.8556 2
  39.6861  -13.2800 2
  39.7730  -12.8053 2
  39.9668  -12.3097 2
  40.1379  -11.8485 2
  40.2812  -11.4875 2
  40.4983  -10.9637 2
  40.6802  -10.5065 2
  40.7789  -10.1810 2
  40.9069   -9.8677 2
  41.0360   -9.5527 2
  41.0816   -9.1048 2
  41.1099   -8.6228 2
  41.2149   -8.0747 2
  41.3049   -7.6816 2
  41.4339   -7.3847 2
  41.7333   -7.1458 2
  42.2117   -6.9593 2
  42.8695   -6.9368 2
  43.7910   -7.2408 2
  44.6892   -7.2042 2
  45.0352   -6.7694 2
  45.2705   -6.4256 2
  45.3969   -6.1703 2
  45.4973   -5.8645 2
  45.6325   -5.4747 2
  45.7581   -5.0206 2
  45.8785   -4.6490 2
  45.9782   -4.2124 2
  46.0441   -3.7254 2
  46.0731   -3.2488 2
  46.1062   -2.8156 2
  46.0935   -2.3810 2
  46.0310   -2.0214 2
  45.8518   -1.5701 2
  45.6300   -1.0291 2
  45.4625   -0.6053 2
  45.2733   -0.2264 2
  45.0743    0.1021 2
  44.8829    0.5644 2
  44.6947    0.9844 2
  44.4146    1.5122 2
  44.0525    1.9729 2
  43.8134    2.3647 2
  43.5874    2.6715 2
  43.3665    2.9596 2
  42.8850    3.4828 2
  38.9891    2.3533 2
  99.0000   99.0000 3
9999 9999,GPML,nolabel,none,burlywood,oldlace,1,0
 103 4500.0   -inf UN   0   0   0     0
  35.2654    3.8909 3
  35.3638    3.6078 2
  35.4614    3.2187 2
  35.5587    2.8867 2
  35.6048    2.6744 2
  35.7270    2.3839 2
  35.9038    2.0705 2
  36.0904    1.6127 2
  42.8786    3.5108 2
  42.6154    4.0220 2
  42.3097    4.4949 2
  42.0931    4.7937 2
  41.8690    5.1306 2
  41.6183    5.4994 2
  41.4513    5.7230 2
  41.2626    5.9981 2
  41.0430    6.1580 2
  40.9913    6.3691 2
  40.8675    6.7116 2
  40.6669    7.1297 2
  40.5346    7.4194 2
  40.3788    7.8069 2
  40.2166    8.0998 2
  40.0068    8.3785 2
  39.8240    8.6136 2
  39.6047    8.8584 2
  39.3615    9.1260 2
  39.1473    9.3394 2
  38.7846    9.5415 2
  38.2297    9.8105 2
  37.7767    9.8933 2
  37.4055    9.9223 2
  37.0885    9.9574 2
  36.7457   10.0859 2
  36.3581   10.1613 2
  36.1682    9.7348 2
  36.0055    9.4107 2
  35.8473    9.1063 2
  35.6280    8.7408 2
  35.3886    8.3554 2
  35.0956    7.8719 2
  34.6525    7.3322 2
  34.1672    6.8174 2
  34.2001    6.6536 2
  34.2911    6.4814 2
  34.4426    6.2457 2
  34.5550    5.8228 2
  34.6344    5.5371 2
  34.7098    5.2518 2
  34.8069    4.9398 2
  34.9698    4.5647 2
  35.0975    4.2933 2
  35.1803    4.1115 2
  35.2654    3.8909 2
  99.0000   99.0000 3
9999 9999,GPML,nolabel,none,burlywood,oldlace,1,0
 104 4500.0   -inf UN   0   0   0     0
   2.8248  -43.9023 3
   2.1279  -43.9753 2
   1.2935  -43.8813 2
   0.3515  -43.7943 2
  -0.1544  -43.7221 2
  -0.7191  -43.5894 2
  -1.6889  -43.5132 2
  -2.3991  -43.3961 2
  -3.4447  -43.0533 2
  -4.0881  -43.0392 2
  -4.6879  -42.7678 2
  -5.3232  -42.4561 2
  -5.7254  -42.1287 2
  -6.3099  -41.6762 2
  -6.8077  -42.0169 2
  -7.3623  -42.4604 2
  -7.9603  -42.9295 2
  -8.6018  -43.3867 2
  -9.0821  -43.7308 2
  -9.6680  -44.0435 2
 -10.3294  -44.3717 2
 -11.1082  -44.7193 2
 -11.9166  -45.1818 2
 -12.8854  -45.5441 2
 -13.3889  -45.5733 2
 -14.1933  -45.5745 2
 -14.9129  -45.5408 2
 -15.4505  -45.2288 2
 -16.1646  -45.5314 2
 -16.8270  -45.3244 2
 -17.5631  -45.4742 2
 -17.1913  -46.1473 2
 -16.5383  -46.7786 2
 -16.0821  -47.3478 2
 -15.6899  -47.5580 2
 -15.1371  -47.7997 2
 -14.7209  -48.2088 2
 -14.0932  -48.7281 2
 -13.1882  -48.9757 2
 -12.5878  -49.1229 2
 -12.0045  -49.3091 2
 -11.4720  -49.4157 2
 -10.8973  -49.5861 2
 -10.3407  -49.7031 2
  -9.7282  -49.8754 2
  -9.1292  -49.9718 2
  -8.3975  -50.0564 2
  -7.8329  -50.0273 2
  -6.9703  -50.1015 2
  -6.2842  -49.9857 2
  -5.6918  -50.0661 2
  -4.9733  -49.7466 2
  -4.4588  -49.3432 2
  -4.1586  -48.9773 2
  -4.2347  -48.3583 2
  -3.7389  -48.1013 2
  -3.4871  -47.6371 2
  -2.9658  -47.2492 2
  -2.2800  -47.0200 2
  -1.3723  -46.9022 2
  -0.7953  -46.7471 2
  -0.2466  -46.5131 2
   0.1895  -46.2887 2
   0.6880  -46.0306 2
   1.2501  -45.9149 2
   1.9212  -45.6697 2
   2.4665  -45.3991 2
   3.2015  -45.3048 2
   3.7322  -45.2342 2
   4.1787  -44.9903 2
   4.2798  -45.3127 2
   4.9889  -44.9595 2
   5.6607  -44.5805 2
   6.0891  -44.3431 2
   6.5108  -44.0405 2
   7.1503  -43.6510 2
   7.5394  -43.3716 2
   7.7866  -43.0669 2
   7.4576  -43.0037 2
   7.1610  -42.9126 2
   6.7177  -43.0110 2
   6.1630  -43.2556 2
   5.5814  -43.4698 2
   5.1508  -43.5988 2
   4.3811  -43.7053 2
   3.7261  -43.7942 2
   2.8248  -43.9023 2
  99.0000   99.0000 3
9999 9999,GPML,nolabel,none,burlywood,oldlace,1,0
 105 4500.0   -inf UN   0   0   0     0
  -4.9137  -49.0210 3
  -4.5511  -49.3938 2
  -3.9991  -49.7078 2
  -3.2955  -49.5084 2
  -2.8314  -49.4897 2
  -1.9850  -49.2383 2
  -1.4704  -49.0460 2
  -1.1269  -48.6256 2
  -0.5626  -48.3411 2
   0.1075  -48.0917 2
   0.6693  -48.1630 2
   1.3250  -48.0595 2
   1.8713  -47.9096 2
   2.3379  -47.7622 2
   2.9099  -47.3669 2
   2.9453  -46.8128 2
   3.4133  -46.4341 2
   4.0149  -46.0045 2
   4.7566  -45.4954 2
   5.4707  -45.0087 2
   5.9254  -44.6818 2
   6.5544  -44.4246 2
   7.2795  -44.2150 2
   7.8147  -44.2537 2
   8.2026  -44.3567 2
   8.5770  -44.4719 2
   9.3197  -44.6039 2
   9.9343  -44.1436 2
  10.3834  -43.8303 2
  10.8178  -43.5849 2
  11.2095  -43.5092 2
  11.8042  -43.1256 2
  12.4151  -42.7944 2
  12.8850  -42.1887 2
  12.3406  -42.2530 2
  11.7283  -42.4683 2
  11.3095  -42.5808 2
  10.7005  -42.7178 2
   9.6626  -43.0251 2
   8.9180  -43.1529 2
   8.4222  -43.1582 2
   8.0533  -43.1278 2
   7.3731  -43.0067 2
   6.8821  -42.8994 2
   6.4237  -42.9580 2
   5.6955  -43.1915 2
   4.8882  -43.4932 2
   4.2858  -43.7130 2
   3.7366  -44.0222 2
   3.4603  -44.2983 2
   3.0453  -44.5354 2
   2.3705  -44.8567 2
   1.9209  -45.1142 2
   1.4713  -45.3069 2
   0.7655  -45.6162 2
   0.0253  -45.8970 2
  -0.4832  -46.3604 2
  -1.1753  -46.4801 2
  -1.8191  -46.6824 2
  -2.6007  -47.1173 2
  -3.3253  -47.4887 2
  -3.8862  -47.6645 2
  -4.3034  -47.8221 2
  -4.6722  -47.9315 2
  -5.0492  -48.0388 2
  -5.0964  -48.5189 2
  -4.9137  -49.0210 2
  99.0000   99.0000 3
9999 9999,GPML,nolabel,none,burlywood,oldlace,1,0
 106 4500.0   -inf UN   0   0   0     0
  32.1592    5.4938 3
  31.9344    5.6114 2
  31.8106    5.8434 2
  31.7184    6.0339 2
  31.5927    6.2507 2
  31.4743    6.4595 2
  31.3073    6.7786 2
  31.1782    7.0153 2
  31.0689    7.2373 2
  31.0087    7.3683 2
  30.9482    7.4990 2
  30.9182    7.6560 2
  30.8931    7.7562 2
  30.9687    7.8324 2
  30.8293    7.8747 2
  30.8178    7.9880 2
  30.7993    8.1323 2
  30.7661    8.3596 2
  30.7183    8.5156 2
  30.6844    8.6420 2
  30.6798    8.7213 2
  30.6770    8.8704 2
  30.6925    8.9358 2
  30.7150    9.0334 2
  30.4814    9.1501 2
  30.1485    8.9213 2
  30.0006    8.6432 2
  29.8623    8.3812 2
  29.7540    8.1463 2
  29.6260    7.8463 2
  29.5230    7.6216 2
  29.4148    7.3969 2
  29.2949    7.1194 2
  29.1901    6.8773 2
  29.0979    6.6482 2
  28.9918    6.4370 2
  28.8664    6.1996 2
  28.7071    5.9401 2
  28.5947    5.7354 2
  28.4850    5.5234 2
  28.3602    5.2619 2
  28.2605    5.0361 2
  28.1480    4.7880 2
  28.0236    4.5661 2
  27.8988    4.3449 2
  27.7895    4.1338 2
  27.6731    3.9199 2
  27.5107    3.6172 2
  27.3586    3.3297 2
  27.2008    3.0481 2
  27.0510    2.7443 2
  26.8638    2.3885 2
  26.6174    1.9999 2
  26.3308    1.5262 2
  26.1085    1.2097 2
  25.7719    0.7406 2
  25.5213    0.3614 2
  25.2065   -0.0071 2
  24.9521   -0.3460 2
  24.6480   -0.7950 2
  24.2962   -1.2928 2
  23.8837   -1.8197 2
  23.5459   -2.2621 2
  23.7398   -2.4811 2
  23.9255   -2.6730 2
  24.1036   -2.8835 2
  24.2935   -3.0979 2
  24.5473   -3.3688 2
  24.7740   -3.6086 2
  24.9783   -3.8085 2
  25.1706   -4.0154 2
  25.3303   -4.1821 2
  25.4744   -4.3229 2
  25.6673   -4.4850 2
  25.8574   -4.6371 2
  26.0285   -4.8160 2
  26.2728   -5.0178 2
  26.5075   -5.2075 2
  26.6924   -5.3733 2
  26.8216   -5.4793 2
  26.9557   -5.5836 2
  27.1115   -5.7223 2
  27.2516   -5.8230 2
  27.3792   -5.9194 2
  27.5503   -6.0691 2
  27.7418   -6.2279 2
  27.8865   -6.3559 2
  28.0380   -6.5156 2
  28.1805   -6.6738 2
  28.3129   -6.8138 2
  28.4279   -6.9350 2
  28.5906   -7.1109 2
  28.8310   -7.3716 2
  29.0307   -7.6109 2
  29.2058   -7.8280 2
  29.3252   -7.9381 2
  29.5037   -8.0731 2
  29.7184   -8.2528 2
  30.0109   -8.4564 2
  30.2631   -8.6067 2
  30.4209   -8.6603 2
  30.6488   -8.6972 2
  30.9249   -8.7026 2
  31.1301   -8.6890 2
  31.3061   -8.6729 2
  31.6325   -8.5911 2
  31.9044   -8.5303 2
  32.1972   -8.4729 2
  32.3923   -8.4283 2
  32.5439   -8.4177 2
  32.6803   -8.4146 2
  32.8357   -8.4171 2
  33.0137   -8.4276 2
  33.2504   -8.4319 2
  33.4052   -8.4298 2
  33.5703   -8.4168 2
  33.8109   -8.4006 2
  34.0094   -8.3972 2
  34.2073   -8.3559 2
  34.4332   -8.2702 2
  34.7057   -8.1693 2
  34.9285   -7.9496 2
  34.8734   -7.4084 2
  34.7699   -7.0005 2
  34.6429   -6.5084 2
  34.5721   -6.2116 2
  34.4659   -5.8155 2
  34.3468   -5.3909 2
  34.2550   -5.1412 2
  34.1328   -4.8499 2
  34.0692   -4.6782 2
  33.9291   -4.3499 2
  33.7942   -4.0893 2
  33.6782   -3.8713 2
  33.5894   -3.7303 2
  33.4615   -3.5237 2
  33.3712   -3.3804 2
  33.2329   -3.2140 2
  33.2924   -2.6480 2
  33.3586   -2.1399 2
  33.2128   -1.8972 2
  33.0617   -1.6765 2
  32.9417   -1.4063 2
  32.8621   -1.2159 2
  32.8049   -1.0658 2
  32.7402   -0.8084 2
  32.6602   -0.6650 2
  32.5833   -0.5274 2
  32.5353   -0.3854 2
  32.4754   -0.1892 2
  32.3982    0.0274 2
  32.3271    0.2220 2
  32.2530    0.3409 2
  32.2018    0.4207 2
  32.1747    0.5908 2
  32.1681    0.7498 2
  32.2795    1.1571 2
  32.3559    1.5073 2
  32.3568    1.7080 2
  32.3547    1.9529 2
  32.5046    2.3486 2
  32.4392    2.3643 2
  32.4108    2.4516 2
  32.4247    2.7079 2
  32.4316    2.9609 2
  32.4233    3.1005 2
  32.3972    3.2947 2
  32.3484    3.5064 2
  32.2934    3.7343 2
  32.2714    3.8865 2
  32.2597    4.0592 2
  32.3434    4.4992 2
  32.2932    4.5504 2
  32.2701    4.6325 2
  32.2636    4.6963 2
  32.2683    4.8015 2
  32.2540    4.9236 2
  32.2358    5.0171 2
  32.2266    5.0940 2
  32.2060    5.2210 2
  32.1910    5.2855 2
  32.1698    5.3847 2
  32.1592    5.4938 2
  99.0000   99.0000 3
9999 9999,GPML,nolabel,none,burlywood,oldlace,1,0
 108  300.0   -inf UN   0   0   0     0
  -4.3301    2.4996 3
  -4.3742    2.0351 2
  -4.3436    1.5786 2
  -4.4012    1.1348 2
  -4.4423    0.6791 2
  -4.4478    0.1818 2
  -4.5029   -0.2939 2
  -4.5499   -0.8384 2
  -4.7655   -1.4389 2
  -5.0495   -2.0387 2
  -5.3192   -2.6277 2
  -5.5404   -3.0596 2
  -5.7072   -3.4867 2
  -5.7386   -4.2032 2
  -5.7488   -4.7734 2
  -5.8404   -5.3663 2
  -6.2834   -6.3388 2
  -6.5461   -7.0639 2
  -6.6566   -7.5545 2
  -6.7698   -8.0929 2
  -6.9339   -8.6921 2
  -7.0170   -9.5487 2
  -6.7998  -10.1505 2
  -6.2192   -9.8113 2
  -5.7275   -9.1687 2
  -5.2123   -8.5913 2
  -4.7637   -8.2636 2
  -4.2375   -7.7625 2
  -3.8303   -7.3317 2
  -3.5746   -6.8205 2
  -3.3926   -6.3725 2
  -3.0548   -5.6700 2
  -2.7877   -5.0725 2
  -2.4456   -4.5035 2
  -2.0235   -3.6588 2
  -1.8886   -3.0698 2
  -1.8845   -2.6693 2
  -1.9064   -2.1510 2
  -1.8638   -1.6172 2
  -1.8996   -1.2368 2
  -1.9489   -0.7211 2
  -1.9490   -0.3255 2
  -1.9365   -0.0204 2
  -1.8832    0.2479 2
  -1.7697    0.5866 2
  -1.6142    0.9960 2
  -1.4151    1.3610 2
  -1.2362    1.7140 2
  -1.0787    2.1333 2
  -0.8887    2.5513 2
  -0.6509    2.9155 2
  -0.2549    3.3469 2
   0.1223    3.7623 2
   0.5107    4.1680 2
   0.6846    4.6422 2
   0.8238    4.9813 2
   0.9331    5.2442 2
   1.0438    5.5270 2
   1.1165    5.7690 2
   1.1815    6.1003 2
   0.6479    6.2037 2
  -0.0047    6.2939 2
  -0.8435    6.5529 2
  -1.4350    6.8128 2
  -1.7253    6.4739 2
  -2.1339    6.0481 2
  -2.5604    5.4990 2
  -3.0039    5.0324 2
  -3.3588    4.6402 2
  -3.7594    4.0546 2
  -3.9705    3.6427 2
  -4.1300    3.2764 2
  -4.2410    2.9258 2
  -4.3301    2.4996 2
  99.0000   99.0000 3
9999 9999,GPML,nolabel,none,burlywood,oldlace,1,0
 109  300.0   -inf UN   0   0   0     0
 -14.6474  -19.4523 3
 -15.3780  -19.8357 2
 -16.0602  -20.1032 2
 -16.7065  -20.3308 2
 -17.2751  -20.5163 2
 -17.7834  -20.7163 2
 -18.4464  -21.0997 2
 -18.8745  -21.5270 2
 -19.2868  -22.2579 2
 -19.3348  -23.1053 2
 -19.0880  -23.9922 2
 -18.7147  -24.5719 2
 -18.4167  -25.0839 2
 -17.8502  -25.1778 2
 -17.4108  -25.1501 2
 -16.9226  -25.0749 2
 -16.5127  -24.9682 2
 -15.8920  -24.8167 2
 -14.9607  -24.7015 2
 -14.1726  -24.7327 2
 -13.5867  -24.8179 2
 -13.0120  -25.0146 2
 -12.5094  -25.3931 2
 -12.2368  -25.8170 2
 -12.1777  -26.1348 2
 -11.7869  -26.3292 2
 -11.2102  -26.5334 2
 -10.7602  -26.6678 2
 -10.3597  -26.9115 2
 -10.0280  -27.1331 2
  -9.5226  -27.5814 2
  -8.9764  -28.0337 2
  -9.1759  -27.2347 2
  -9.4683  -26.5858 2
  -9.7580  -25.8911 2
  -9.9749  -25.1537 2
 -10.1175  -24.4537 2
 -10.2709  -23.7419 2
 -10.3665  -23.0231 2
 -10.4353  -22.3817 2
 -10.4545  -21.8039 2
 -10.5014  -21.1048 2
 -10.4072  -20.4434 2
 -10.2956  -19.7902 2
 -10.1461  -19.1452 2
 -10.0142  -18.6303 2
  -9.8092  -17.9553 2
  -9.5571  -17.2913 2
  -9.3076  -16.7632 2
  -9.0352  -16.4302 2
  -8.8334  -16.0528 2
  -8.5752  -15.5495 2
  -8.3318  -15.0581 2
  -8.0910  -14.5052 2
  -7.6504  -13.6210 2
  -7.4622  -13.0074 2
  -7.3210  -12.5178 2
  -7.1989  -12.0355 2
  -7.1297  -11.4576 2
  -7.0985  -10.7385 2
  -7.0596  -10.1681 2
  -7.0836   -9.8422 2
  -7.6594  -10.1690 2
  -8.6308  -10.5751 2
  -9.0678  -11.1558 2
  -9.3666  -11.5232 2
  -9.9890  -12.1400 2
 -10.4114  -12.5077 2
 -10.7551  -12.7872 2
 -11.2620  -13.1029 2
 -11.6198  -13.5070 2
 -11.9292  -13.9243 2
 -12.1798  -14.3810 2
 -12.4370  -15.1011 2
 -12.6821  -15.8237 2
 -12.8465  -16.3575 2
 -12.9935  -16.8309 2
 -13.1454  -17.3118 2
 -13.3622  -17.8871 2
 -13.6454  -18.4306 2
 -14.0022  -18.8957 2
 -14.6474  -19.4523 2
  99.0000   99.0000 3
9999 9999,GPML,nolabel,none,burlywood,oldlace,1,0
 123 4500.0   -inf UN   0   0   0     0
  27.0740  -32.3751 3
  26.4284  -32.6085 2
  25.9165  -32.8293 2
  25.3811  -33.0152 2
  25.0288  -33.2705 2
  24.6372  -33.5180 2
  24.1462  -33.8554 2
  23.5763  -34.2799 2
  22.9615  -34.7554 2
  22.5723  -35.2745 2
  22.8233  -35.4038 2
  23.1393  -35.4364 2
  23.5198  -35.4046 2
  24.0717  -35.2826 2
  24.5782  -35.0073 2
  25.1942  -34.6261 2
  25.6223  -34.3553 2
  25.9388  -34.2192 2
  26.2506  -33.9779 2
  26.5337  -33.6230 2
  26.8021  -33.0287 2
  27.0740  -32.3751 2
  99.0000   99.0000 3
9999 9999,GPML,nolabel,none,burlywood,oldlace,1,0
 123 4500.0   -inf UN   0   0   0     0
  27.0740  -32.3751 3
  27.5002  -32.4400 2
  27.9996  -32.0982 2
  27.6387  -31.9846 2
  27.0740  -32.3751 2
  99.0000   99.0000 3
9999 9999,GPML,nolabel,none,burlywood,oldlace,1,0
 124 4500.0   -inf UN   0   0   0     0
  35.3248  -25.5078 3
  34.8936  -26.0788 2
  34.6359  -26.3806 2
  34.4260  -26.6328 2
  34.1670  -26.7627 2
  33.9066  -26.7133 2
  33.5424  -26.6509 2
  33.0125  -26.6126 2
  32.4299  -26.6510 2
  31.8691  -26.7403 2
  31.4186  -26.7938 2
  31.0520  -26.9094 2
  30.7583  -27.0201 2
  30.2431  -27.4267 2
  29.6150  -28.0846 2
  28.9916  -28.9321 2
  28.5931  -29.7969 2
  28.4274  -30.5281 2
  28.0113  -30.9189 2
  27.6102  -31.0815 2
  27.0778  -31.3973 2
  26.5898  -31.7027 2
  26.2389  -31.8789 2
  25.8894  -32.1204 2
  25.3912  -32.4771 2
  24.8567  -32.7693 2
  24.2397  -33.0257 2
  23.5644  -33.1942 2
  23.0293  -33.2083 2
  22.5171  -33.2134 2
  21.8387  -33.1845 2
  21.3178  -33.1543 2
  20.7575  -33.1520 2
  20.2491  -33.1678 2
  19.8801  -33.1545 2
  19.3231  -33.2110 2
  18.7893  -33.3756 2
  18.3563  -33.6088 2
  17.6679  -33.9453 2
  17.1182  -34.1719 2
  16.5889  -34.3773 2
  16.0294  -34.5787 2
  15.3915  -34.7320 2
  14.5864  -34.9953 2
  13.7500  -35.1398 2
  12.9281  -35.4447 2
  13.0456  -35.7078 2
  13.3045  -36.1485 2
  13.8236  -36.4695 2
  14.2412  -36.7393 2
  14.5311  -36.9641 2
  15.1199  -37.2606 2
  15.4426  -37.6097 2
  15.7089  -37.8547 2
  16.0399  -38.1794 2
  16.3324  -38.4474 2
  16.6981  -38.6185 2
  17.2150  -38.6694 2
  17.5955  -38.6040 2
  18.0445  -38.3202 2
  18.5046  -37.6470 2
  19.1055  -37.0034 2
  19.4615  -36.6511 2
  19.7793  -36.3601 2
  20.1356  -35.9993 2
  20.6252  -35.5919 2
  21.2186  -35.2610 2
  21.8758  -34.9928 2
  22.3726  -34.9185 2
  22.9970  -34.7909 2
  23.4939  -34.5308 2
  23.8297  -34.2369 2
  24.3151  -33.8351 2
  24.8248  -33.5961 2
  25.4299  -33.2481 2
  25.9816  -32.9737 2
  26.4305  -32.8007 2
  26.9823  -32.5359 2
  27.3503  -32.3283 2
  27.8816  -32.0890 2
  28.1312  -32.1197 2
  28.5996  -31.6634 2
  29.2824  -31.2975 2
  29.9125  -30.9752 2
  30.4505  -30.7270 2
  30.8759  -30.5516 2
  31.2640  -30.3600 2
  31.8207  -30.2793 2
  32.3600  -30.1582 2
  33.0327  -30.0534 2
  33.6509  -29.7678 2
  33.9875  -29.9659 2
  34.6053  -29.5497 2
  34.9934  -29.4644 2
  35.2954  -29.3568 2
  35.7104  -29.2614 2
  36.1398  -29.1036 2
  36.7490  -28.9735 2
  37.2028  -28.8450 2
  37.4738  -28.7956 2
  37.8492  -28.6892 2
  38.2483  -28.6052 2
  38.6504  -28.5282 2
  39.0457  -28.4854 2
  39.4164  -28.2657 2
  39.3439  -27.7637 2
  39.1328  -27.2364 2
  38.8302  -27.2372 2
  38.4468  -26.9132 2
  38.2116  -26.6305 2
  37.9853  -26.3528 2
  37.7416  -26.0277 2
  37.5570  -25.7750 2
  37.3363  -25.4146 2
  37.1157  -25.0990 2
  36.8237  -24.7446 2
  36.6213  -24.2225 2
  36.6905  -23.3907 2
  36.3595  -23.5769 2
  36.1103  -23.7061 2
  35.8626  -24.1624 2
  35.7321  -24.8644 2
  35.3248  -25.5078 2
  99.0000   99.0000 3
9999 9999,GPML,nolabel,none,burlywood,oldlace,1,0
 131 4500.0   -inf UN   0   0   0     0
   4.5370  -43.4486 3
   4.1689  -43.8603 2
   4.6494  -44.3068 2
   5.0116  -44.8062 2
   5.0703  -45.5309 2
   5.5622  -45.1126 2
   6.1962  -44.7755 2
   6.9278  -44.5803 2
   7.5392  -44.4838 2
   8.2980  -44.4438 2
   9.1235  -44.2918 2
   9.8001  -44.1195 2
  10.4480  -44.0881 2
  10.8271  -44.3677 2
  11.2956  -44.6471 2
  11.8856  -44.5993 2
  12.0636  -43.9654 2
  12.0718  -43.3600 2
  12.0440  -42.8716 2
  12.0027  -42.1581 2
  11.9187  -41.3350 2
  11.8438  -40.8181 2
  11.7804  -40.3623 2
  11.6548  -39.9339 2
  11.5339  -39.4716 2
  11.4170  -38.9117 2
  11.4411  -38.3087 2
  11.6279  -37.7509 2
  12.1056  -37.3114 2
  12.5235  -36.9271 2
  12.2375  -36.5499 2
  11.6817  -36.1960 2
  11.3111  -36.5497 2
  10.8447  -37.1166 2
  10.4611  -37.5358 2
  10.0816  -37.9041 2
   9.7394  -38.2729 2
   9.3519  -38.6584 2
   8.9433  -39.0778 2
   8.4586  -39.5723 2
   8.0982  -40.1015 2
   7.6802  -40.5418 2
   7.3115  -40.8398 2
   6.7949  -41.3742 2
   6.4377  -41.7472 2
   6.1042  -42.1122 2
   5.6020  -42.5378 2
   4.9845  -43.0235 2
   4.5370  -43.4486 2
  99.0000   99.0000 3
9999 9999,GPML,nolabel,none,burlywood,oldlace,1,0
 132 4500.0   -inf UN   0   0   0     0
   4.5127  -43.5724 3
   3.9005  -43.8602 2
   4.2710  -44.2075 2
   5.0422  -44.2815 2
   5.8486  -44.3019 2
   6.2705  -44.5294 2
   6.6081  -44.8582 2
   6.9652  -44.4351 2
   7.4012  -43.9962 2
   8.0054  -43.4915 2
   8.4958  -43.0499 2
   8.8192  -42.6736 2
   9.1657  -42.2886 2
   9.6671  -41.7363 2
  10.0271  -41.4257 2
  10.4322  -40.9703 2
  10.7771  -40.4270 2
  11.2469  -39.9145 2
  11.6427  -39.4796 2
  12.0185  -39.0792 2
  12.3493  -38.6969 2
  12.7173  -38.3138 2
  13.0877  -37.8789 2
  13.5361  -37.2922 2
  13.8953  -36.9232 2
  13.6218  -36.6782 2
  13.2240  -36.3791 2
  12.7286  -36.0215 2
  12.4176  -36.6224 2
  11.7508  -36.9617 2
  11.0338  -36.7698 2
  10.3161  -36.4564 2
   9.7851  -36.4494 2
   9.0269  -37.0615 2
   8.6809  -37.4272 2
   8.3849  -37.9161 2
   8.1659  -38.3507 2
   7.8604  -38.8530 2
   7.3065  -39.4886 2
   7.0243  -40.2068 2
   7.0057  -40.9374 2
   6.6010  -41.5357 2
   6.0923  -42.0685 2
   5.7904  -42.4257 2
   5.3368  -42.8687 2
   4.9223  -43.2795 2
   4.5127  -43.5724 2
  99.0000   99.0000 3
9999 9999,GPML,nolabel,none,burlywood,oldlace,1,0
 133 4500.0   -inf UN   0   0   0     0
   0.3205  -42.3299 3
   0.5502  -42.6450 2
   0.9195  -43.0152 2
   1.3434  -43.3999 2
   2.1747  -43.9903 2
   3.0341  -43.9440 2
   3.6648  -44.0081 2
   4.3410  -44.2651 2
   5.0370  -44.6081 2
   5.6283  -44.2789 2
   6.0171  -43.9581 2
   6.4028  -43.5191 2
   6.8252  -43.0451 2
   7.1020  -42.6672 2
   7.5731  -42.0993 2
   7.9359  -41.4730 2
   7.9043  -40.7413 2
   8.1364  -40.0036 2
   8.6450  -39.3293 2
   8.9151  -38.8056 2
   9.1034  -38.3558 2
   9.3648  -37.8461 2
   9.6845  -37.4560 2
  10.3983  -36.7899 2
  10.9285  -36.7588 2
  11.6662  -37.0202 2
  12.3947  -37.1600 2
  13.0362  -36.7721 2
  13.3045  -36.1485 2
  13.0456  -35.7078 2
  12.9281  -35.4447 2
  12.4114  -35.6669 2
  11.7949  -35.8469 2
  11.1971  -35.9558 2
  10.7157  -35.9919 2
  10.0259  -35.9925 2
   9.2648  -36.0132 2
   8.4847  -36.1104 2
   7.5399  -36.3774 2
   6.6221  -36.6834 2
   5.8310  -36.9810 2
   4.8689  -37.4755 2
   4.0847  -37.9493 2
   3.4104  -38.3959 2
   2.9991  -38.7383 2
   2.5898  -39.2852 2
   2.2343  -39.9815 2
   2.0563  -40.5945 2
   1.7806  -41.1746 2
   1.3120  -41.6901 2
   0.7327  -42.1344 2
   0.3205  -42.3299 2
  99.0000   99.0000 3
9999 9999,GPML,nolabel,none,burlywood,oldlace,1,0
 134 4500.0   -inf UN   0   0   0     0
  -1.1459  -39.6507 3
  -1.5079  -39.2733 2
  -1.7313  -38.9536 2
  -2.0702  -38.8866 2
  -2.4880  -38.7753 2
  -2.9449  -38.5316 2
  -3.4453  -38.1770 2
  -4.0107  -38.0955 2
  -4.6203  -38.2028 2
  -5.3948  -38.6067 2
  -6.6348  -39.4771 2
  -7.4208  -39.8300 2
  -8.4365  -40.1953 2
  -7.5724  -40.8830 2
  -6.9453  -41.2393 2
  -6.0601  -41.6453 2
  -5.5747  -41.9645 2
  -5.1238  -42.2060 2
  -4.2677  -42.6100 2
  -3.5151  -42.9830 2
  -2.8348  -43.1516 2
  -1.9505  -43.3564 2
  -1.3044  -43.4956 2
  -0.5444  -43.6574 2
  -0.0957  -43.6830 2
   0.5237  -43.6805 2
   1.1280  -43.6410 2
   1.5780  -43.7003 2
   1.8261  -43.8865 2
   2.1139  -44.0577 2
   2.7219  -43.8927 2
   3.3596  -43.8276 2
   4.2158  -43.7340 2
   4.9787  -43.6874 2
   5.4374  -43.7438 2
   5.8871  -43.9688 2
   6.5170  -44.2541 2
   6.7190  -43.7820 2
   6.6060  -43.0617 2
   6.2072  -42.5899 2
   5.6942  -42.1803 2
   5.3407  -41.8694 2
   4.9082  -41.6635 2
   4.1018  -41.6833 2
   3.3279  -41.6477 2
   2.9407  -41.3194 2
   2.2512  -40.9643 2
   1.5799  -40.6952 2
   0.9505  -40.6193 2
   0.0904  -40.6494 2
  -0.7295  -40.0435 2
  -1.1459  -39.6507 2
  99.0000   99.0000 3
9999 9999,GPML,nolabel,none,burlywood,oldlace,1,0
 201  300.0   -inf UN   0   0   0     0
 -26.8627  -56.0473 3
 -26.7237  -56.0594 2
 -26.5789  -56.0729 2
 -26.4341  -56.0864 2
 -26.2683  -56.1010 2
 -26.0654  -56.1217 2
 -25.1129  -56.2441 2
 -24.1172  -56.3063 2
 -23.2636  -56.3417 2
 -22.3409  -56.2837 2
 -21.5759  -56.2171 2
 -20.8006  -56.0732 2
 -20.0125  -55.9086 2
 -19.3145  -55.8275 2
 -18.6606  -55.6802 2
 -18.1662  -55.2030 2
 -17.6666  -54.9509 2
 -17.0330  -54.6500 2
 -16.4046  -54.2003 2
 -15.9358  -53.7495 2
 -15.6082  -53.4472 2
 -15.2458  -53.1227 2
 -14.6508  -52.7830 2
 -14.1566  -52.3753 2
 -13.6331  -51.8531 2
 -13.0482  -51.0853 2
 -12.6095  -50.4394 2
 -12.2473  -49.6321 2
 -12.2612  -48.8842 2
 -12.4932  -48.2960 2
 -12.6475  -47.8484 2
 -12.7510  -47.2285 2
 -12.8777  -46.6102 2
 -13.0014  -45.7565 2
 -13.0843  -44.9329 2
 -13.0984  -44.2358 2
 -13.0339  -43.1618 2
 -12.6206  -42.3562 2
 -12.1502  -41.8439 2
 -11.7147  -41.2698 2
 -11.2466  -40.6867 2
 -10.7851  -40.1043 2
 -10.5277  -39.3378 2
 -10.3922  -38.5085 2
 -10.2297  -37.7963 2
  -9.9913  -36.8800 2
  -9.7948  -36.0238 2
  -9.9398  -35.2413 2
 -10.1358  -34.6599 2
 -10.5057  -33.8821 2
 -10.6695  -33.1373 2
 -10.7478  -32.5942 2
 -10.6840  -32.1731 2
 -10.7898  -31.4575 2
 -10.5771  -30.7579 2
 -10.4230  -30.2361 2
 -10.7019  -29.7929 2
 -10.9516  -29.3632 2
 -11.3321  -29.0115 2
 -11.6432  -28.4981 2
 -12.1043  -28.0684 2
 -12.6338  -27.4818 2
 -13.0604  -27.3263 2
 -13.8038  -27.4020 2
 -14.4165  -27.2912 2
 -15.4189  -26.9650 2
 -16.2873  -26.5032 2
 -16.8804  -25.9745 2
 -17.5784  -25.1681 2
 -18.1422  -24.3259 2
 -18.3183  -23.7346 2
 -18.5618  -23.0849 2
 -18.9566  -22.8549 2
 -19.3617  -22.3152 2
 -19.8760  -21.7087 2
 -20.4187  -21.2936 2
 -21.1261  -20.8821 2
 -21.8212  -20.4689 2
 -22.5179  -20.0869 2
 -23.4708  -19.5005 2
 -24.2322  -19.0802 2
 -24.7274  -18.8019 2
 -25.3377  -18.4429 2
 -25.9707  -18.0602 2
 -26.6642  -17.5713 2
 -27.5625  -16.6415 2
 -28.1962  -16.4926 2
 -28.6838  -16.1368 2
 -29.0551  -15.8625 2
 -29.5270  -15.5405 2
 -30.0210  -15.2505 2
 -30.5718  -14.9056 2
 -31.2551  -14.4127 2
 -31.6996  -13.8167 2
 -31.9939  -12.8765 2
 -32.4016  -11.7688 2
 -32.7539  -11.1031 2
 -33.5362  -10.3194 2
 -34.1970   -9.7655 2
 -34.7186   -9.4150 2
 -35.1316   -9.0479 2
 -35.4543   -8.5829 2
 -35.9213   -7.6717 2
 -36.3648   -6.9652 2
 -36.9245   -6.6621 2
 -37.7185   -6.6800 2
 -38.2248   -6.7860 2
 -38.8637   -6.9875 2
 -39.6330   -7.2942 2
 -40.1490   -7.6518 2
 -40.9050   -8.4893 2
 -41.3492   -9.1896 2
 -41.6971   -9.7958 2
 -42.0220  -10.7007 2
 -42.3351  -11.4640 2
 -42.7438  -12.2373 2
 -43.3675  -13.4499 2
 -43.8429  -14.2918 2
 -44.1966  -14.7273 2
 -44.6058  -15.0865 2
 -45.1109  -15.1734 2
 -45.7696  -15.2150 2
 -46.4687  -14.8231 2
 -46.8229  -15.3980 2
 -47.4376  -15.4695 2
 -47.9029  -15.3812 2
 -48.4545  -15.4291 2
 -49.3740  -16.2682 2
 -49.8162  -17.1363 2
 -49.2126  -17.6266 2
 -49.2220  -18.4120 2
 -49.5905  -19.0879 2
 -50.2011  -19.9460 2
 -50.9705  -20.8343 2
 -51.3484  -21.3163 2
 -51.6290  -21.9030 2
 -51.9214  -22.8003 2
 -52.0629  -23.5711 2
 -52.0730  -24.3259 2
 -51.8965  -25.2452 2
 -51.7678  -26.2092 2
 -51.6759  -27.2648 2
 -51.8589  -28.0638 2
 -52.1064  -29.0314 2
 -52.2175  -30.0465 2
 -52.3771  -30.8842 2
 -52.5914  -31.7787 2
 -52.8032  -32.7380 2
 -53.0566  -33.5679 2
 -53.4816  -34.3634 2
 -53.7573  -35.4706 2
 -53.4002  -35.9818 2
 -53.0159  -36.6525 2
 -52.6247  -37.2399 2
 -52.3402  -37.6959 2
 -51.9306  -38.3163 2
 -51.4767  -38.9621 2
 -50.8677  -39.7726 2
 -50.3781  -40.4901 2
 -49.8887  -41.1919 2
 -49.3353  -41.8321 2
 -48.7628  -42.4472 2
 -48.3720  -42.8846 2
 -47.8559  -43.4744 2
 -47.2494  -44.1046 2
 -46.6815  -44.7050 2
 -46.0721  -45.2249 2
 -45.6152  -45.6346 2
 -45.2621  -45.9238 2
 -44.6154  -46.4348 2
 -43.9477  -47.0169 2
 -43.4671  -47.4121 2
 -42.9385  -47.7353 2
 -42.2342  -48.2409 2
 -41.5391  -48.7439 2
 -40.9794  -49.1593 2
 -40.5275  -49.4468 2
 -39.8140  -49.7712 2
 -39.1731  -49.9886 2
 -38.3793  -50.4054 2
 -37.6451  -50.9528 2
 -36.9155  -51.5412 2
 -36.1763  -51.9991 2
 -35.3931  -52.3320 2
 -34.7941  -52.6308 2
 -34.3429  -53.0438 2
 -33.7497  -53.2008 2
 -32.9610  -53.2961 2
 -32.4137  -53.5600 2
 -32.0312  -53.7724 2
 -31.3665  -54.2004 2
 -30.7167  -54.6539 2
 -30.1579  -55.1425 2
 -29.5848  -55.3372 2
 -28.6553  -55.5750 2
 -28.1209  -55.6869 2
 -27.5633  -55.7512 2
 -27.3221  -55.8881 2
 -27.0794  -56.0324 2
 -26.8627  -56.0473 2
  99.0000   99.0000 3
9999 9999,GPML,nolabel,none,burlywood,oldlace,1,0
 201  300.0   -inf UN   0   0   0     0
 -20.2258  -55.3106 3
 -19.9579  -55.2576 2
 -21.0003  -55.4982 2
 -20.2258  -55.3106 2
  99.0000   99.0000 3
9999 9999,GPML,nolabel,none,burlywood,oldlace,1,0
 202  300.0   -inf UN   0   0   0     0
 -57.7256  -51.8713 3
 -57.7825  -52.7120 2
 -57.2716  -52.7061 2
 -56.6784  -52.9900 2
 -56.1660  -53.2703 2
 -55.7076  -53.5681 2
 -55.0585  -54.1021 2
 -54.1870  -54.9642 2
 -53.5710  -55.5299 2
 -53.0342  -56.0816 2
 -52.6609  -56.4396 2
 -52.2908  -56.8586 2
 -51.6597  -57.4693 2
 -50.8878  -58.1207 2
 -50.3186  -58.6148 2
 -49.6776  -59.0999 2
 -48.8902  -59.5680 2
 -48.1697  -59.9006 2
 -47.1726  -59.3125 2
 -46.3616  -58.8559 2
 -45.4324  -58.5112 2
 -44.7106  -58.3927 2
 -43.9828  -58.2704 2
 -43.2911  -58.0435 2
 -42.4407  -57.8543 2
 -41.8718  -57.7373 2
 -41.1774  -57.5392 2
 -40.3265  -57.4085 2
 -39.1241  -57.6177 2
 -38.7695  -57.2686 2
 -38.2236  -56.7348 2
 -37.7935  -56.2234 2
 -37.3931  -55.9372 2
 -36.8416  -55.3398 2
 -36.2398  -54.9896 2
 -35.7692  -54.4920 2
 -35.0890  -53.8003 2
 -34.4628  -53.2864 2
 -34.9034  -52.8562 2
 -35.4946  -52.5345 2
 -36.2690  -52.1713 2
 -36.9963  -51.6843 2
 -37.7107  -51.0665 2
 -38.4307  -50.4890 2
 -39.2136  -50.0391 2
 -39.8486  -49.7945 2
 -40.5535  -49.4393 2
 -40.9979  -49.1319 2
 -41.5468  -48.6917 2
 -42.2288  -48.1573 2
 -42.9199  -47.6192 2
 -43.4400  -47.2712 2
 -43.9103  -46.8533 2
 -44.5630  -46.2391 2
 -45.1963  -45.6965 2
 -45.5419  -45.3897 2
 -45.9882  -44.9571 2
 -46.5841  -44.4063 2
 -47.1365  -43.7768 2
 -47.7267  -43.1151 2
 -48.2276  -42.4983 2
 -48.6072  -42.0402 2
 -49.1638  -41.3942 2
 -49.7008  -40.7240 2
 -50.1723  -39.9960 2
 -50.6436  -39.2521 2
 -51.2321  -38.4080 2
 -51.6695  -37.7372 2
 -52.0635  -37.0943 2
 -52.3365  -36.6227 2
 -52.7129  -36.0135 2
 -53.0804  -35.3221 2
 -53.4247  -34.7906 2
 -53.6904  -35.1222 2
 -53.8937  -35.6864 2
 -54.3327  -36.2354 2
 -54.6307  -37.2719 2
 -55.0396  -38.4906 2
 -55.3492  -39.6380 2
 -55.5754  -40.6130 2
 -56.2170  -42.2108 2
 -56.5529  -43.5387 2
 -56.8663  -45.4498 2
 -57.1906  -47.5488 2
 -57.4442  -49.2394 2
 -57.6155  -50.6251 2
 -57.7256  -51.8713 2
  99.0000   99.0000 3
9999 9999,GPML,nolabel,none,burlywood,oldlace,1,0
 203  300.0   -inf UN   0   0   0     0
 -10.4897  -35.4509 3
 -10.8326  -34.9487 2
 -10.8541  -34.3901 2
 -11.0541  -33.8703 2
 -11.5367  -33.4537 2
 -11.5833  -33.8784 2
 -11.4829  -34.4192 2
 -11.2888  -35.1585 2
 -10.8872  -35.9217 2
 -10.6673  -36.4957 2
 -10.4900  -37.2731 2
 -10.6507  -38.1388 2
 -10.8507  -39.0664 2
 -10.9831  -39.7865 2
 -11.0836  -40.6224 2
 -11.3084  -41.4009 2
 -11.7448  -42.0041 2
 -12.1878  -42.6084 2
 -12.5984  -43.2023 2
 -13.0466  -43.7360 2
 -13.4252  -44.5608 2
 -13.4437  -45.6382 2
 -13.3998  -46.3350 2
 -13.2815  -47.1550 2
 -13.1213  -48.0032 2
 -12.9680  -48.6158 2
 -12.8380  -49.2308 2
 -12.6645  -49.6713 2
 -12.4074  -50.2488 2
 -12.0268  -49.9299 2
 -11.7568  -49.2337 2
 -11.6314  -48.7035 2
 -11.4376  -48.2887 2
 -11.0139  -47.6815 2
 -10.4263  -47.1208 2
  -9.9101  -46.8471 2
  -9.4317  -46.6174 2
  -8.7574  -46.4033 2
  -8.3246  -45.8682 2
  -8.0835  -45.4503 2
  -7.7920  -45.0150 2
  -7.4777  -44.7193 2
  -7.2175  -44.4677 2
  -7.2721  -43.8850 2
  -7.2004  -43.3567 2
  -7.0459  -42.8051 2
  -6.9915  -42.2470 2
  -6.9290  -41.4108 2
  -6.9468  -40.3115 2
  -7.0240  -39.5239 2
  -7.1394  -38.7713 2
  -7.3471  -37.5386 2
  -7.5595  -36.7043 2
  -7.8577  -36.2913 2
  -8.5345  -36.0568 2
  -9.2840  -36.0391 2
 -10.0844  -35.7368 2
 -10.4897  -35.4509 2
  99.0000   99.0000 3
9999 9999,GPML,nolabel,none,burlywood,oldlace,1,0
 204 4500.0   -inf UN   0   0   0     0
 -17.7066  -47.4464 3
 -18.2466  -47.5824 2
 -18.2579  -48.0582 2
 -18.1444  -48.5346 2
 -17.8432  -49.2583 2
 -17.7685  -49.8588 2
 -17.5287  -50.4326 2
 -17.6675  -50.9999 2
 -17.3171  -51.6162 2
 -17.0688  -52.3813 2
 -16.8903  -52.8519 2
 -16.5127  -53.6037 2
 -15.9851  -54.1728 2
 -15.5298  -54.6617 2
 -15.1604  -55.1566 2
 -14.3917  -55.3255 2
 -13.7047  -54.8205 2
 -13.2268  -54.3887 2
 -13.0031  -53.9140 2
 -12.6599  -53.5494 2
 -12.2075  -53.1910 2
 -11.8338  -52.9612 2
 -11.4258  -52.7696 2
 -10.8065  -52.5045 2
 -10.1344  -52.2071 2
  -9.5072  -51.9874 2
  -9.0314  -51.8877 2
  -8.2449  -51.7973 2
  -7.7906  -51.5866 2
  -7.3950  -51.4152 2
  -6.8521  -51.1674 2
  -6.2608  -50.9067 2
  -5.5550  -50.6214 2
  -4.9588  -50.3177 2
  -5.6290  -50.0770 2
  -6.4986  -49.8886 2
  -7.1467  -49.5243 2
  -7.7371  -49.8287 2
  -8.4882  -49.8670 2
  -9.4285  -49.7270 2
 -10.2102  -49.6314 2
 -10.7892  -49.5152 2
 -11.3669  -49.2878 2
 -11.8282  -48.9284 2
 -12.4657  -48.6340 2
 -13.0364  -48.5052 2
 -13.5544  -48.3718 2
 -14.0767  -48.2264 2
 -14.9494  -47.9413 2
 -15.6722  -47.9143 2
 -16.3157  -47.7052 2
 -16.8256  -47.5433 2
 -17.2907  -47.4228 2
 -17.7066  -47.4464 2
  99.0000   99.0000 3
9999 9999,GPML,nolabel,none,burlywood,oldlace,1,0
 205  300.0   -inf UN   0   0   0     0
  -8.7748  -34.8766 3
  -7.8250  -34.9120 2
  -7.0825  -34.7916 2
  -6.5284  -34.4249 2
  -6.0273  -33.8636 2
  -5.5643  -33.2262 2
  -5.5385  -32.6098 2
  -5.6574  -32.0959 2
  -5.8340  -31.4850 2
  -6.2159  -31.0003 2
  -6.6033  -30.3917 2
  -6.6427  -29.8413 2
  -6.6246  -29.2957 2
  -6.6634  -28.7965 2
  -6.8739  -28.3299 2
  -7.4092  -27.9745 2
  -7.9759  -27.7405 2
  -8.5197  -27.5157 2
  -9.1075  -27.1807 2
  -9.6152  -26.7481 2
 -10.0521  -26.3263 2
 -10.5771  -26.2110 2
 -11.0444  -26.3163 2
 -11.3724  -26.6293 2
 -11.4409  -27.1558 2
 -11.5802  -27.6721 2
 -12.0075  -28.1057 2
 -12.5893  -28.7152 2
 -12.3379  -29.3932 2
 -12.0159  -30.1638 2
 -11.6075  -31.0229 2
 -11.2411  -32.0035 2
 -11.0103  -32.7394 2
 -10.8831  -33.2930 2
 -10.9053  -33.8626 2
 -11.2460  -34.3513 2
 -10.7488  -34.6562 2
 -10.1501  -34.8173 2
  -9.5621  -34.8682 2
  -8.7748  -34.8766 2
  99.0000   99.0000 3
9999 9999,GPML,nolabel,none,burlywood,oldlace,1,0
 290  300.0   -inf UN   0   0   0     0
 -58.3204  -56.9984 3
 -58.4193  -57.8707 2
 -57.9191  -58.1508 2
 -57.4202  -58.7746 2
 -56.9836  -59.2843 2
 -56.4570  -59.7149 2
 -55.8827  -60.2510 2
 -55.4194  -60.6082 2
 -54.9964  -60.8894 2
 -54.5149  -61.0958 2
 -52.7479  -61.1840 2
 -52.1772  -61.1504 2
 -51.5464  -60.9955 2
 -51.1332  -60.9533 2
 -50.6092  -60.8843 2
 -50.0723  -60.7703 2
 -49.4437  -60.5343 2
 -48.4227  -60.0606 2
 -47.5469  -59.4817 2
 -48.2616  -59.1254 2
 -49.0407  -58.6322 2
 -49.6732  -58.1277 2
 -50.2340  -57.6170 2
 -50.9946  -56.9424 2
 -51.6154  -56.3137 2
 -51.9784  -55.8850 2
 -52.3457  -55.5161 2
 -52.8733  -54.9493 2
 -53.4799  -54.3649 2
 -54.3373  -53.4770 2
 -54.9777  -52.9215 2
 -55.4312  -52.6066 2
 -55.9390  -52.3060 2
 -56.5275  -51.9972 2
 -57.0383  -51.9758 2
 -57.1813  -52.7970 2
 -57.3358  -53.5841 2
 -57.7465  -54.6818 2
 -58.0895  -55.9119 2
 -58.3204  -56.9984 2
  99.0000   99.0000 3
9999 9999,GPML,nolabel,none,burlywood,oldlace,1,0
 291  300.0   -inf UN   0   0   0     0
 -50.0227  -75.8207 3
 -49.8545  -75.5796 2
 -49.7206  -75.4116 2
 -49.5173  -75.1771 2
 -49.2849  -74.9394 2
 -48.8839  -74.2173 2
 -48.4585  -73.4687 2
 -47.9202  -72.6098 2
 -47.4213  -71.7232 2
 -47.0299  -70.5018 2
 -46.7806  -69.4445 2
 -46.3211  -68.4042 2
 -46.0527  -67.5129 2
 -45.7149  -66.6154 2
 -45.2541  -65.6280 2
 -44.7129  -64.6514 2
 -44.1233  -63.6921 2
 -43.4681  -62.9005 2
 -42.9814  -62.3297 2
 -42.4437  -61.8430 2
 -41.8109  -61.2475 2
 -41.2052  -60.4448 2
 -40.6294  -59.6828 2
 -39.9213  -58.6448 2
 -39.4590  -57.9758 2
 -39.1355  -57.5149 2
 -38.7273  -57.1026 2
 -38.2028  -56.5280 2
 -39.4018  -56.2916 2
 -40.2545  -56.3988 2
 -40.9518  -56.5759 2
 -41.5223  -56.6760 2
 -42.3754  -56.8389 2
 -43.0703  -57.0428 2
 -43.7998  -57.1422 2
 -44.5233  -57.2373 2
 -45.4574  -57.5477 2
 -46.2752  -57.9709 2
 -47.2810  -58.5157 2
 -48.1559  -59.0949 2
 -49.1761  -59.5700 2
 -49.8043  -59.8071 2
 -50.3409  -59.9226 2
 -50.8648  -59.9933 2
 -51.2780  -60.0369 2
 -51.9085  -60.1934 2
 -52.4792  -60.2293 2
 -54.2463  -60.1495 2
 -54.7281  -59.9468 2
 -55.1516  -59.6695 2
 -55.6155  -59.3171 2
 -56.1907  -58.7878 2
 -56.7180  -58.3632 2
 -57.1555  -57.8597 2
 -57.6555  -57.2435 2
 -58.1562  -56.9687 2
 -58.3317  -58.3977 2
 -58.4488  -60.0726 2
 -58.5281  -61.1211 2
 -58.5987  -61.9745 2
 -58.7576  -63.1879 2
 -59.0729  -64.2864 2
 -59.5118  -65.6285 2
 -59.8209  -66.5074 2
 -60.3672  -68.0523 2
 -60.8777  -69.1627 2
 -61.4487  -69.6966 2
 -62.0456  -69.6879 2
 -62.3665  -69.6055 2
 -62.7306  -69.4281 2
 -63.1224  -69.2597 2
 -63.6491  -68.7148 2
 -64.0676  -68.1908 2
 -64.4965  -67.6313 2
 -64.7926  -67.2578 2
 -65.1267  -66.8789 2
 -65.4653  -66.4574 2
 -65.8572  -66.0572 2
 -66.2587  -65.6109 2
 -66.7184  -65.1587 2
 -67.1184  -64.5549 2
 -67.5677  -63.8850 2
 -68.0655  -63.2240 2
 -68.4653  -62.5051 2
 -69.0074  -61.4604 2
 -69.5967  -60.2599 2
 -70.0307  -59.2135 2
 -70.3404  -58.4822 2
 -70.6806  -57.5794 2
 -71.1193  -56.4845 2
 -71.4936  -55.7290 2
 -72.0959  -54.2823 2
 -72.6146  -52.7203 2
 -72.9835  -52.1054 2
 -73.3252  -53.8303 2
 -73.4179  -55.5097 2
 -73.4573  -57.3951 2
 -73.3813  -59.9771 2
 -73.2064  -61.8335 2
 -73.0594  -63.3783 2
 -72.7769  -64.2630 2
 -72.2475  -64.6433 2
 -71.8844  -65.4887 2
 -71.5853  -66.1496 2
 -71.2627  -66.9664 2
 -70.8725  -67.7897 2
 -70.4383  -68.6943 2
 -70.0635  -69.5186 2
 -69.6378  -70.3871 2
 -69.2455  -71.1120 2
 -68.8534  -71.8986 2
 -68.4753  -72.7539 2
 -68.0606  -74.0042 2
 -67.8524  -75.1056 2
 -67.6795  -76.4037 2
 -67.4490  -77.6909 2
 -67.2933  -79.2298 2
 -67.1845  -80.1507 2
 -66.9882  -81.1360 2
 -66.8441  -81.9612 2
 -66.5558  -82.3143 2
 -66.2333  -82.7315 2
 -65.9359  -83.2334 2
 -65.5985  -83.6021 2
 -65.2961  -83.9086 2
 -65.0506  -84.1849 2
 -64.5851  -84.6618 2
 -64.2108  -85.0957 2
 -63.7647  -85.5410 2
 -63.4667  -85.9612 2
 -63.2486  -86.4236 2
 -62.8158  -87.3526 2
 -62.4850  -88.2558 2
 -62.4373  -89.3893 2
 -62.5289  -90.3767 2
 -62.4592  -91.0072 2
 -62.3278  -91.9787 2
 -61.9257  -92.3395 2
 -61.4705  -92.4948 2
 -61.0372  -92.5222 2
 -60.2654  -93.0647 2
 -59.8640  -92.6587 2
 -59.4172  -92.6208 2
 -58.7432  -91.8289 2
 -58.1161  -91.8722 2
 -57.6752  -91.6523 2
 -57.0698  -91.1756 2
 -56.2420  -89.5932 2
 -55.7736  -88.6335 2
 -55.4228  -87.9500 2
 -54.9886  -87.0861 2
 -54.5113  -86.1203 2
 -54.1014  -85.2737 2
 -53.4222  -83.8357 2
 -52.9377  -82.7101 2
 -52.5975  -81.7876 2
 -52.2973  -80.8410 2
 -51.8265  -80.0491 2
 -51.5643  -79.5114 2
 -51.1931  -78.6919 2
 -50.7169  -77.6625 2
 -50.3609  -76.7280 2
 -50.2581  -76.4871 2
 -50.1794  -76.3071 2
 -50.1244  -76.0906 2
 -50.0227  -75.8207 2
  99.0000   99.0000 3
9999 9999,GPML,nolabel,none,burlywood,oldlace,1,0
 301 4500.0   -inf UN   0   0   0     0
  36.4535   18.6592 3
  36.5207   18.9438 2
  36.6392   18.9937 2
  36.7695   19.0887 2
  36.9160   19.1747 2
  37.0760   19.2684 2
  37.2280   19.4174 2
  37.3634   19.5723 2
  37.5096   19.7605 2
  37.6941   20.0146 2
  37.8131   20.2101 2
  37.9213   20.5118 2
  37.9786   20.7952 2
  38.0480   21.0703 2
  38.0673   21.4398 2
  37.9134   22.0258 2
  37.7335   22.2068 2
  37.6259   22.2386 2
  37.3973   22.3768 2
  37.1392   22.4976 2
  36.8984   22.5267 2
  36.6774   22.5473 2
  36.4865   22.5959 2
  36.0880   22.6566 2
  35.7903   22.7250 2
  35.5717   22.7998 2
  35.3844   22.8516 2
  35.1453   22.9668 2
  34.7980   23.1508 2
  34.5131   23.2989 2
  34.1941   23.5059 2
  33.8505   23.6961 2
  33.5103   23.9236 2
  33.2192   24.1417 2
  32.9262   24.3151 2
  32.6964   24.5989 2
  32.5381   25.1526 2
  32.4942   25.6125 2
  32.5225   26.0349 2
  32.6818   26.5302 2
  32.8737   26.9308 2
  33.0164   27.2482 2
  33.1916   27.5443 2
  33.3639   27.8397 2
  33.5955   28.2388 2
  34.0109   29.0320 2
  34.1154   29.3255 2
  34.2442   29.7795 2
  34.3038   30.2473 2
  34.3452   30.7784 2
  34.3575   31.4386 2
  34.0692   32.2361 2
  33.8488   32.4835 2
  33.6041   32.6970 2
  33.2746   32.9063 2
  32.8927   33.1264 2
  32.5719   33.4556 2
  32.3599   33.4441 2
  32.1072   33.4336 2
  31.4678   33.6999 2
  30.9117   34.0140 2
  30.3418   34.4167 2
  29.9867   34.8352 2
  29.6474   35.2932 2
  29.1827   35.9988 2
  28.7459   36.8034 2
  28.3688   37.3319 2
  27.9531   38.0342 2
  27.6551   38.6796 2
  27.3380   39.3044 2
  26.8740   40.1621 2
  26.3493   40.9286 2
  25.7990   41.5111 2
  25.3692   41.8263 2
  24.8602   42.0650 2
  24.3746   42.2196 2
  23.8886   42.3218 2
  23.4013   42.5145 2
  22.9007   42.8965 2
  22.2377   43.4236 2
  21.5744   44.2016 2
  21.1707   44.6812 2
  20.6959   45.1572 2
  20.1386   45.5383 2
  19.6400   45.7572 2
  19.1529   45.8456 2
  18.6315   45.7781 2
  18.1331   45.6876 2
  17.4971   45.3775 2
  16.9017   44.9696 2
  16.3249   44.5268 2
  15.6564   44.0455 2
  14.9597   43.6324 2
  14.1659   43.3515 2
  13.4019   43.2439 2
  12.4347   43.1300 2
  11.6082   43.0898 2
  10.8142   43.1114 2
  10.0537   43.0888 2
   9.3390   42.9706 2
   8.6969   42.8229 2
   8.0675   42.6132 2
   7.7503   42.3086 2
   7.4438   41.8576 2
   7.1354   41.2972 2
   6.9440   40.7781 2
   6.6847   40.3563 2
   6.6218   39.8724 2
   6.6639   39.3705 2
   6.6606   38.7374 2
   6.5225   37.9191 2
   6.3179   37.2380 2
   5.8194   36.7210 2
   5.3819   36.3397 2
   5.0724   36.0956 2
   4.8312   35.8814 2
   4.3691   35.4706 2
   3.8663   34.7885 2
   3.5380   34.0556 2
   3.3825   33.5113 2
   3.3130   33.1640 2
   3.3697   32.5359 2
   3.5176   31.8816 2
   3.6383   31.4201 2
   3.8549   30.8524 2
   4.3441   30.3207 2
   4.8230   29.6837 2
   5.1613   29.1893 2
   5.4606   28.4751 2
   5.6158   27.8129 2
   5.6943   27.4165 2
   5.6906   27.0339 2
   5.9784   26.5076 2
   6.1918   26.0554 2
   6.4224   25.4752 2
   6.5516   24.8916 2
   6.6376   24.5330 2
   6.9888   23.9066 2
   7.2117   23.2783 2
   7.4072   22.5466 2
   7.5408   21.9968 2
   7.6266   21.4657 2
   7.7067   20.7794 2
   7.7397   20.2105 2
   7.7298   19.9342 2
   7.7582   19.5586 2
   7.7644   19.0277 2
   7.6925   18.4169 2
   7.6141   17.8694 2
   7.5866   17.5761 2
   7.6086   17.0840 2
   7.6030   16.6766 2
   7.6147   16.0807 2
   7.6618   15.3093 2
   7.7336   14.5406 2
   7.8620   13.8972 2
   7.9644   13.4072 2
   8.0843   12.9394 2
   8.0701   12.6245 2
   9.2192   12.6848 2
   9.9070   12.7201 2
  10.4506   12.7308 2
  11.2951   12.7955 2
  12.2425   12.8666 2
  12.9404   12.8755 2
  13.6450   12.9533 2
  14.1261   13.0646 2
  14.9371   13.0584 2
  15.6989   13.1757 2
  16.4424   13.0165 2
  16.9561   12.8929 2
  17.6833   12.8554 2
  18.1564   12.9846 2
  18.5379   13.1539 2
  19.0038   13.3495 2
  19.2897   13.4932 2
  19.4904   13.6009 2
  19.9610   13.8301 2
  20.5684   14.0115 2
  20.7651   14.1998 2
  20.9921   14.4068 2
  21.3061   14.5757 2
  21.5089   14.7529 2
  21.8648   14.9674 2
  22.1655   15.1630 2
  22.4531   15.3607 2
  22.7311   15.5126 2
  23.0159   15.5077 2
  23.3020   15.5725 2
  23.6691   15.6010 2
  24.2588   15.5590 2
  24.8765   15.4649 2
  25.2974   15.3978 2
  25.5898   15.3427 2
  26.2220   15.1181 2
  26.0050   15.3759 2
  26.0947   15.5996 2
  26.1393   15.8418 2
  26.1795   16.1050 2
  26.3071   16.2357 2
  26.4152   16.4182 2
  26.5231   16.6961 2
  26.6246   16.8779 2
  26.8414   17.2298 2
  26.9778   17.4541 2
  27.1082   17.6855 2
  27.2170   17.8643 2
  27.3845   18.0800 2
  27.4753   18.1901 2
  27.5837   18.3783 2
  27.7543   18.6217 2
  27.9891   18.9283 2
  28.1305   19.1139 2
  28.4573   19.4225 2
  28.6448   19.5799 2
  28.8659   19.8001 2
  29.0548   19.9092 2
  29.3012   20.0563 2
  29.4775   20.1949 2
  29.6810   20.2925 2
  29.9376   20.4572 2
  30.3107   20.5000 2
  30.6804   20.5146 2
  31.0058   20.5353 2
  31.3941   20.5432 2
  31.8080   20.4031 2
  32.1403   20.2910 2
  32.4294   20.2522 2
  32.6919   20.0780 2
  32.8991   20.0132 2
  33.1648   19.8599 2
  33.3828   19.7288 2
  33.6725   19.5606 2
  33.9917   19.3464 2
  34.3806   19.0860 2
  34.6660   18.9304 2
  34.9762   18.7953 2
  35.2296   18.7445 2
  35.4114   18.7406 2
  35.6929   18.6876 2
  35.9971   18.7253 2
  36.2209   18.6851 2
  36.4535   18.6592 2
  99.0000   99.0000 3
9999 9999,GPML,nolabel,none,burlywood,oldlace,1,0
 310  140.0   -inf UN   0   0   0     0
  39.5492   15.2696 3
  39.7160   15.0047 2
  39.8012   15.0248 2
  39.9831   15.2613 2
  39.7985   15.5484 2
  39.6707   15.5472 2
  39.5492   15.2696 2
  99.0000   99.0000 3
9999 9999,GPML,nolabel,none,burlywood,oldlace,1,0
 310  140.0   -inf UN   0   0   0     0
  39.5492   15.2696 3
  39.3202   15.5475 2
  39.1480   15.6325 2
  38.9840   15.6236 2
  38.8012   15.3834 2
  38.5720   15.3428 2
  38.4255   15.0979 2
  38.2291   14.8826 2
  38.0030   14.6605 2
  37.8629   14.4792 2
  37.6486   14.3349 2
  37.5130   14.1787 2
  37.3195   14.1724 2
  37.1391   14.0817 2
  37.0035   13.8263 2
  36.8827   13.6115 2
  37.1219   13.4618 2
  37.3399   13.4937 2
  37.4991   13.4708 2
  37.7415   13.5124 2
  37.8765   13.5185 2
  38.0182   13.5621 2
  38.1725   13.5955 2
  38.3027   13.6241 2
  38.4521   13.7186 2
  38.5848   13.8160 2
  38.6964   13.9036 2
  38.7480   14.0386 2
  38.7972   14.1870 2
  38.8316   14.3634 2
  38.8707   14.5177 2
  38.9275   14.6872 2
  38.9972   14.7646 2
  39.1060   14.8286 2
  39.3112   14.8809 2
  39.4668   14.9441 2
  39.5492   15.2696 2
  99.0000   99.0000 3
9999 9999,GPML,nolabel,none,burlywood,oldlace,1,0
 303 4500.0   -inf UN   0   0   0     0
   5.6699    6.5021 3
   5.5771    6.0924 2
   5.9185    6.2848 2
   6.3391    6.6117 2
   6.7674    6.8830 2
   7.3179    7.0296 2
   7.9608    6.9103 2
   8.5952    6.8283 2
   9.2099    6.9288 2
   9.2729    7.1695 2
   9.4428    7.4142 2
   9.6207    7.6392 2
   9.8227    7.8506 2
  10.1584    8.0701 2
  10.5909    8.3891 2
  10.7825    8.7074 2
  11.0059    9.0969 2
  11.3660    9.5330 2
  11.7245    9.8914 2
  12.1940   10.2644 2
  12.4822   10.6556 2
  12.7158   10.9064 2
  12.9262   11.0891 2
  13.2610   11.4238 2
  13.5450   11.7594 2
  13.5961   12.1327 2
  13.0411   12.0849 2
  12.5514   11.8887 2
  12.0465   11.6735 2
  11.7119   11.4745 2
  11.3915   11.2966 2
  10.9629   11.1030 2
  10.5000   10.8687 2
  10.1562   10.6731 2
   9.7989   10.4782 2
   9.3283   10.1700 2
   8.8855    9.8291 2
   8.5228    9.6133 2
   7.9938    9.3435 2
   7.5214    9.0783 2
   7.1037    8.7313 2
   6.8950    8.4801 2
   6.7116    8.2458 2
   6.5055    7.9950 2
   6.2502    7.6453 2
   6.0751    7.3298 2
   5.9495    7.0842 2
   5.8042    6.7990 2
   5.6699    6.5021 2
  99.0000   99.0000 3
9999 9999,GPML,nolabel,none,burlywood,oldlace,1,0
 304  300.0   -inf UN   0   0   0     0
  -3.9821   12.8322 3
  -4.3113   13.4282 2
  -4.3316   13.9325 2
  -4.7174   14.1705 2
  -5.0780   14.5905 2
  -5.4270   14.9899 2
  -5.7512   15.2643 2
  -6.1126   15.7012 2
  -6.4209   16.1931 2
  -6.8258   16.6527 2
  -7.0459   16.8869 2
  -7.3419   17.2067 2
  -7.6650   16.7991 2
  -7.9955   16.4794 2
  -8.0723   16.0976 2
  -8.1202   15.6472 2
  -8.1443   15.1747 2
  -8.4891   14.5628 2
  -8.8072   14.0089 2
  -8.8565   13.6387 2
  -9.3237   13.3682 2
  -9.7621   13.2781 2
 -10.2170   12.8453 2
 -10.4518   12.2993 2
 -10.4798   11.7061 2
 -10.5660   11.0839 2
 -10.6698   10.4411 2
 -10.4497    9.8555 2
 -10.0652    9.1456 2
  -9.9408    8.5555 2
 -10.2735    8.2584 2
  -9.9114    7.8182 2
  -9.7187    7.3026 2
  -9.3833    7.1783 2
  -8.8826    7.1673 2
  -8.4559    7.0222 2
  -8.2368    6.7095 2
  -7.9864    6.2146 2
  -7.7565    5.8460 2
  -7.3714    5.7580 2
  -6.5178    6.1323 2
  -5.9998    6.1821 2
  -5.3508    6.3656 2
  -4.9967    6.9307 2
  -4.5495    7.3472 2
  -4.2358    7.6866 2
  -3.7406    8.0309 2
  -3.2950    8.2760 2
  -2.8342    8.5159 2
  -2.1524    9.0024 2
  -2.0502    9.4053 2
  -2.0926   10.0119 2
  -2.1588   10.5699 2
  -2.3810   10.8708 2
  -2.6117   11.1696 2
  -2.8762   11.5871 2
  -3.2123   11.9812 2
  -3.4555   12.3511 2
  -3.9821   12.8322 2
  99.0000   99.0000 3
9999 9999,GPML,nolabel,none,burlywood,oldlace,1,0
 305  300.0   -inf UN   0   0   0     0
   6.1679   23.5346 3
   6.3498   24.1414 2
   6.6376   24.5330 2
   6.5516   24.8916 2
   6.4224   25.4752 2
   6.1918   26.0554 2
   5.9784   26.5076 2
   5.6906   27.0339 2
   5.4078   26.8074 2
   5.1113   26.3593 2
   4.7496   25.7187 2
   4.4064   25.2517 2
   4.0802   24.9221 2
   3.6054   24.6320 2
   3.1247   24.3220 2
   2.7399   24.0664 2
   2.4654   23.5822 2
   2.0227   22.9216 2
   1.7748   22.3614 2
   1.6022   22.0085 2
   1.4316   21.5590 2
   1.2933   21.1697 2
   1.0277   20.7186 2
   0.7905   20.3431 2
   0.3989   19.8384 2
  -0.2258   19.1488 2
  -0.7593   18.7317 2
  -1.1478   18.4763 2
  -1.6943   18.1902 2
  -2.3327   18.2882 2
  -3.1877   18.9004 2
  -3.5030   19.5327 2
  -4.1458   19.1982 2
  -4.4004   18.8673 2
  -4.5829   18.5083 2
  -4.7437   18.0947 2
  -4.8431   17.7531 2
  -5.0139   17.3950 2
  -5.4113   17.0186 2
  -5.3552   16.5864 2
  -5.3115   16.2679 2
  -5.2478   15.6584 2
  -5.2816   15.0789 2
  -5.2405   14.5128 2
  -5.1357   14.1005 2
  -5.0831   13.5718 2
  -5.0330   13.0195 2
  -4.8569   12.6007 2
  -4.0656   12.5124 2
  -3.7074   12.0607 2
  -3.3973   11.5817 2
  -2.9825   11.0091 2
  -2.8802   10.4994 2
  -2.5745   10.0048 2
  -2.2389    9.7616 2
  -1.7238    9.5514 2
  -1.4752    9.0540 2
  -1.2839    8.3884 2
  -1.0210    7.7382 2
  -0.8492    7.2134 2
  -0.7011    6.7889 2
  -0.5071    6.5294 2
  -0.2742    6.8436 2
  -0.0345    7.2033 2
   0.1286    7.6142 2
   0.2677    8.0677 2
   0.4861    8.6124 2
   0.6792    9.2275 2
   0.8176    9.6735 2
   0.9534   10.1250 2
   1.1698   10.6460 2
   1.3539   11.2756 2
   1.5021   11.7050 2
   1.6443   12.2202 2
   1.7393   12.7195 2
   1.6930   13.0549 2
   1.3449   13.5889 2
   1.0904   14.0589 2
   0.8899   14.7593 2
   0.7735   15.4355 2
   0.7518   15.9608 2
   0.8443   16.6595 2
   1.0401   17.1516 2
   1.2307   17.4837 2
   1.5357   17.8069 2
   1.9753   18.0597 2
   2.6038   18.3967 2
   3.0937   18.5924 2
   3.6740   18.9476 2
   4.3052   19.4390 2
   4.7386   19.8948 2
   5.1622   20.4136 2
   5.4473   20.8948 2
   5.6756   21.2838 2
   5.8515   21.8171 2
   6.0103   22.3655 2
   6.0675   22.9419 2
   6.1679   23.5346 2
  99.0000   99.0000 3
9999 9999,GPML,nolabel,none,burlywood,oldlace,1,0
 306  300.0   -inf UN   0   0   0     0
  -5.4702   16.2627 3
  -5.0557   16.0861 2
  -4.5794   16.4411 2
  -4.3019   17.2037 2
  -3.9681   18.1209 2
  -4.2074   18.6842 2
  -3.8692   19.2555 2
  -3.7102   20.0402 2
  -4.1773   20.5961 2
  -4.5577   20.2027 2
  -4.6774   19.8190 2
  -4.8643   19.2635 2
  -5.2145   18.7984 2
  -5.4676   18.2998 2
  -5.7065   17.6971 2
  -5.9845   17.0447 2
  -5.8453   16.6277 2
  -5.4702   16.2627 2
  99.0000   99.0000 3
9999 9999,GPML,nolabel,none,burlywood,oldlace,1,0
 307  300.0   -inf UN   0   0   0     0
 -15.0249   24.9540 3
 -15.6945   25.0651 2
 -16.2725   25.0684 2
 -16.7187   24.9155 2
 -17.2719   24.7153 2
 -17.7086   24.7025 2
 -18.1809   24.7883 2
 -18.8583   24.8161 2
 -19.3932   24.8143 2
 -19.9419   24.7592 2
 -20.4701   24.7843 2
 -21.0584   24.7904 2
 -21.4351   24.6633 2
 -21.8009   24.4361 2
 -22.1802   24.4786 2
 -22.6281   24.4096 2
 -22.9002   24.5083 2
 -23.2183   24.5941 2
 -23.7926   24.7600 2
 -24.1719   24.2542 2
 -23.6094   23.6549 2
 -23.0224   23.4241 2
 -22.6431   22.9604 2
 -22.8634   22.2553 2
 -22.6004   21.7854 2
 -22.1020   21.3728 2
 -21.4103   21.3967 2
 -20.9272   21.3121 2
 -20.2871   21.5623 2
 -19.7085   21.7560 2
 -19.0849   21.9948 2
 -18.5865   22.2129 2
 -18.1549   22.4231 2
 -17.6116   22.6979 2
 -16.9306   23.0012 2
 -16.4432   23.2067 2
 -16.0118   23.2181 2
 -15.6392   22.8718 2
 -15.6096   22.3897 2
 -15.9368   22.1688 2
 -16.3532   22.1365 2
 -16.9741   22.1346 2
 -17.5848   22.1216 2
 -18.2188   21.8327 2
 -17.9636   21.3098 2
 -17.4220   20.9345 2
 -18.0193   20.5060 2
 -18.4219   19.9048 2
 -18.4440   19.1523 2
 -18.2567   18.7648 2
 -18.1835   18.2434 2
 -18.4756   17.7571 2
 -19.0753   17.2048 2
 -19.4213   16.8972 2
 -19.6737   16.5971 2
 -19.3844   16.3297 2
 -18.9539   16.1412 2
 -18.3341   16.4872 2
 -17.7788   16.7000 2
 -17.2810   16.5017 2
 -16.7312   15.9288 2
 -15.9493   16.0728 2
 -15.9771   16.8955 2
 -16.2776   17.2994 2
 -16.5600   17.6171 2
 -16.9039   17.9521 2
 -17.3018   18.4783 2
 -17.4301   19.0105 2
 -17.2500   19.4791 2
 -16.8753   19.7941 2
 -16.4117   19.8626 2
 -15.7967   19.8985 2
 -15.0946   19.7919 2
 -14.5422   19.4866 2
 -13.9589   19.3874 2
 -13.5011   19.4108 2
 -12.8976   19.4290 2
 -12.3335   19.3697 2
 -11.9627   19.0825 2
 -11.5503   18.9698 2
 -11.0696   19.2349 2
 -10.8186   19.6643 2
 -10.4532   19.8194 2
 -10.1149   19.7784 2
  -9.8583   19.4652 2
  -9.6790   18.9280 2
  -8.9740   18.9570 2
  -8.0649   19.4906 2
  -7.7122   20.0368 2
  -7.7462   20.6584 2
  -7.8173   21.1221 2
  -7.9744   21.7871 2
  -8.3397   22.6516 2
  -8.6335   23.2252 2
  -8.8742   23.6027 2
  -9.1710   24.0392 2
  -9.4651   24.3331 2
  -9.7998   24.6831 2
 -10.0456   24.9939 2
 -10.4464   25.4644 2
 -10.8531   26.1592 2
 -11.1715   26.6237 2
 -11.5571   26.0318 2
 -11.7405   25.5271 2
 -11.9505   24.9853 2
 -12.3164   24.7845 2
 -12.8593   24.8726 2
 -13.3577   24.8899 2
 -14.1750   24.8790 2
 -15.0249   24.9540 2
  99.0000   99.0000 3
9999 9999,GPML,nolabel,none,burlywood,oldlace,1,0
 309 4500.0   -inf UN   0   0   0     0
  32.2267    9.9749 3
  31.8497   10.3165 2
  31.4965   10.6274 2
  31.1761   10.9303 2
  30.8562   11.2162 2
  30.6048   11.4589 2
  30.2345   11.7932 2
  29.8841   12.1255 2
  29.5492   12.4483 2
  29.0885   12.8561 2
  28.6707   13.2552 2
  28.2536   13.6099 2
  27.7065   14.1370 2
  26.9790   14.7109 2
  26.2220   15.1181 2
  25.5898   15.3427 2
  25.2974   15.3978 2
  24.8765   15.4649 2
  24.2588   15.5590 2
  23.6691   15.6010 2
  23.3020   15.5725 2
  23.0159   15.5077 2
  23.3735   15.3319 2
  23.7675   15.1073 2
  24.0971   14.8151 2
  24.6155   14.3327 2
  25.1503   13.9165 2
  25.6101   13.6312 2
  26.0708   13.4679 2
  26.8033   13.1132 2
  27.2498   12.7389 2
  27.6463   12.3319 2
  28.2019   11.9620 2
  28.4319   11.7210 2
  28.6407   11.4935 2
  28.8260   11.2243 2
  29.0898   10.8034 2
  29.2647   10.5340 2
  29.5285   10.2181 2
  29.8380    9.9308 2
  30.1061    9.6850 2
  30.3424    9.4876 2
  30.5911    9.2715 2
  31.1137    8.9336 2
  31.4573    8.9727 2
  31.7039    8.9992 2
  31.6673    9.1164 2
  31.7501    9.2177 2
  31.8490    9.4152 2
  31.9851    9.6044 2
  32.0817    9.7168 2
  32.1556    9.7932 2
  32.2402    9.8748 2
  32.2267    9.9749 2
  99.0000   99.0000 3
9999 9999,GPML,nolabel,none,burlywood,oldlace,1,0
 310  140.0   -inf UN   0   0   0     0
  37.0035   13.8263 3
  37.1391   14.0817 2
  37.3195   14.1724 2
  37.5130   14.1787 2
  37.6486   14.3349 2
  37.8629   14.4792 2
  38.0030   14.6605 2
  38.2291   14.8826 2
  38.4255   15.0979 2
  38.5720   15.3428 2
  38.8012   15.3834 2
  38.9840   15.6236 2
  39.1480   15.6325 2
  39.3202   15.5475 2
  39.5492   15.2696 2
  39.6707   15.5472 2
  39.5667   15.8530 2
  39.4176   16.0776 2
  39.1929   16.3226 2
  39.0733   16.4448 2
  38.7637   16.7567 2
  38.3613   17.0565 2
  38.0080   17.3656 2
  37.6972   17.5739 2
  37.5142   17.7087 2
  37.3478   17.8380 2
  37.0438   18.0412 2
  36.7308   18.0495 2
  36.3120   18.2566 2
  36.0356   18.3851 2
  35.6929   18.6876 2
  35.4114   18.7406 2
  35.2296   18.7445 2
  34.9762   18.7953 2
  34.6660   18.9304 2
  34.3806   19.0860 2
  33.9917   19.3464 2
  33.6725   19.5606 2
  33.3828   19.7288 2
  33.1648   19.8599 2
  32.8991   20.0132 2
  32.6919   20.0780 2
  32.4294   20.2522 2
  32.1403   20.2910 2
  31.8080   20.4031 2
  31.3941   20.5432 2
  31.0058   20.5353 2
  30.6804   20.5146 2
  30.3107   20.5000 2
  29.9376   20.4572 2
  29.6810   20.2925 2
  29.4775   20.1949 2
  29.3012   20.0563 2
  29.0548   19.9092 2
  28.8659   19.8001 2
  28.6448   19.5799 2
  28.4573   19.4225 2
  28.1305   19.1139 2
  27.9891   18.9283 2
  27.7543   18.6217 2
  27.5837   18.3783 2
  27.4753   18.1901 2
  27.3845   18.0800 2
  27.2170   17.8643 2
  27.1082   17.6855 2
  26.9778   17.4541 2
  26.8414   17.2298 2
  26.6246   16.8779 2
  26.5231   16.6961 2
  26.4152   16.4182 2
  26.3071   16.2357 2
  26.1795   16.1050 2
  26.1393   15.8418 2
  26.0947   15.5996 2
  26.0050   15.3759 2
  26.2220   15.1181 2
  26.9790   14.7109 2
  27.7065   14.1370 2
  28.2536   13.6099 2
  28.6707   13.2552 2
  29.0885   12.8561 2
  29.5492   12.4483 2
  29.8841   12.1255 2
  30.2345   11.7932 2
  30.6048   11.4589 2
  30.8562   11.2162 2
  31.1761   10.9303 2
  31.4965   10.6274 2
  31.8497   10.3165 2
  32.5145    9.9688 2
  32.8781   10.0470 2
  33.0551   10.0582 2
  33.2322   10.0675 2
  33.4071   10.1521 2
  33.4903   10.1982 2
  33.6505   10.2974 2
  33.8988   10.3524 2
  33.7696   10.5423 2
  33.8813   10.6279 2
  33.9661   10.6859 2
  34.0355   10.8404 2
  34.0796   10.9547 2
  34.1213   11.1061 2
  34.1703   11.2362 2
  34.2102   11.3759 2
  34.2688   11.5331 2
  34.3164   11.6556 2
  34.4030   11.8126 2
  34.5294   11.9961 2
  34.6287   12.1354 2
  34.7567   12.2623 2
  34.8332   12.3484 2
  34.9498   12.4655 2
  35.0344   12.5344 2
  35.2032   12.6070 2
  35.3146   12.6763 2
  35.5999   12.5056 2
  35.5893   12.8326 2
  35.7336   12.8976 2
  35.9719   12.8376 2
  36.0345   12.9715 2
  36.1949   13.0772 2
  36.2490   13.1218 2
  36.3739   13.2126 2
  36.4872   13.2609 2
  36.6190   13.3037 2
  36.7531   13.4717 2
  36.8827   13.6115 2
  37.0035   13.8263 2
  99.0000   99.0000 3
9999 9999,GPML,nolabel,none,burlywood,oldlace,1,0
 313 4500.0   -inf UN   0   0   0     0
   3.2064    6.8412 3
   3.1636    6.5250 2
   3.1711    6.2258 2
   3.1673    5.9656 2
   3.1016    5.6201 2
   3.6277    5.2757 2
   4.5186    5.1598 2
   5.2020    5.3135 2
   5.4551    5.7528 2
   5.5771    6.0924 2
   5.6699    6.5021 2
   5.8042    6.7990 2
   5.9495    7.0842 2
   6.0751    7.3298 2
   6.2502    7.6453 2
   6.5055    7.9950 2
   6.7116    8.2458 2
   6.8950    8.4801 2
   7.1037    8.7313 2
   7.5214    9.0783 2
   7.9938    9.3435 2
   8.5228    9.6133 2
   8.8855    9.8291 2
   9.3283   10.1700 2
   9.7989   10.4782 2
  10.1562   10.6731 2
  10.5000   10.8687 2
  10.9629   11.1030 2
  11.3915   11.2966 2
  11.7119   11.4745 2
  12.0465   11.6735 2
  12.5514   11.8887 2
  13.0411   12.0849 2
  13.5961   12.1327 2
  13.9220   12.3185 2
  14.2189   12.4816 2
  14.5344   12.7325 2
  14.9371   13.0584 2
  14.1261   13.0646 2
  13.6450   12.9533 2
  12.9404   12.8755 2
  12.2425   12.8666 2
  11.2951   12.7955 2
  10.4506   12.7308 2
   9.9070   12.7201 2
   9.2192   12.6848 2
   8.5352   12.6612 2
   8.0604   12.6164 2
   7.5506   12.4447 2
   7.1287   12.1512 2
   6.8376   11.7915 2
   6.6457   11.4676 2
   6.4216   11.1278 2
   6.1760   10.7520 2
   5.8833   10.3093 2
   5.5947    9.9036 2
   5.3140    9.5499 2
   5.0587    9.2429 2
   4.7522    8.9431 2
   4.5521    8.7384 2
   4.2788    8.4564 2
   3.9949    8.1716 2
   3.7294    7.9128 2
   3.4962    7.6085 2
   3.3438    7.2468 2
   3.2064    6.8412 2
  99.0000   99.0000 3
9999 9999,GPML,nolabel,none,burlywood,oldlace,1,0
 315  300.0   -inf UN   0   0   0     0
   7.2117   23.2783 3
   6.9888   23.9066 2
   6.6376   24.5330 2
   6.3498   24.1414 2
   6.1679   23.5346 2
   6.0675   22.9419 2
   6.0103   22.3655 2
   5.8515   21.8171 2
   5.6756   21.2838 2
   5.4473   20.8948 2
   5.1622   20.4136 2
   4.7386   19.8948 2
   4.3052   19.4390 2
   3.6740   18.9476 2
   3.0937   18.5924 2
   2.6038   18.3967 2
   1.9753   18.0597 2
   1.5357   17.8069 2
   1.2307   17.4837 2
   1.0401   17.1516 2
   0.8443   16.6595 2
   0.7518   15.9608 2
   0.7735   15.4355 2
   0.8899   14.7593 2
   1.0904   14.0589 2
   1.3449   13.5889 2
   1.6930   13.0549 2
   1.7393   12.7195 2
   1.6443   12.2202 2
   1.5021   11.7050 2
   1.3539   11.2756 2
   1.1698   10.6460 2
   0.9534   10.1250 2
   0.8176    9.6735 2
   0.6792    9.2275 2
   0.4861    8.6124 2
   0.2677    8.0677 2
   0.1286    7.6142 2
  -0.0345    7.2033 2
  -0.2742    6.8436 2
  -0.5071    6.5294 2
  -0.0553    6.0985 2
   0.7234    6.0532 2
   1.3230    6.0193 2
   2.0107    5.9280 2
   2.6520    5.7615 2
   3.1016    5.6201 2
   3.1673    5.9656 2
   3.1711    6.2258 2
   3.1636    6.5250 2
   3.2064    6.8412 2
   3.3438    7.2468 2
   3.4962    7.6085 2
   3.7294    7.9128 2
   3.9949    8.1716 2
   4.2788    8.4564 2
   4.5521    8.7384 2
   4.7522    8.9431 2
   5.0587    9.2429 2
   5.3140    9.5499 2
   5.5947    9.9036 2
   5.8833   10.3093 2
   6.1760   10.7520 2
   6.4216   11.1278 2
   6.6457   11.4676 2
   6.8376   11.7915 2
   7.1287   12.1512 2
   7.5506   12.4447 2
   8.0604   12.6164 2
   8.0893   12.9490 2
   7.9644   13.4072 2
   7.8620   13.8972 2
   7.7336   14.5406 2
   7.6618   15.3093 2
   7.6147   16.0807 2
   7.6030   16.6766 2
   7.6086   17.0840 2
   7.5866   17.5761 2
   7.6141   17.8694 2
   7.6925   18.4169 2
   7.7644   19.0277 2
   7.7582   19.5586 2
   7.7298   19.9342 2
   7.7397   20.2105 2
   7.7067   20.7794 2
   7.6266   21.4657 2
   7.5408   21.9968 2
   7.4072   22.5466 2
   7.2117   23.2783 2
  99.0000   99.0000 3
9999 9999,GPML,nolabel,none,burlywood,oldlace,1,0
 317 4500.0   -inf UN   0   0   0     0
   4.7294    5.2384 3
   4.6810    4.8810 2
   5.4233    4.9542 2
   6.0541    5.0715 2
   6.7376    5.1238 2
   6.9483    5.5426 2
   7.2395    5.8691 2
   7.5996    6.1821 2
   8.3585    6.4425 2
   8.8569    6.6545 2
   9.1441    6.9230 2
   9.2059    7.1859 2
   9.0428    7.4771 2
   8.4741    7.2946 2
   8.0469    7.6945 2
   7.5778    7.8719 2
   7.0129    7.9266 2
   6.5338    7.8555 2
   6.3120    7.4640 2
   5.8179    6.9745 2
   5.3693    6.5001 2
   5.1499    6.0624 2
   4.8885    5.6012 2
   4.7294    5.2384 2
  99.0000   99.0000 3
9999 9999,GPML,nolabel,none,burlywood,oldlace,1,0
 318 4500.0   -inf UN   0   0   0     0
   6.8392    5.8768 3
   6.7015    5.4813 2
   7.3091    5.4576 2
   7.8970    5.4425 2
   8.2945    5.7239 2
   8.7144    5.9601 2
   8.9986    6.1184 2
   8.9382    6.4887 2
   8.8173    6.9131 2
   8.3011    6.7979 2
   7.9419    6.6020 2
   7.4927    6.6546 2
   7.1026    6.4707 2
   6.8392    5.8768 2
  99.0000   99.0000 3
9999 9999,GPML,nolabel,none,burlywood,oldlace,1,0
 319   60.0   -inf UN   0   0   0     0
   2.1855   33.5479 3
   1.5391   33.3104 2
   1.3254   32.7020 2
   0.9784   32.2452 2
   0.6220   31.7684 2
   0.3660   31.3668 2
   0.1306   30.7798 2
   0.0034   30.2864 2
   0.1386   29.8453 2
   0.6159   29.3655 2
   1.3144   29.2185 2
   1.7832   29.5769 2
   2.1034   30.0805 2
   2.4481   30.5241 2
   2.9144   30.8294 2
   3.4615   30.9656 2
   3.8549   30.8524 2
   3.6383   31.4201 2
   3.5176   31.8816 2
   3.3697   32.5359 2
   3.3130   33.1640 2
   2.7474   33.2982 2
   2.1855   33.5479 2
  99.0000   99.0000 3
9999 9999,GPML,nolabel,none,burlywood,oldlace,1,0
 320  300.0   -inf UN   0   0   0     0
  -9.4876   14.2393 3
  -9.5766   13.7898 2
  -8.8920   13.9463 2
  -9.4876   14.2393 2
  99.0000   99.0000 3
9999 9999,GPML,nolabel,none,burlywood,oldlace,1,0
 320  300.0   -inf UN   0   0   0     0
  -7.9732   15.1633 3
  -8.1274   15.5313 2
  -8.0160   16.1067 2
  -8.3453   16.3934 2
  -8.6677   15.9233 2
  -8.9544   15.4043 2
  -9.1643   14.9998 2
  -8.8710   14.6039 2
  -8.4316   14.4163 2
  -8.2233   14.7782 2
  -7.9732   15.1633 2
  99.0000   99.0000 3
9999 9999,GPML,nolabel,none,burlywood,oldlace,1,0
 401 4500.0   -inf UN   0   0   0     0
  47.3586   16.2198 3
  47.4708   16.0856 2
  47.5765   15.8289 2
  47.8963   15.8381 2
  48.0257   15.7054 2
  48.1430   15.5462 2
  48.2759   15.3432 2
  48.3716   15.1452 2
  48.4344   14.9560 2
  48.7289   15.0258 2
  49.3402   15.5629 2
  49.7140   15.8440 2
  50.1473   16.1283 2
  50.6791   16.4751 2
  51.1512   16.7851 2
  51.6895   17.2563 2
  52.2629   17.9087 2
  52.8726   18.5384 2
  53.3627   18.9635 2
  53.7996   19.4073 2
  54.3043   19.9970 2
  54.6268   20.5952 2
  54.8721   21.0918 2
  55.2367   21.8947 2
  55.6254   22.8007 2
  55.9285   22.9097 2
  56.1282   22.7961 2
  56.3741   22.5492 2
  56.5948   22.3275 2
  56.9216   21.9818 2
  57.2443   21.5969 2
  57.5740   21.2716 2
  57.8901   20.9533 2
  58.1978   20.6445 2
  58.4384   20.3559 2
  58.7579   19.9551 2
  59.0003   19.6268 2
  59.2233   19.2987 2
  59.5409   18.8237 2
  59.9734   18.2175 2
  60.3455   17.7593 2
  60.5715   17.3879 2
  60.9852   16.8223 2
  61.3807   16.3159 2
  61.7087   15.8988 2
  62.0856   15.3641 2
  62.3966   14.9195 2
  62.7976   14.4464 2
  63.1500   14.1460 2
  63.5727   13.9007 2
  64.0954   13.5492 2
  64.4693   13.2823 2
  64.9093   13.1441 2
  65.6592   13.3685 2
  66.4049   13.8501 2
  66.9649   14.1707 2
  67.4195   14.6136 2
  68.2531   15.6616 2
  68.5638   16.7964 2
  68.7589   17.6137 2
  68.7974   18.3203 2
  68.8060   18.9575 2
  68.7889   20.1309 2
  68.7603   21.3253 2
  68.6956   22.3221 2
  68.7410   23.3189 2
  68.7424   24.9485 2
  68.7109   26.3434 2
  68.6848   27.3685 2
  68.6605   28.3490 2
  68.7814   29.4824 2
  68.7281   30.4698 2
  68.7140   31.3132 2
  68.6424   32.7810 2
  68.5831   34.1892 2
  68.5255   35.5257 2
  68.4799   36.9114 2
  68.3956   38.1046 2
  68.2677   39.3041 2
  67.9240   40.8663 2
  67.6607   41.7785 2
  67.3876   42.4481 2
  67.0182   43.2257 2
  66.4163   44.3877 2
  65.8912   45.3253 2
  65.5157   45.9465 2
  65.1215   46.4856 2
  64.7648   46.9807 2
  64.2478   47.3325 2
  63.8026   47.4192 2
  63.3531   47.6646 2
  63.0064   47.9274 2
  62.5972   48.1287 2
  62.2061   48.4370 2
  61.8572   48.6280 2
  61.5231   48.8844 2
  61.1906   49.3630 2
  60.8763   50.1212 2
  60.4716   51.2566 2
  60.2091   52.2962 2
  60.0212   53.0655 2
  59.8435   53.8609 2
  59.6961   54.8445 2
  59.5635   55.8714 2
  59.3917   56.7823 2
  59.0528   58.1849 2
  58.7488   59.0521 2
  58.3326   59.6243 2
  57.9235   59.8367 2
  57.4733   59.9917 2
  57.0104   60.3256 2
  56.4800   60.6934 2
  55.8832   61.1666 2
  55.5358   61.5805 2
  55.0529   62.3169 2
  54.5552   63.4343 2
  54.0469   64.1472 2
  53.4991   64.5039 2
  53.0606   64.6933 2
  52.5668   64.8559 2
  52.0393   65.0297 2
  51.4438   65.1893 2
  50.8401   65.5556 2
  50.2485   66.0792 2
  49.6439   66.6200 2
  49.1964   67.0147 2
  48.7826   67.2502 2
  48.2053   67.4746 2
  47.6135   67.6369 2
  47.1468   67.7383 2
  46.6090   67.8017 2
  46.1216   67.8369 2
  45.6617   67.8396 2
  45.1095   67.7378 2
  44.5857   67.7098 2
  43.9783   67.5322 2
  43.4245   67.3791 2
  42.7992   67.2076 2
  42.2219   67.0021 2
  41.6867   66.6337 2
  41.1559   66.1770 2
  40.7850   65.9619 2
  40.4950   65.4483 2
  40.1804   65.2124 2
  39.9747   64.5062 2
  39.6505   63.7452 2
  39.2118   62.7942 2
  38.8496   62.1112 2
  38.5002   61.5719 2
  38.1168   61.0940 2
  37.7154   60.4411 2
  37.2857   59.5065 2
  36.8472   58.7453 2
  36.6003   57.9252 2
  36.3917   57.0639 2
  36.1554   56.4602 2
  35.8416   55.7957 2
  35.4889   55.0767 2
  35.2560   54.4909 2
  35.0559   53.8516 2
  34.9781   52.8372 2
  34.9586   51.8008 2
  35.0910   50.5970 2
  35.1982   49.7035 2
  35.2582   48.9707 2
  35.2972   48.1551 2
  35.1726   47.3333 2
  34.8264   46.6546 2
  34.5414   46.1735 2
  34.2565   45.3656 2
  34.0592   44.5421 2
  33.9364   43.5302 2
  33.8736   42.8011 2
  33.9434   41.6931 2
  33.9803   40.8155 2
  34.0112   39.9480 2
  34.0055   39.0226 2
  33.9193   38.2596 2
  33.8772   37.7945 2
  34.0722   36.8569 2
  34.1666   36.2414 2
  34.2706   35.6396 2
  34.4433   34.7788 2
  34.5732   34.0089 2
  34.7317   33.1553 2
  34.6163   32.5075 2
  34.4927   31.9940 2
  34.3611   31.5475 2
  34.1637   31.1306 2
  34.0152   30.8661 2
  33.4834   30.1814 2
  33.1937   29.8418 2
  32.9783   29.5906 2
  32.7600   29.3392 2
  32.5703   29.0599 2
  32.3193   28.7097 2
  32.0856   28.2599 2
  31.9922   27.8531 2
  31.9638   27.3942 2
  32.0334   26.8193 2
  32.2153   26.4924 2
  32.4763   26.2592 2
  32.7285   25.9827 2
  33.0276   25.6857 2
  33.3358   25.4241 2
  33.6171   25.1512 2
  33.8740   24.9430 2
  34.1867   24.6853 2
  34.4037   24.5188 2
  34.5797   24.4255 2
  34.7827   24.3025 2
  35.0644   24.1671 2
  35.4462   24.0150 2
  35.6261   23.9229 2
  35.8398   23.8506 2
  36.0716   23.7651 2
  36.3062   23.5863 2
  36.5093   23.3976 2
  36.6099   23.3409 2
  36.7585   23.1224 2
  37.0743   22.9153 2
  37.2143   22.6896 2
  37.3928   22.4522 2
  37.5302   22.1847 2
  37.7359   21.8098 2
  37.9047   21.3466 2
  38.0395   20.9102 2
  38.1706   20.4228 2
  38.3176   19.8600 2
  38.4013   19.5311 2
  38.4988   19.2123 2
  38.6152   18.7293 2
  38.6913   18.3748 2
  38.7764   18.0404 2
  38.8861   17.6716 2
  38.9803   17.2913 2
  39.0651   17.0222 2
  39.1488   16.8039 2
  39.2192   16.5900 2
  39.3259   16.3529 2
  39.4047   16.2243 2
  39.4959   16.0277 2
  39.5263   15.7187 2
  39.6103   15.6559 2
  39.6890   15.6228 2
  39.8254   15.6126 2
  39.9454   15.5907 2
  40.1030   15.5642 2
  40.1824   15.5517 2
  40.3116   15.5889 2
  40.5049   15.6439 2
  40.7084   15.7188 2
  40.8845   15.7533 2
  41.0637   15.7597 2
  41.2055   15.8053 2
  41.3539   15.8768 2
  41.5036   15.9225 2
  41.7088   16.0051 2
  41.8679   16.0639 2
  42.0375   16.1184 2
  42.1869   16.1837 2
  42.2989   16.2314 2
  42.4614   16.3002 2
  42.6233   16.3694 2
  42.8503   16.4645 2
  43.1210   16.5523 2
  43.3387   16.6196 2
  43.5701   16.6646 2
  43.8261   16.7049 2
  43.9917   16.7514 2
  44.1883   16.8051 2
  44.3629   16.8448 2
  44.5204   16.8551 2
  44.7827   16.8710 2
  44.9650   16.8566 2
  45.2012   16.8554 2
  45.5108   16.9036 2
  45.7640   16.9251 2
  45.9546   16.9256 2
  46.1451   16.8727 2
  46.3433   16.8357 2
  46.5123   16.7652 2
  46.6590   16.7263 2
  46.8027   16.6646 2
  46.9896   16.5557 2
  47.1965   16.3723 2
  47.3586   16.2198 2
  99.0000   99.0000 3
9999 9999,GPML,nolabel,none,burlywood,oldlace,1,0
 402  120.0   -inf UN   0   0   0     0
  25.4271   66.2311 3
  25.0165   65.9981 2
  24.5546   65.6180 2
  24.1025   65.2417 2
  23.6820   64.8277 2
  23.1440   64.3164 2
  22.6840   63.8732 2
  22.2737   63.4923 2
  21.8462   62.8903 2
  21.3542   62.1254 2
  20.9105   61.0985 2
  20.5299   60.2124 2
  20.3126   59.3730 2
  20.1354   58.4483 2
  20.0982   57.4629 2
  20.0986   56.5285 2
  20.3123   55.7541 2
  20.6822   54.9963 2
  21.1046   54.3645 2
  21.6193   53.9661 2
  22.1866   53.5867 2
  22.8237   53.0450 2
  23.2329   52.6121 2
  23.8597   51.7533 2
  24.2442   50.8529 2
  24.4762   50.0028 2
  24.6173   49.2536 2
  24.7434   48.5851 2
  24.8619   47.9815 2
  25.0484   47.4447 2
  25.2333   46.9269 2
  25.6687   46.4514 2
  26.1198   46.1676 2
  26.5833   45.9742 2
  27.0383   45.7274 2
  27.5034   45.3909 2
  27.8786   44.9919 2
  28.3314   44.3009 2
  28.7302   43.4296 2
  29.0547   42.4789 2
  29.2703   41.7906 2
  29.4637   41.0857 2
  29.7638   40.3004 2
  30.0528   39.6964 2
  30.3574   38.8049 2
  30.7046   38.0063 2
  30.9669   37.4800 2
  31.2508   36.9895 2
  31.7483   36.4685 2
  32.2460   36.0373 2
  32.8329   35.6339 2
  33.0829   35.5886 2
  33.2930   35.5530 2
  33.3609   36.0816 2
  33.4825   36.4168 2
  33.6134   36.7962 2
  33.7428   37.2982 2
  33.8772   37.7945 2
  33.9193   38.2596 2
  34.0055   39.0226 2
  34.0112   39.9480 2
  33.9803   40.8155 2
  33.9434   41.6931 2
  33.8736   42.8011 2
  33.9364   43.5302 2
  34.0592   44.5421 2
  34.2565   45.3656 2
  34.5414   46.1735 2
  34.8264   46.6546 2
  35.1726   47.3333 2
  35.2972   48.1551 2
  35.2582   48.9707 2
  35.1982   49.7035 2
  35.0910   50.5970 2
  34.9586   51.8008 2
  34.9781   52.8372 2
  35.0559   53.8516 2
  35.2560   54.4909 2
  35.4889   55.0767 2
  35.8416   55.7957 2
  36.1554   56.4602 2
  36.3917   57.0639 2
  36.6003   57.9252 2
  36.8472   58.7453 2
  37.2857   59.5065 2
  37.7154   60.4411 2
  38.1168   61.0940 2
  38.5002   61.5719 2
  38.8496   62.1112 2
  39.2118   62.7942 2
  39.6505   63.7452 2
  39.9747   64.5062 2
  40.1804   65.2124 2
  39.7175   65.3658 2
  39.2547   65.3538 2
  38.5861   65.3285 2
  37.8914   65.3378 2
  37.1674   65.3095 2
  36.5003   65.2762 2
  35.9946   65.2561 2
  35.4820   65.2500 2
  34.7861   65.3382 2
  34.3928   65.2215 2
  33.8693   65.1753 2
  33.2674   65.2097 2
  32.7774   65.2583 2
  32.2355   65.3145 2
  31.6929   65.3123 2
  31.1830   65.3235 2
  30.4802   65.4005 2
  29.8518   65.5288 2
  29.3638   65.6335 2
  28.8998   65.6948 2
  28.4299   65.7394 2
  27.9111   65.8635 2
  27.3530   65.9345 2
  26.8401   66.0239 2
  26.1861   66.0263 2
  25.4271   66.2311 2
  99.0000   99.0000 3
9999 9999,GPML,nolabel,none,burlywood,oldlace,1,0
 405 4500.0   -inf UN   0   0   0     0
  49.5972   11.5178 3
  49.7039   11.1991 2
  49.7827   10.8315 2
  49.8344   10.5070 2
  49.9309   10.1620 2
  50.0805    9.6891 2
  50.1957    9.2383 2
  50.2741    8.9333 2
  50.3223    8.7150 2
  50.4045    8.4013 2
  50.4770    8.0825 2
  50.5635    7.7617 2
  50.6506    7.4863 2
  50.7455    7.1907 2
  50.8550    6.8314 2
  50.9416    6.5880 2
  51.0386    6.2179 2
  51.0929    5.9715 2
  51.1507    5.7453 2
  51.2244    5.4598 2
  51.2716    5.2172 2
  51.3548    4.9075 2
  51.4660    4.5809 2
  51.5515    4.2589 2
  51.6216    3.9882 2
  51.7161    3.6913 2
  51.8299    3.4043 2
  51.9788    3.0279 2
  52.1290    2.6850 2
  52.2920    2.2866 2
  52.4797    1.8418 2
  52.6844    1.3521 2
  52.8338    0.9222 2
  52.9595    0.5419 2
  53.0659    0.1738 2
  53.1435   -0.1568 2
  53.2324   -0.5358 2
  53.3260   -0.9781 2
  53.4034   -1.3901 2
  53.4271   -1.7187 2
  53.5048   -1.9474 2
  54.1399   -2.1371 2
  54.7621   -2.2617 2
  55.2536   -2.2398 2
  55.6483   -2.2341 2
  56.0172   -2.2213 2
  56.3090   -2.1779 2
  56.6160   -2.1252 2
  57.0048   -2.0226 2
  57.4057   -1.5540 2
  57.7804   -1.1963 2
  58.0971   -0.9466 2
  58.3976   -0.6264 2
  58.8282   -0.1205 2
  59.4583    0.2606 2
  60.2077    0.4644 2
  61.1435    0.0330 2
  61.8343   -0.7479 2
  62.1972   -1.4855 2
  62.6380   -2.3172 2
  63.0967   -3.4297 2
  63.6055   -4.7231 2
  63.9284   -5.8473 2
  64.3753   -6.5128 2
  64.9935   -6.9502 2
  65.6358   -7.4366 2
  65.9416   -7.2561 2
  66.2739   -6.8759 2
  66.7468   -6.3738 2
  67.2693   -5.6637 2
  67.7436   -5.2794 2
  68.1188   -4.6524 2
  68.0942   -4.1038 2
  68.3387   -3.4101 2
  68.6350   -2.3229 2
  68.8727   -1.1598 2
  69.1257    0.2338 2
  69.3019    1.3318 2
  69.4104    2.1224 2
  69.5895    3.7374 2
  69.5574    4.8274 2
  69.2784    4.2000 2
  68.8529    3.3610 2
  67.9386    3.0272 2
  67.4535    2.9498 2
  66.8807    3.0554 2
  66.1102    3.1132 2
  65.3633    3.3948 2
  64.9554    3.8116 2
  64.6255    4.3062 2
  64.1612    4.9677 2
  63.7809    5.4569 2
  63.4745    5.9549 2
  63.1406    6.6473 2
  62.8904    7.2587 2
  62.5863    7.9929 2
  62.3160    8.5810 2
  61.9900    9.2903 2
  61.6529   10.0646 2
  61.4758   10.5491 2
  61.1661   11.1902 2
  60.8145   12.0061 2
  60.5593   12.6334 2
  60.3795   13.0672 2
  60.1805   13.5091 2
  59.9145   14.0573 2
  59.7125   14.4554 2
  59.4472   14.9014 2
  59.1746   15.3586 2
  58.8892   15.8266 2
  58.6173   16.3508 2
  58.3367   16.8346 2
  58.1457   17.1481 2
  57.9328   17.4963 2
  57.7501   17.6889 2
  57.4408   17.6903 2
  56.9576   16.9032 2
  56.5092   16.2128 2
  56.2124   15.7926 2
  55.8281   15.2954 2
  55.2660   14.8678 2
  54.7866   14.5629 2
  54.2570   14.2916 2
  53.5864   13.8474 2
  52.9484   13.3648 2
  52.3654   13.0511 2
  51.8657   12.8774 2
  51.3028   12.6811 2
  50.8439   12.5170 2
  50.4439   12.3376 2
  49.7804   11.9634 2
  49.5972   11.5178 2
  99.0000   99.0000 3
9999 9999,GPML,nolabel,none,burlywood,oldlace,1,0
 501 4500.0   -inf UN   0   0   0     0
 -67.8327   88.0042 3
 -68.0566   90.0504 2
 -68.1104   91.7617 2
 -68.3094   93.5535 2
 -68.6483   95.1607 2
 -69.0088   96.3741 2
 -69.4118   94.9392 2
 -69.8869   92.8392 2
 -70.1860   91.5466 2
 -70.5014   89.9518 2
 -70.9195   87.7516 2
 -71.4333   85.1760 2
 -71.7020   83.5332 2
 -71.9780   81.5329 2
 -72.3148   79.2325 2
 -72.6326   76.7439 2
 -72.8476   74.7210 2
 -72.9842   72.5834 2
 -73.1010   71.0600 2
 -73.1997   68.8679 2
 -73.2657   66.2668 2
 -73.4068   64.4297 2
 -73.4245   62.6116 2
 -73.4281   60.4335 2
 -73.3549   57.6778 2
 -73.2456   54.6266 2
 -73.2091   52.6140 2
 -73.0396   51.1072 2
 -72.9617   48.8076 2
 -72.9472   46.8672 2
 -72.7891   44.8733 2
 -72.6028   42.9257 2
 -72.3150   40.7429 2
 -72.0019   38.8885 2
 -71.8235   36.5976 2
 -72.0819   34.3051 2
 -72.6039   31.1291 2
 -72.7274   28.7883 2
 -72.6118   27.2077 2
 -72.5150   25.7376 2
 -72.5540   23.9973 2
 -72.6639   22.1579 2
 -72.3210   18.9099 2
 -71.9425   16.1601 2
 -71.5092   15.0177 2
 -70.9749   12.7188 2
 -70.4764   11.1818 2
 -70.1378   11.0962 2
 -69.6741   12.3223 2
 -69.3975   13.5832 2
 -69.1019   14.6035 2
 -68.7100   16.2135 2
 -68.1379   18.6956 2
 -67.6000   21.3037 2
 -67.1572   22.9214 2
 -66.6844   24.0826 2
 -66.3914   25.0642 2
 -65.8825   26.2641 2
 -65.4895   27.4056 2
 -65.1649   28.4764 2
 -64.5872   30.0633 2
 -64.0226   31.4536 2
 -63.5766   32.3883 2
 -63.1719   33.1263 2
 -62.6121   33.7601 2
 -61.9233   34.5011 2
 -61.2583   35.2902 2
 -60.9086   36.0449 2
 -60.4364   36.7409 2
 -59.7607   37.8167 2
 -58.8337   38.5601 2
 -58.2739   39.1134 2
 -57.6337   39.8667 2
 -56.9821   40.7025 2
 -56.5415   40.9758 2
 -56.2911   41.1276 2
 -55.7638   41.6096 2
 -55.3519   42.7230 2
 -54.8732   43.5953 2
 -54.6133   44.8600 2
 -54.3056   45.9158 2
 -54.0101   47.2399 2
 -53.6899   48.5035 2
 -53.4734   49.2556 2
 -53.2867   49.7299 2
 -53.0309   51.1775 2
 -52.9515   52.7589 2
 -52.9361   54.0030 2
 -53.1267   55.0558 2
 -53.1156   56.1344 2
 -53.0175   57.5988 2
 -53.0959   59.0375 2
 -53.0959   60.0054 2
 -53.0849   61.2182 2
 -53.0456   62.5301 2
 -52.8156   63.3691 2
 -52.9878   64.2811 2
 -53.1331   65.2983 2
 -53.4169   65.9593 2
 -53.8311   66.5089 2
 -54.2397   66.7909 2
 -54.9539   66.1999 2
 -55.7914   66.1252 2
 -56.4403   66.2894 2
 -57.0319   66.4690 2
 -57.7734   66.6395 2
 -58.5257   66.8155 2
 -59.1769   66.9588 2
 -59.9797   67.1255 2
 -60.7237   67.5319 2
 -61.3326   68.1278 2
 -62.1005   68.8166 2
 -62.8012   69.6518 2
 -63.5022   70.4819 2
 -64.2399   71.6118 2
 -65.0046   73.4078 2
 -65.6764   75.5024 2
 -66.0451   77.2224 2
 -66.5738   79.8178 2
 -66.8671   81.8184 2
 -67.3603   84.4602 2
 -67.6311   86.1836 2
 -67.8327   88.0042 2
  99.0000   99.0000 3
9999 9999,GPML,nolabel,none,burlywood,oldlace,1,0
 502 4500.0   -inf UN   0   0   0     0
 -72.6750    7.6226 3
 -72.1100    8.0809 2
 -71.5201    9.5582 2
 -71.4095   12.0862 2
 -71.6609   14.8059 2
 -71.8008   17.2898 2
 -71.5346   18.5958 2
 -72.1342   20.8538 2
 -72.7438   23.6282 2
 -72.9855   22.5250 2
 -73.3459   20.0934 2
 -73.6157   17.5165 2
 -73.8070   15.2375 2
 -73.9734   13.2212 2
 -73.8069   10.8031 2
 -73.2901    8.3159 2
 -72.6750    7.6226 2
  99.0000   99.0000 3
9999 9999,GPML,nolabel,none,burlywood,oldlace,1,0
 503  300.0   -inf UN   0   0   0     0
 -38.7750   51.7630 3
 -38.9304   52.3695 2
 -38.9089   53.0252 2
 -38.9816   53.6535 2
 -39.4352   54.0439 2
 -39.8400   54.0079 2
 -40.5361   53.4749 2
 -41.0824   53.3931 2
 -41.8587   53.2742 2
 -42.4690   53.6059 2
 -42.8594   54.1544 2
 -43.1223   54.8154 2
 -43.3174   55.5276 2
 -43.7095   56.3565 2
 -44.3718   57.0594 2
 -45.2341   57.1573 2
 -45.7342   56.8119 2
 -46.2219   56.3933 2
 -46.6642   55.9172 2
 -47.4383   55.2457 2
 -48.2452   54.5990 2
 -48.7654   54.0132 2
 -49.2872   53.4199 2
 -49.6013   52.8995 2
 -49.7105   51.9945 2
 -49.9056   51.1641 2
 -50.1481   50.4696 2
 -50.2829   49.6927 2
 -50.4032   48.5873 2
 -50.5032   47.4457 2
 -50.7410   46.7535 2
 -51.2514   45.9828 2
 -51.7268   45.2671 2
 -51.7051   44.2896 2
 -51.6786   43.1502 2
 -51.7088   42.3350 2
 -51.7854   41.5817 2
 -51.9359   40.3634 2
 -52.0399   39.4028 2
 -51.9741   38.3554 2
 -51.9442   37.5154 2
 -52.0044   36.4131 2
 -52.0111   34.9505 2
 -52.1805   33.6793 2
 -52.1988   32.4480 2
 -51.5785   31.5051 2
 -50.8238   31.2110 2
 -50.1348   31.0083 2
 -49.5103   31.0261 2
 -48.2430   31.4181 2
 -47.6560   31.2874 2
 -47.1615   31.2514 2
 -46.4796   31.1385 2
 -46.0076   31.0402 2
 -45.5134   30.8482 2
 -44.8117   30.7843 2
 -44.2591   30.7527 2
 -43.5988   30.7027 2
 -42.9339   30.6725 2
 -42.3506   30.6696 2
 -41.6819   30.6701 2
 -41.1673   30.7584 2
 -40.2372   31.1095 2
 -39.2969   31.0696 2
 -38.4753   30.5277 2
 -37.9109   30.4044 2
 -37.2718   30.3051 2
 -36.5166   30.2445 2
 -35.8828   30.1673 2
 -35.1333   30.1293 2
 -34.3748   30.0597 2
 -34.1499   29.4123 2
 -33.7478   30.1936 2
 -33.3876   30.6747 2
 -32.8517   31.2793 2
 -32.3412   31.8817 2
 -31.7067   32.4167 2
 -31.0116   32.8388 2
 -30.3446   33.2564 2
 -29.9133   33.6468 2
 -29.6410   34.0772 2
 -29.2719   34.4937 2
 -28.7237   34.8859 2
 -27.8278   35.3217 2
 -26.9020   35.6311 2
 -26.5944   36.0413 2
 -26.3847   36.7265 2
 -26.2512   37.3665 2
 -26.1816   38.1182 2
 -26.2195   38.9311 2
 -26.2254   39.6210 2
 -26.3512   40.4094 2
 -26.4582   41.3296 2
 -26.9698   41.6632 2
 -27.8278   42.2425 2
 -28.8689   42.9475 2
 -29.8508   43.6738 2
 -30.5892   44.1315 2
 -31.3260   44.7832 2
 -32.2408   45.7253 2
 -33.0953   46.5034 2
 -34.0260   47.2039 2
 -34.6091   48.0144 2
 -35.4146   48.7890 2
 -36.1068   49.2022 2
 -36.4608   49.8026 2
 -37.0055   50.5202 2
 -38.0649   51.2946 2
 -38.7750   51.7630 2
  99.0000   99.0000 3
9999 9999,GPML,nolabel,none,burlywood,oldlace,1,0
 504  300.0   -inf UN   0   0   0     0
 -27.8980   35.9242 3
 -28.6755   36.3207 2
 -29.3753   36.6842 2
 -29.0674   35.7997 2
 -28.7702   35.0530 2
 -28.6108   34.3713 2
 -28.3927   33.5780 2
 -28.2921   32.8163 2
 -28.2781   32.1477 2
 -28.3277   31.4136 2
 -28.5334   30.9226 2
 -28.6142   30.1418 2
 -28.0933   29.6789 2
 -27.7704   29.0176 2
 -27.5633   28.6007 2
 -27.3186   28.2795 2
 -26.8625   27.9059 2
 -26.2963   27.6705 2
 -25.8225   27.4174 2
 -25.7605   26.9619 2
 -25.6850   26.4579 2
 -25.3753   26.1207 2
 -24.9226   25.7214 2
 -24.7951   25.2355 2
 -24.3494   24.9817 2
 -23.7923   24.9504 2
 -23.2793   24.9702 2
 -22.8435   24.8824 2
 -22.3901   24.8515 2
 -22.1098   25.5094 2
 -22.1065   26.3091 2
 -22.1530   27.0161 2
 -22.2357   27.7362 2
 -22.3785   28.3491 2
 -22.6873   28.9765 2
 -23.2039   29.7374 2
 -23.9004   29.9723 2
 -24.5266   30.2044 2
 -24.6722   31.0621 2
 -24.7885   31.6259 2
 -25.0658   32.1583 2
 -25.3827   32.6670 2
 -25.7149   33.2110 2
 -26.0492   33.7419 2
 -26.3265   34.2254 2
 -26.5917   34.9502 2
 -27.0369   35.4275 2
 -27.3796   35.7842 2
 -27.8980   35.9242 2
  99.0000   99.0000 3
9999 9999,GPML,nolabel,none,burlywood,oldlace,1,0
 505 4500.0   -inf UN   0   0   0     0
 -51.4087   47.1493 3
 -50.5498   47.5871 2
 -49.8543   48.2692 2
 -49.2301   49.1674 2
 -48.7818   49.7915 2
 -48.9413   50.3585 2
 -48.7992   51.1588 2
 -48.9635   51.7110 2
 -49.2247   52.3733 2
 -48.8233   53.2997 2
 -48.3395   54.2294 2
 -47.9097   55.2060 2
 -47.5207   56.1972 2
 -47.2334   57.4635 2
 -47.2091   58.4613 2
 -47.2310   59.6160 2
 -47.3043   60.7787 2
 -47.4718   62.1465 2
 -47.6354   63.4740 2
 -47.8208   64.3873 2
 -48.4400   64.3889 2
 -48.9274   64.6729 2
 -49.4104   64.9589 2
 -49.9929   65.1019 2
 -50.4666   65.1220 2
 -50.9781   65.1289 2
 -51.6447   64.9588 2
 -52.1787   65.0732 2
 -52.7272   64.4084 2
 -53.0834   63.7828 2
 -53.4535   62.8446 2
 -53.5571   61.0737 2
 -53.5679   60.0277 2
 -53.5050   58.2265 2
 -53.4506   56.3614 2
 -53.4817   55.1246 2
 -53.3747   53.5360 2
 -53.3344   52.1830 2
 -53.2863   50.8526 2
 -53.3977   49.2532 2
 -53.5569   48.1103 2
 -53.6438   47.3562 2
 -53.1062   47.1141 2
 -52.5926   47.1119 2
 -51.9836   47.1223 2
 -51.4087   47.1493 2
  99.0000   99.0000 3
9999 9999,GPML,nolabel,none,burlywood,oldlace,1,0
 506 4500.0   -inf UN   0   0   0     0
 -45.3440   81.5248 3
 -45.2566   80.6402 2
 -45.1384   79.8396 2
 -44.7131   78.7846 2
 -44.3829   77.8299 2
 -44.1479   76.9020 2
 -43.8487   75.8538 2
 -43.5250   74.7176 2
 -43.2056   73.8355 2
 -42.7932   72.7450 2
 -42.3957   71.6944 2
 -41.9309   70.7189 2
 -41.4892   69.6742 2
 -41.1510   68.7842 2
 -40.6720   68.4319 2
 -39.8429   69.4015 2
 -39.0607   70.3514 2
 -38.5811   70.8585 2
 -37.7206   71.6419 2
 -38.4174   72.2361 2
 -38.9717   72.6261 2
 -39.4906   73.1317 2
 -40.1069   73.8012 2
 -40.6220   74.4123 2
 -41.0315   74.9156 2
 -41.4033   75.3702 2
 -41.8545   75.9612 2
 -42.2794   76.5912 2
 -42.8370   77.3917 2
 -43.2460   78.1921 2
 -43.3919   78.9971 2
 -43.4437   79.6681 2
 -43.3956   80.4919 2
 -43.3898   81.2995 2
 -43.3162   82.2027 2
 -43.6973   81.9593 2
 -44.3141   81.8752 2
 -44.8868   81.7653 2
 -45.3440   81.5248 2
  99.0000   99.0000 3
9999 9999,GPML,nolabel,none,burlywood,oldlace,1,0
 507 4500.0   -inf UN   0   0   0     0
 -46.3290   63.8967 3
 -45.8660   63.5314 2
 -45.5229   63.9611 2
 -44.9830   64.5907 2
 -44.3204   65.5699 2
 -43.8873   66.5005 2
 -43.4455   67.4367 2
 -42.9828   68.5791 2
 -43.0700   69.5352 2
 -43.5873   70.2800 2
 -44.2370   71.1369 2
 -44.8933   71.9162 2
 -45.5010   72.7988 2
 -46.1310   73.7167 2
 -46.6266   74.4666 2
 -47.1807   75.4732 2
 -47.6916   76.4046 2
 -48.1148   77.2454 2
 -48.6340   78.0732 2
 -49.2646   78.9627 2
 -49.3851   78.1306 2
 -49.2621   76.9344 2
 -49.1253   75.8395 2
 -49.0088   74.9705 2
 -48.7611   73.7050 2
 -48.6861   72.3677 2
 -48.5727   71.4034 2
 -48.2657   70.5210 2
 -48.1412   69.4115 2
 -48.0450   67.9887 2
 -48.1404   66.6415 2
 -47.6343   65.8391 2
 -47.0478   64.7486 2
 -46.3290   63.8967 2
  99.0000   99.0000 3
9999 9999,GPML,nolabel,none,burlywood,oldlace,1,0
 508  300.0   -inf UN   0   0   0     0
 -29.7776   33.7801 3
 -30.5027   33.4384 2
 -31.1763   32.9804 2
 -31.7317   32.4437 2
 -32.3127   31.9083 2
 -32.7091   31.4754 2
 -33.1710   30.7521 2
 -32.6525   30.5717 2
 -31.8680   30.4065 2
 -30.8858   30.2523 2
 -29.9782   30.0892 2
 -29.1701   30.1016 2
 -28.6310   30.1334 2
 -28.8544   30.6667 2
 -29.2804   31.2673 2
 -29.4741   31.9539 2
 -29.2201   32.6071 2
 -28.5427   33.4401 2
 -27.8707   34.2229 2
 -27.2740   34.7302 2
 -26.6569   35.0417 2
 -26.1071   35.1944 2
 -25.7736   35.4296 2
 -25.4681   36.1163 2
 -26.4142   35.9011 2
 -27.3402   35.5603 2
 -27.9166   35.2293 2
 -28.3164   34.8569 2
 -28.6210   34.4613 2
 -29.0809   34.1215 2
 -29.7776   33.7801 2
  99.0000   99.0000 3
9999 9999,GPML,nolabel,none,burlywood,oldlace,1,0
 510 4500.0   -inf UN   0   0   0     0
   6.7518   38.3607 3
   6.9809   39.0325 2
   7.1640   39.5437 2
   7.1921   40.0524 2
   6.6328   39.6267 2
   6.2823   39.2470 2
   5.9017   38.8029 2
   5.5057   38.3598 2
   5.1338   37.9409 2
   4.7287   37.5575 2
   4.2568   37.3266 2
   3.5291   37.0101 2
   3.4594   36.3515 2
   3.3998   35.6236 2
   2.8248   34.9690 2
   2.3219   34.5464 2
   1.7956   34.2913 2
   1.1586   34.0779 2
   0.5251   33.9052 2
  -0.2031   33.7685 2
  -0.1284   33.3082 2
   0.3005   32.9973 2
   0.6005   32.6201 2
   0.9741   31.9267 2
   1.4234   32.1034 2
   1.6451   32.2836 2
   1.9314   32.5430 2
   2.3204   32.9167 2
   2.5891   33.3363 2
   2.9016   33.7069 2
   3.3511   34.0365 2
   3.6063   34.4121 2
   3.8895   34.7379 2
   4.2204   35.1282 2
   4.5566   35.5348 2
   4.8997   35.9516 2
   5.4572   36.6050 2
   5.9557   37.1211 2
   6.3735   37.6603 2
   6.7518   38.3607 2
  99.0000   99.0000 3
9999 9999,GPML,nolabel,none,burlywood,oldlace,1,0
 512 4500.0   -inf UN   0   0   0     0
 -41.8968   65.2581 3
 -42.2861   65.3732 2
 -42.3745   64.7157 2
 -42.5587   64.0702 2
 -42.5629   63.3951 2
 -42.0062   62.6197 2
 -41.1924   61.3961 2
 -40.8519   60.4482 2
 -40.6630   59.6969 2
 -40.1050   59.0020 2
 -39.5262   57.9002 2
 -39.1668   56.8504 2
 -38.4464   55.7860 2
 -37.8155   54.6768 2
 -37.1638   53.3833 2
 -36.6111   52.4562 2
 -36.0095   51.7330 2
 -35.2352   50.6567 2
 -34.3964   49.5912 2
 -33.7028   48.7212 2
 -33.2857   48.2174 2
 -32.8821   48.3241 2
 -32.4118   48.3672 2
 -31.9178   48.7102 2
 -31.4801   49.0527 2
 -31.2604   49.6059 2
 -31.3237   50.4047 2
 -31.4314   51.0809 2
 -31.5649   51.7619 2
 -31.7007   52.3879 2
 -31.7082   53.0458 2
 -32.1029   53.5210 2
 -32.5219   53.8124 2
 -32.9296   54.1273 2
 -33.5178   54.5935 2
 -34.1871   55.2978 2
 -34.6176   56.0038 2
 -34.9177   56.6619 2
 -35.0895   57.2480 2
 -35.2049   57.9192 2
 -35.1454   58.6778 2
 -35.7831   58.7662 2
 -36.6675   59.0359 2
 -37.5761   59.3431 2
 -38.3150   59.7057 2
 -39.0204   60.1457 2
 -39.6034   60.5931 2
 -40.2037   61.4748 2
 -40.5714   62.3661 2
 -40.8888   63.3075 2
 -41.1286   64.2947 2
 -41.3926   65.1973 2
 -41.8968   65.2581 2
  99.0000   99.0000 3
9999 9999,GPML,nolabel,none,burlywood,oldlace,1,0
 601 4500.0   -inf UN   0   0   0     0
  20.4468   77.3980 3
  19.9538   77.3988 2
  19.5690   77.8076 2
  18.7870   77.7068 2
  18.1346   77.5574 2
  18.0490   76.8251 2
  18.1639   76.0450 2
  18.0415   75.3000 2
  18.2404   74.5811 2
  18.5685   73.9504 2
  18.8190   73.4656 2
  19.2601   72.8185 2
  19.7494   72.0378 2
  20.1830   71.2449 2
  20.4974   70.6062 2
  20.8440   69.9907 2
  21.2006   69.4160 2
  21.3785   68.8838 2
  21.2075   68.3771 2
  21.3747   67.9664 2
  21.2961   67.5335 2
  21.4105   67.1289 2
  21.8015   66.7810 2
  22.2008   66.5138 2
  22.8198   66.2047 2
  23.5331   66.0478 2
  24.2481   66.0268 2
  25.0101   66.0953 2
  25.7967   66.1850 2
  26.4404   66.3204 2
  27.0567   66.4769 2
  28.0192   66.5589 2
  28.6382   66.3665 2
  29.0517   66.1183 2
  29.6028   65.8288 2
  29.3662   66.6839 2
  29.0243   67.3227 2
  28.8200   67.8678 2
  28.5749   68.4439 2
  28.3872   69.0080 2
  28.1648   69.4801 2
  27.9558   69.9534 2
  27.7628   70.4708 2
  27.5057   71.1300 2
  27.1661   71.8266 2
  26.8857   72.3049 2
  26.5756   72.8035 2
  26.3045   73.3302 2
  26.0558   73.8028 2
  25.7305   74.3667 2
  25.3947   74.8137 2
  25.0870   75.1048 2
  24.3523   75.4060 2
  23.9331   75.6121 2
  23.2287   75.9549 2
  22.6904   76.2463 2
  22.2547   76.5414 2
  21.5765   76.9929 2
  20.9785   77.2978 2
  20.4468   77.3980 2
  99.0000   99.0000 3
9999 9999,GPML,nolabel,none,burlywood,oldlace,1,0
 604 4500.0   -inf UN   0   0   0     0
  19.1729   99.8662 3
  18.6719  100.6080 2
  18.1187  101.2282 2
  17.7321  101.6909 2
  17.4157  101.9718 2
  17.0294  102.1503 2
  16.8139  101.8119 2
  16.6558  101.3995 2
  16.2751  100.8412 2
  15.9213  100.3365 2
  15.6132   99.7002 2
  15.1386   99.0904 2
  14.3656   98.8311 2
  13.5935   98.8674 2
  12.7522   98.8893 2
  12.1314   98.8067 2
  12.0958   98.4853 2
  12.1814   98.1371 2
  12.2955   97.6803 2
  12.4341   96.9143 2
  12.5668   96.3052 2
  12.6262   95.6434 2
  12.8302   95.1875 2
  13.0950   94.7144 2
  13.2408   94.1666 2
  13.4462   93.6056 2
  13.6094   92.9906 2
  13.6942   92.4375 2
  13.6160   91.6863 2
  13.3181   90.6484 2
  13.0785   89.6472 2
  12.7870   88.7442 2
  12.4874   87.8730 2
  12.0452   87.2700 2
  11.8993   86.8316 2
  12.3018   86.5930 2
  12.7635   86.2951 2
  13.1841   85.9541 2
  13.8570   85.4701 2
  14.5225   84.8858 2
  15.1346   84.2290 2
  15.7108   83.5866 2
  16.3418   82.7986 2
  16.9274   82.1197 2
  17.5760   81.3222 2
  17.9964   80.6988 2
  18.4196   79.9840 2
  18.6873   79.5698 2
  19.2177   79.4610 2
  19.6551   79.2280 2
  20.2287   78.9176 2
  20.7640   78.6097 2
  21.5521   78.1625 2
  22.2904   77.7720 2
  23.1944   77.2922 2
  23.8963   76.8763 2
  24.7440   76.4275 2
  25.3603   76.0909 2
  25.9973   75.7798 2
  26.5503   75.4563 2
  27.2622   75.0819 2
  27.9267   74.7356 2
  28.6273   74.3707 2
  28.5140   75.2106 2
  28.2201   76.2076 2
  27.9119   77.0984 2
  27.5794   77.8177 2
  27.1621   78.6885 2
  26.8225   79.5920 2
  26.5059   80.4482 2
  26.2027   81.3542 2
  25.9677   82.1568 2
  25.8768   83.0350 2
  25.7189   83.5092 2
  25.6193   83.8238 2
  25.4542   84.2918 2
  25.2143   84.9018 2
  25.0417   85.4039 2
  24.8123   86.0703 2
  24.6378   86.5984 2
  24.5008   87.1828 2
  24.3171   87.8168 2
  24.1500   88.3415 2
  23.9748   88.8157 2
  23.7654   89.3702 2
  23.5762   89.8416 2
  23.3324   90.4576 2
  23.0290   91.0837 2
  22.8123   91.5317 2
  22.5945   91.9679 2
  22.3256   92.5035 2
  22.0796   92.9304 2
  21.7824   93.4772 2
  21.5407   93.9959 2
  21.3396   94.4774 2
  21.1126   95.0519 2
  20.9331   95.4638 2
  20.7156   96.0307 2
  20.5163   96.5863 2
  20.3275   97.1264 2
  20.1097   97.5423 2
  19.7993   98.2562 2
  19.5878   98.8472 2
  19.3833   99.4112 2
  19.1729   99.8662 2
  99.0000   99.0000 3
9999 9999,GPML,nolabel,none,burlywood,oldlace,1,0
 611 4500.0   -inf UN   0   0   0     0
  12.5757   99.8767 3
  12.3466  100.3494 2
  12.0500  100.7422 2
  11.7682  101.1992 2
  11.1880  101.9011 2
  10.7674  102.4992 2
  10.4624  102.8300 2
  10.0790  102.9346 2
   9.6710  103.2129 2
   9.1718  103.6116 2
   8.6094  104.0720 2
   7.9041  104.5862 2
   7.4442  104.8585 2
   6.8462  105.2179 2
   6.0561  105.7051 2
   5.3532  106.1491 2
   4.8476  106.3640 2
   4.2102  106.3428 2
   3.7449  106.5875 2
   2.9269  106.4186 2
   2.4146  106.2760 2
   1.9684  106.3220 2
   1.6565  106.0815 2
   1.5055  105.9815 2
   0.8977  105.7752 2
   0.2092  105.8093 2
  -0.6495  106.2990 2
  -1.3600  106.7928 2
  -1.8668  107.2127 2
  -2.3989  107.1464 2
  -3.0135  107.0309 2
  -4.0259  106.8631 2
  -4.8452  106.7333 2
  -5.5184  106.7001 2
  -6.1166  106.7235 2
  -7.0509  106.7466 2
  -7.8748  106.5622 2
  -8.5665  106.5009 2
  -9.2830  106.5330 2
  -9.9711  106.5623 2
 -10.6795  106.6003 2
 -11.6302  106.6787 2
 -12.4513  106.8500 2
 -13.0811  107.0732 2
 -13.2521  106.3086 2
 -13.3558  105.2933 2
 -13.4688  104.1587 2
 -13.6501  103.1175 2
 -13.6607  102.4796 2
 -13.7374  101.5415 2
 -13.9549  100.5690 2
 -14.2056   99.3962 2
 -14.4022   98.2593 2
 -14.4900   97.0412 2
 -14.4882   95.9810 2
 -14.5162   95.1649 2
 -14.3926   94.5990 2
 -14.1756   94.1076 2
 -13.9355   93.5633 2
 -13.4519   93.3009 2
 -13.0236   92.7574 2
 -12.4517   92.1413 2
 -12.1217   91.8424 2
 -11.6920   91.7635 2
 -11.0735   91.5520 2
 -10.3820   91.3707 2
  -9.5848   91.2160 2
  -8.5854   91.1395 2
  -7.9308   91.0493 2
  -7.2997   91.0528 2
  -6.6597   91.1122 2
  -6.1277   91.1777 2
  -5.7564   91.1638 2
  -5.1616   91.3690 2
  -4.8036   91.6828 2
  -4.1779   92.1831 2
  -3.6348   92.6679 2
  -2.9468   93.3954 2
  -2.3597   94.0453 2
  -1.6681   94.7482 2
  -1.1062   95.3806 2
  -0.5299   96.0483 2
  -0.0248   96.7614 2
   0.3859   97.4725 2
   0.6813   97.9198 2
   0.9324   98.4043 2
   1.1315   98.8249 2
   1.5709   98.7144 2
   2.1935   98.3204 2
   3.0640   98.0867 2
   3.9630   97.8598 2
   4.9520   97.6876 2
   5.9786   97.4545 2
   6.7119   97.4206 2
   7.2435   97.5375 2
   7.8314   97.7357 2
   8.3653   97.9728 2
   8.8902   98.1484 2
   9.3371   98.4402 2
   9.7711   98.6694 2
  10.4133   98.7614 2
  11.0012   98.9245 2
  11.7424   99.0996 2
  12.1836   99.2357 2
  12.5201   99.3378 2
  12.8356   99.3144 2
  12.5757   99.8767 2
  99.0000   99.0000 3
9999 9999,GPML,nolabel,none,burlywood,oldlace,1,0
 612 4500.0   -inf UN   0   0   0     0
 -42.4706   75.6384 3
 -42.9533   76.4910 2
 -43.4010   77.3407 2
 -43.7485   78.2037 2
 -43.9796   79.1608 2
 -44.0322   80.1057 2
 -44.0052   80.7582 2
 -43.9027   81.4485 2
 -43.6210   81.8295 2
 -43.2262   81.9861 2
 -42.9597   82.4263 2
 -42.8378   83.5328 2
 -42.5017   84.6281 2
 -42.1640   85.6087 2
 -41.7667   86.8071 2
 -41.3984   87.9631 2
 -41.0303   89.1883 2
 -40.8606   90.1200 2
 -41.0971   90.9855 2
 -41.1188   91.5093 2
 -41.0573   92.2405 2
 -41.0284   92.9015 2
 -41.1081   93.8910 2
 -41.0688   95.2546 2
 -41.0814   96.7694 2
 -41.1479   98.0186 2
 -41.2058   99.2451 2
 -41.2800  100.1185 2
 -41.4217  101.4288 2
 -41.6875  102.6146 2
 -42.2291  103.5910 2
 -42.8543  104.3663 2
 -43.4657  105.0744 2
 -43.8543  105.3613 2
 -44.5482  105.9956 2
 -45.0837  106.5879 2
 -45.6116  106.7906 2
 -45.3901  105.6914 2
 -44.9412  104.7604 2
 -44.5486  103.9987 2
 -44.1855  103.2179 2
 -43.8174  102.0890 2
 -43.6476  101.1384 2
 -43.4854  100.0462 2
 -43.4645   98.9023 2
 -43.5067   98.1307 2
 -43.5838   97.4476 2
 -43.7132   96.7150 2
 -43.8411   95.8962 2
 -44.0397   94.7992 2
 -44.2984   93.6384 2
 -44.4759   93.0088 2
 -44.7394   92.0237 2
 -44.9726   91.1751 2
 -45.1329   90.4582 2
 -45.3108   89.8037 2
 -45.5377   88.7295 2
 -45.6314   87.5298 2
 -45.6625   86.5773 2
 -45.6674   85.7733 2
 -45.6502   84.9940 2
 -45.6638   84.2823 2
 -45.6625   83.3229 2
 -45.6654   82.3826 2
 -45.5587   81.4653 2
 -45.2396   80.5280 2
 -44.8814   79.4731 2
 -44.6943   78.5585 2
 -44.4321   77.6236 2
 -44.0910   76.7894 2
 -43.8436   75.9118 2
 -43.5670   75.1351 2
 -43.1285   74.6342 2
 -42.8798   74.0112 2
 -42.6691   73.4836 2
 -42.5552   72.7844 2
 -42.5862   72.1250 2
 -42.1121   71.9700 2
 -41.5921   71.6312 2
 -41.0437   71.2469 2
 -40.6280   71.1674 2
 -40.7353   71.9541 2
 -40.7880   72.5669 2
 -40.9900   73.3727 2
 -41.5755   74.3939 2
 -42.0248   74.9901 2
 -42.4706   75.6384 2
  99.0000   99.0000 3
9999 9999,GPML,nolabel,none,burlywood,oldlace,1,0
 613 4500.0   -inf UN   0   0   0     0
 -49.1966   86.3610 3
 -49.0736   87.5497 2
 -48.9587   88.2824 2
 -48.8665   89.0784 2
 -48.7133   90.0298 2
 -48.5415   91.1331 2
 -48.4219   91.8400 2
 -48.2680   93.1313 2
 -48.1664   94.3441 2
 -48.1096   95.2465 2
 -48.0431   96.0571 2
 -48.0237   96.8059 2
 -48.0456   97.6449 2
 -48.1593   98.8766 2
 -48.4075  100.0319 2
 -48.6505  101.0354 2
 -49.1030  102.2034 2
 -49.5227  102.9963 2
 -49.9696  103.7657 2
 -50.4838  104.7139 2
 -50.7824  105.8867 2
 -51.1755  106.5640 2
 -51.5280  107.1833 2
 -51.6069  106.1202 2
 -51.6011  104.7246 2
 -51.5710  103.4146 2
 -51.5666  102.3408 2
 -51.3647  101.6655 2
 -51.1974  100.9474 2
 -51.0794  100.3414 2
 -50.9527   99.4622 2
 -50.9195   98.3844 2
 -51.0539   97.3024 2
 -51.3132   96.3672 2
 -51.4975   95.1188 2
 -51.6730   93.9971 2
 -51.7828   92.8597 2
 -51.9094   91.0265 2
 -52.0928   89.6895 2
 -52.2325   87.7973 2
 -52.3265   86.5083 2
 -52.2769   84.7077 2
 -52.0983   82.9621 2
 -51.7857   81.6107 2
 -51.4305   80.4655 2
 -51.0802   79.3160 2
 -50.6379   78.1952 2
 -50.3020   77.2774 2
 -49.8024   76.3636 2
 -49.1846   75.5636 2
 -48.6836   74.9204 2
 -48.1055   74.1818 2
 -47.5327   73.4676 2
 -47.0869   72.8758 2
 -46.5869   72.2566 2
 -45.8530   71.6702 2
 -45.0648   71.5580 2
 -45.3776   72.1461 2
 -45.8649   72.5691 2
 -46.2211   73.3105 2
 -46.5589   74.1634 2
 -46.9842   74.9528 2
 -47.3416   75.8652 2
 -47.6220   76.7745 2
 -48.0856   77.7947 2
 -48.4976   78.7030 2
 -48.6968   79.6394 2
 -48.7891   80.6260 2
 -48.8867   81.6339 2
 -48.9442   82.3860 2
 -49.0383   83.2040 2
 -49.1123   84.0543 2
 -49.1741   85.0690 2
 -49.1966   86.3610 2
  99.0000   99.0000 3
9999 9999,GPML,nolabel,none,burlywood,oldlace,1,0
 615 4500.0   -inf UN   0   0   0     0
 -18.0062  116.0083 3
 -18.1365  116.6520 2
 -18.9232  116.0364 2
 -19.5454  115.2262 2
 -20.0262  114.5957 2
 -20.5315  113.7494 2
 -20.8208  113.2151 2
 -21.2000  112.4545 2
 -21.5198  111.7747 2
 -21.8000  110.9147 2
 -21.9525  110.3182 2
 -22.2064  109.8875 2
 -22.2691  109.4871 2
 -22.5134  108.8672 2
 -22.7717  107.9803 2
 -23.0001  106.7072 2
 -23.0108  105.0851 2
 -22.9514  103.9847 2
 -22.7118  103.2340 2
 -22.4296  102.6208 2
 -22.1258  102.0339 2
 -21.8567  101.5237 2
 -21.4363  100.7973 2
 -21.0589  100.3469 2
 -20.5910   99.9064 2
 -20.0380   99.4860 2
 -19.6256   99.1754 2
 -19.0591   98.4544 2
 -18.7805   97.7111 2
 -18.6295   97.1607 2
 -18.6000   96.6437 2
 -18.5654   96.0203 2
 -18.4774   95.0549 2
 -18.3415   94.0096 2
 -17.9754   93.1955 2
 -17.7517   93.9922 2
 -17.4972   95.0357 2
 -17.1168   96.2088 2
 -16.6498   97.2715 2
 -16.1211   98.3535 2
 -15.6730   99.2467 2
 -15.3691  100.1421 2
 -15.2025  100.7612 2
 -14.7716  101.7276 2
 -14.3836  102.8016 2
 -14.0337  103.7608 2
 -13.6803  104.4582 2
 -14.0238  104.9526 2
 -14.2075  105.5684 2
 -14.3722  106.6231 2
 -14.5593  107.5904 2
 -14.8680  108.6545 2
 -15.2972  109.5931 2
 -15.7147  110.4435 2
 -15.9449  110.9180 2
 -16.2890  112.0623 2
 -16.8356  112.5345 2
 -17.3553  113.4218 2
 -17.6918  114.4741 2
 -17.9086  115.2466 2
 -18.0062  116.0083 2
  99.0000   99.0000 3
9999 9999,GPML,nolabel,none,burlywood,oldlace,1,0
 616 4500.0   -inf UN   0   0   0     0
 -24.2650  131.4884 3
 -24.0240  132.0410 2
 -24.4352  132.1241 2
 -25.1171  132.1065 2
 -25.9363  132.0950 2
 -26.7380  131.6933 2
 -27.3194  131.6137 2
 -28.1714  131.7840 2
 -28.9283  132.3476 2
 -29.4410  132.0198 2
 -29.9586  131.5172 2
 -30.6884  131.3205 2
 -31.5094  131.4425 2
 -31.8154  131.0295 2
 -32.0907  130.6499 2
 -32.5491  130.7183 2
 -32.9894  130.9238 2
 -33.5432  131.0556 2
 -34.2171  131.0194 2
 -35.0814  130.7985 2
 -35.6603  130.4800 2
 -35.9477  130.2462 2
 -36.0925  129.8705 2
 -36.0890  129.1412 2
 -36.2766  128.1467 2
 -36.5342  127.3320 2
 -36.7923  126.6911 2
 -37.1759  125.8354 2
 -37.6726  124.8401 2
 -38.0335  124.1086 2
 -38.2412  123.6186 2
 -38.4683  123.0816 2
 -38.8176  122.4535 2
 -39.1234  121.9710 2
 -39.3768  121.5398 2
 -39.8624  120.8181 2
 -40.2789  119.9658 2
 -40.7946  119.0547 2
 -41.3930  118.0921 2
 -41.8691  117.5018 2
 -42.5013  116.7697 2
 -43.4215  115.5185 2
 -44.0283  114.5985 2
 -44.6748  113.5984 2
 -45.3834  112.2087 2
 -45.8038  111.2928 2
 -46.0560  110.3992 2
 -46.2173  109.5847 2
 -46.4036  108.5121 2
 -46.5713  107.3462 2
 -46.5956  106.3017 2
 -45.9293  106.2463 2
 -45.1148  106.2344 2
 -44.2482  106.2079 2
 -43.5882  106.0883 2
 -43.1025  106.4763 2
 -42.6350  107.4544 2
 -41.8574  108.3061 2
 -41.1184  109.0366 2
 -40.6290  109.4771 2
 -40.2233  109.8401 2
 -39.8522  110.3574 2
 -39.3876  111.1321 2
 -39.0838  112.2057 2
 -39.0350  112.8536 2
 -38.9633  113.7226 2
 -38.8307  114.5051 2
 -38.6442  115.1882 2
 -38.2512  116.0711 2
 -37.9619  116.6570 2
 -37.6258  117.3197 2
 -37.2575  117.9676 2
 -36.7571  118.6368 2
 -35.8881  119.2873 2
 -34.5627  120.1293 2
 -33.4201  120.5512 2
 -32.5770  120.7425 2
 -31.9567  120.8122 2
 -31.6014  120.9565 2
 -31.4242  121.7952 2
 -31.1599  122.6035 2
 -30.9187  123.2273 2
 -30.5555  124.2299 2
 -30.1389  124.8672 2
 -29.7969  125.2344 2
 -29.2615  125.6750 2
 -28.6777  126.1670 2
 -28.2838  126.5268 2
 -27.9520  126.8734 2
 -27.4605  127.3452 2
 -27.0300  127.8287 2
 -26.6671  128.1815 2
 -26.2201  128.7325 2
 -25.7552  129.3760 2
 -25.2389  130.1110 2
 -24.7107  130.8832 2
 -24.2650  131.4884 2
  99.0000   99.0000 3
9999 9999,GPML,nolabel,none,burlywood,oldlace,1,0
 619 4500.0   -inf UN   0   0   0     0
 -20.2268  130.3875 3
 -20.3793  131.1196 2
 -21.1083  131.3456 2
 -21.5276  131.5287 2
 -22.0080  131.6198 2
 -22.5878  131.6717 2
 -23.1019  131.6648 2
 -23.8027  131.7031 2
 -24.7455  131.6762 2
 -25.0004  131.1281 2
 -25.4611  130.5331 2
 -26.0086  129.7726 2
 -26.5430  129.0490 2
 -27.0237  128.4156 2
 -27.4841  127.8748 2
 -27.8556  127.5308 2
 -28.2977  127.0571 2
 -28.8005  126.5972 2
 -29.1405  126.2583 2
 -29.5430  125.9080 2
 -30.1384  125.4305 2
 -30.6841  125.0032 2
 -31.0347  124.6436 2
 -31.4663  124.0139 2
 -31.8528  123.0136 2
 -32.1084  122.3913 2
 -32.3912  121.5834 2
 -32.5874  120.7416 2
 -32.1163  120.6907 2
 -31.5547  120.8315 2
 -30.7166  120.9744 2
 -30.0076  120.9896 2
 -29.2026  120.9897 2
 -28.6253  120.9700 2
 -27.6864  120.8982 2
 -26.9345  120.7475 2
 -25.9631  120.5584 2
 -25.0671  120.1200 2
 -24.3152  121.0569 2
 -23.8690  121.8935 2
 -23.4677  122.5807 2
 -23.0862  123.1686 2
 -22.6586  123.7496 2
 -22.1091  124.1485 2
 -21.5230  124.5659 2
 -21.0551  125.1577 2
 -20.6809  125.6435 2
 -20.2327  126.3463 2
 -19.9120  127.0916 2
 -19.8234  127.9707 2
 -19.9223  129.2176 2
 -20.2268  130.3875 2
  99.0000   99.0000 3
9999 9999,GPML,nolabel,none,burlywood,oldlace,1,0
 628   60.0   -inf UN   0   0   0     0
  45.3938  118.8763 3
  44.7611  118.6949 2
  44.0219  118.5943 2
  43.2572  118.4641 2
  42.2132  118.2324 2
  41.5369  117.9868 2
  40.9203  117.7605 2
  40.2650  117.1657 2
  39.7595  116.7693 2
  39.1813  116.3236 2
  38.5568  115.8194 2
  38.1660  115.4039 2
  37.8561  115.0608 2
  37.3958  114.5154 2
  36.9117  113.9025 2
  36.4864  113.4141 2
  36.0863  112.9163 2
  35.8097  112.5287 2
  35.4289  111.9615 2
  35.1002  111.4135 2
  34.8126  110.4833 2
  34.8266  109.7204 2
  34.8530  109.0043 2
  34.9042  108.3958 2
  35.2173  108.0497 2
  35.4325  107.6155 2
  35.6576  106.9508 2
  35.9894  106.0425 2
  36.2300  105.0176 2
  36.2840  104.4283 2
  36.2962  103.7217 2
  36.3040  102.9832 2
  36.3620  102.0682 2
  36.4289  101.5192 2
  36.4260  100.8479 2
  36.4260  100.1557 2
  36.4373   99.4439 2
  36.4642   98.9174 2
  36.4784   98.1944 2
  36.4988   97.5839 2
  36.5425   96.9151 2
  36.6261   96.1904 2
  36.7028   95.6180 2
  36.7610   94.9188 2
  36.8059   94.3503 2
  36.8445   93.7700 2
  36.8970   92.9594 2
  36.8963   92.1899 2
  36.8969   91.6004 2
  36.8843   90.9147 2
  36.8687   90.3310 2
  36.8259   89.7000 2
  36.7561   88.9486 2
  36.6608   88.2742 2
  36.6197   87.6402 2
  36.5747   86.8370 2
  36.5394   86.2333 2
  36.5226   85.4853 2
  36.4916   84.9225 2
  36.4600   84.5509 2
  36.4187   83.9873 2
  36.7110   83.5975 2
  36.8739   82.8603 2
  37.0013   82.3372 2
  37.2611   81.7408 2
  37.5184   80.9111 2
  37.6282   80.0867 2
  37.7062   79.1318 2
  37.7655   78.3841 2
  37.7853   77.6212 2
  37.8678   76.8386 2
  37.9192   76.1016 2
  38.0400   75.5303 2
  38.1972   75.0821 2
  38.5669   74.4373 2
  38.8709   73.7775 2
  39.1670   73.2882 2
  39.5871   72.8615 2
  40.0819   72.4220 2
  40.7796   72.0357 2
  40.6492   72.5414 2
  40.3511   73.2738 2
  40.1198   74.0009 2
  40.0110   74.7676 2
  39.9276   75.5926 2
  39.8501   76.3216 2
  39.7554   77.1200 2
  39.7598   77.8017 2
  39.7099   78.5229 2
  39.7267   79.1205 2
  39.7633   79.7534 2
  39.8159   80.4522 2
  39.8887   81.0592 2
  39.9971   81.8312 2
  40.1391   82.5878 2
  40.2846   83.1341 2
  40.5266   83.7324 2
  40.8459   84.5503 2
  41.1405   85.3604 2
  41.3221   86.1847 2
  41.3661   86.9866 2
  41.4177   87.7006 2
  41.4597   88.3698 2
  41.5184   88.9693 2
  41.6538   89.7330 2
  41.9886   90.4912 2
  42.5373   91.3035 2
  42.8547   92.0588 2
  43.0098   92.5896 2
  43.1326   93.4666 2
  43.2011   94.2389 2
  43.2587   94.9163 2
  43.2196   95.5424 2
  43.2155   96.1244 2
  43.3823   96.7900 2
  43.7166   97.3774 2
  44.2835   98.1497 2
  44.6563   98.6027 2
  45.0896   99.0477 2
  45.4883   99.5147 2
  45.7801   99.9787 2
  46.0479  100.4564 2
  46.3934  101.1253 2
  46.6973  102.0224 2
  46.8651  102.6843 2
  46.8967  103.2735 2
  46.8297  103.7842 2
  46.7243  104.2872 2
  46.6379  104.8809 2
  46.4943  105.4540 2
  46.4031  105.9691 2
  46.2428  106.5974 2
  46.0219  107.1578 2
  45.8479  107.8909 2
  45.8076  108.4819 2
  45.7506  109.1276 2
  45.7213  109.7771 2
  45.6831  110.7028 2
  45.6363  111.7839 2
  45.6096  112.4645 2
  45.6072  112.9995 2
  45.6674  113.6139 2
  45.8209  114.5581 2
  46.0207  115.1553 2
  46.2398  115.7167 2
  46.5214  116.3329 2
  46.7690  116.9522 2
  47.0165  117.6163 2
  47.2500  118.3296 2
  47.3996  118.7240 2
  47.5363  119.2194 2
  47.1400  119.3891 2
  46.4975  119.1065 2
  45.9036  119.0269 2
  45.3938  118.8763 2
  99.0000   99.0000 3
9999 9999,GPML,nolabel,none,burlywood,oldlace,1,0
 701  300.0   -inf UN   0   0   0     0
 -48.5608   15.1305 3
 -49.4599   15.5367 2
 -50.1907   15.8387 2
 -51.1773   16.0653 2
 -52.0274   16.4629 2
 -52.8282   16.4950 2
 -53.6068   16.5749 2
 -54.2816   16.6723 2
 -54.5040   16.1747 2
 -54.9091   14.9116 2
 -55.4126   13.1340 2
 -55.8125   10.8805 2
 -56.2486    9.2613 2
 -56.5733    8.1907 2
 -57.1433    7.1185 2
 -57.6129    6.4011 2
 -58.2896    5.1818 2
 -58.9761    3.9649 2
 -59.7369    3.0832 2
 -60.7814    2.2728 2
 -61.6573    2.3516 2
 -62.2023    2.8208 2
 -62.9313    3.0958 2
 -63.5284    3.2122 2
 -64.2936    3.1466 2
 -65.1425    3.1749 2
 -65.8327    3.3233 2
 -66.3977    2.5995 2
 -66.9721    1.9415 2
 -67.5454    1.0684 2
 -68.0819    0.1974 2
 -68.6107   -0.7982 2
 -69.0784   -2.1796 2
 -69.5125   -3.5208 2
 -70.0102   -4.7572 2
 -70.5143   -5.7438 2
 -70.9364   -6.8866 2
 -71.1784   -8.4850 2
 -71.5139  -10.0760 2
 -72.1477  -12.1331 2
 -72.7118  -15.3748 2
 -72.9505  -18.1207 2
 -73.1659  -20.2049 2
 -73.9166  -20.9804 2
 -74.5583  -21.9281 2
 -74.9799  -25.0951 2
 -75.0142  -28.5047 2
 -75.3371  -31.2082 2
 -75.3783  -33.5672 2
 -75.2320  -35.7964 2
 -75.0272  -37.9910 2
 -74.5120  -38.8908 2
 -73.7295  -39.6479 2
 -73.3831  -41.2611 2
 -73.2861  -43.5859 2
 -73.1885  -46.3137 2
 -72.9996  -48.7364 2
 -72.6774  -51.4646 2
 -72.0497  -53.8962 2
 -71.4561  -55.2201 2
 -70.9643  -56.4446 2
 -70.4832  -58.3740 2
 -69.9965  -59.8920 2
 -69.6124  -60.8076 2
 -69.2523  -61.0089 2
 -68.8281  -61.9287 2
 -68.4445  -62.5951 2
 -67.6063  -63.6598 2
 -67.0080  -64.2615 2
 -66.2878  -65.2572 2
 -65.5101  -64.9203 2
 -64.8561  -64.9928 2
 -64.3919  -65.0385 2
 -63.8639  -65.2562 2
 -63.3785  -65.7171 2
 -62.8867  -66.9380 2
 -62.2662  -67.9463 2
 -61.9002  -67.6492 2
 -61.4559  -68.1337 2
 -61.0926  -66.7239 2
 -60.8308  -65.9692 2
 -60.6283  -65.1759 2
 -60.3986  -64.4681 2
 -60.0430  -63.0771 2
 -59.7174  -61.5610 2
 -59.5600  -59.9437 2
 -59.5440  -58.8686 2
 -59.3976  -57.9188 2
 -59.3516  -56.9409 2
 -59.1340  -55.7212 2
 -58.6542  -54.8770 2
 -58.3255  -54.5306 2
 -57.7918  -53.9253 2
 -57.1939  -52.7538 2
 -56.9284  -51.2838 2
 -56.9348  -49.8452 2
 -56.8675  -48.4655 2
 -56.7162  -47.5090 2
 -56.5090  -46.7343 2
 -56.2979  -45.9926 2
 -56.0878  -44.9153 2
 -55.8304  -43.8785 2
 -55.4610  -42.8183 2
 -55.1230  -41.6558 2
 -54.8635  -40.6122 2
 -54.5161  -40.0756 2
 -54.3362  -39.4112 2
 -54.0910  -38.6206 2
 -53.8334  -37.9330 2
 -53.4268  -37.2112 2
 -52.9460  -36.3154 2
 -52.5640  -35.5913 2
 -52.0314  -34.4794 2
 -51.7445  -33.5360 2
 -51.4511  -32.7105 2
 -51.0924  -31.6892 2
 -50.8839  -30.4764 2
 -50.7541  -29.1946 2
 -50.7325  -28.0549 2
 -50.7317  -27.3304 2
 -50.7563  -26.1476 2
 -50.8366  -24.8184 2
 -50.9493  -23.8558 2
 -50.4513  -22.8035 2
 -49.8936  -21.8987 2
 -49.4609  -21.0823 2
 -48.9566  -20.0733 2
 -48.3352  -19.4672 2
 -48.0834  -18.8745 2
 -47.5561  -18.6339 2
 -46.9883  -18.1735 2
 -46.4632  -17.3768 2
 -45.8033  -16.8611 2
 -45.1476  -16.3504 2
 -44.6815  -16.1618 2
 -44.1172  -16.0361 2
 -43.4049  -15.9547 2
 -42.3389  -15.5592 2
 -41.6976  -15.0105 2
 -41.3349  -14.4341 2
 -41.1114  -13.4445 2
 -40.8718  -12.6878 2
 -40.5744  -11.8259 2
 -40.3389  -11.1153 2
 -40.0565  -10.3828 2
 -39.7006   -9.6467 2
 -39.0811   -9.4538 2
 -38.3122   -9.8259 2
 -37.6849  -10.1509 2
 -36.9176  -10.5946 2
 -36.4408  -10.9678 2
 -36.0091  -11.2832 2
 -35.8498  -10.6262 2
 -36.0284   -9.9435 2
 -36.2417   -9.0891 2
 -36.3349   -8.3424 2
 -36.4918   -7.3815 2
 -36.6722   -6.5745 2
 -36.5193   -5.8075 2
 -36.0588   -5.2196 2
 -36.3258   -4.2579 2
 -36.6629   -2.9675 2
 -36.7501   -2.0234 2
 -37.1457   -1.5812 2
 -37.6744   -1.0504 2
 -38.3820   -0.3453 2
 -39.5235    0.5748 2
 -40.4195    1.5908 2
 -41.2394    2.3541 2
 -41.9535    3.0512 2
 -42.4515    3.7226 2
 -42.6808    4.8585 2
 -42.8846    6.0759 2
 -43.2248    7.3837 2
 -43.6322    8.4358 2
 -44.0386    9.4720 2
 -44.3469   10.5949 2
 -44.4462   11.4327 2
 -44.5881   12.3174 2
 -44.9569   13.4106 2
 -45.2471   14.1955 2
 -46.3431   14.5032 2
 -47.0917   14.7466 2
 -47.8227   14.9578 2
 -48.5608   15.1305 2
  99.0000   99.0000 3
9999 9999,GPML,nolabel,none,burlywood,oldlace,1,0
 702 4500.0   -inf UN   0   0   0     0
 -68.4618   15.4326 3
 -68.1814   13.4964 2
 -67.6788   13.8105 2
 -67.0468   14.1378 2
 -66.2700   15.0403 2
 -65.5997   15.6717 2
 -65.0053   16.1900 2
 -64.2768   17.1875 2
 -63.6087   19.0470 2
 -63.1003   21.0208 2
 -62.6781   22.5137 2
 -62.3043   23.1648 2
 -61.7101   23.7320 2
 -61.0665   24.0915 2
 -60.4412   24.5922 2
 -59.9549   25.8898 2
 -59.6750   27.2915 2
 -59.6424   28.5142 2
 -59.8199   29.5600 2
 -60.0877   30.8073 2
 -60.1482   32.3411 2
 -60.1148   33.5144 2
 -59.9309   34.5928 2
 -59.6096   35.6949 2
 -59.1555   37.0127 2
 -58.7178   38.6529 2
 -58.7398   39.9745 2
 -59.4343   40.6626 2
 -60.0455   40.7567 2
 -60.5254   40.5267 2
 -60.9933   40.3503 2
 -61.7805   39.7668 2
 -62.6931   38.8196 2
 -63.5461   37.4388 2
 -64.0134   35.9966 2
 -64.5102   34.5797 2
 -65.2649   32.5614 2
 -65.7218   31.3495 2
 -66.1177   30.0912 2
 -66.6278   28.6111 2
 -67.1851   26.5552 2
 -67.5869   25.2070 2
 -67.8969   24.0880 2
 -68.3269   22.5525 2
 -68.6345   21.2033 2
 -68.8694   19.1600 2
 -68.6729   17.0760 2
 -68.4618   15.4326 2
  99.0000   99.0000 3
9999 9999,GPML,nolabel,none,burlywood,oldlace,1,0
 707  300.0   -inf UN   0   0   0     0
 -14.3990   14.3884 3
 -14.5006   13.8718 2
 -14.3464   13.1535 2
 -14.2334   12.5796 2
 -14.0577   11.7917 2
 -13.9058   10.9873 2
 -13.7691   10.3181 2
 -13.6288    9.6084 2
 -13.4577    8.6067 2
 -13.3142    7.9563 2
 -13.1574    7.1968 2
 -12.7802    6.1288 2
 -12.6331    5.4306 2
 -12.5511    4.9379 2
 -12.2716    4.3480 2
 -11.9123    3.5965 2
 -11.4946    2.9414 2
 -10.9571    2.3693 2
 -10.5844    1.9988 2
 -10.1038    1.4280 2
  -9.5453    0.6408 2
  -9.2129   -0.0842 2
  -8.8796   -0.9873 2
  -8.6229   -1.6937 2
  -8.4700   -2.3901 2
  -8.1503   -2.9332 2
  -7.7746   -2.5920 2
  -7.5405   -2.0755 2
  -7.1507   -1.2652 2
  -6.8852   -0.5597 2
  -6.8592   -0.1263 2
  -7.0650    0.5558 2
  -7.2726    1.1712 2
  -7.3391    1.6239 2
  -7.2825    2.0664 2
  -7.2018    2.5585 2
  -6.9998    3.1043 2
  -6.8552    3.5236 2
  -7.1831    3.9601 2
  -7.6528    4.2765 2
  -8.2474    4.5050 2
  -8.6129    4.7106 2
  -8.8874    5.0076 2
  -9.2483    5.3665 2
  -9.5796    5.9004 2
  -9.7468    6.3705 2
  -9.9045    6.9529 2
 -10.0155    7.3948 2
 -10.1303    7.8062 2
 -10.3435    8.2796 2
 -10.6459    8.8250 2
 -10.9536    9.3011 2
 -11.3518    9.8461 2
 -11.8836   10.5075 2
 -12.3498   11.0719 2
 -12.8739   11.8453 2
 -13.3399   12.6537 2
 -13.6447   13.2098 2
 -13.9480   13.8122 2
 -14.3990   14.3884 2
  99.0000   99.0000 3
9999 9999,GPML,nolabel,none,burlywood,oldlace,1,0
 709  300.0   -inf UN   0   0   0     0
 -51.4542   36.1351 3
 -51.5500   36.9416 2
 -51.5110   38.1659 2
 -51.6042   39.1439 2
 -51.5634   40.2276 2
 -51.2966   41.2187 2
 -51.1922   42.5263 2
 -51.1058   44.1204 2
 -50.9062   45.3292 2
 -50.6025   46.3451 2
 -50.2482   47.2480 2
 -50.7225   47.7097 2
 -51.4819   47.7799 2
 -52.3789   47.6018 2
 -53.0813   47.2166 2
 -53.8278   46.5587 2
 -54.3627   46.0719 2
 -55.0660   45.4239 2
 -55.8029   44.6764 2
 -56.4329   43.9647 2
 -56.9365   43.2445 2
 -57.4285   42.5171 2
 -57.9437   41.6470 2
 -58.3680   40.8475 2
 -58.9015   39.9475 2
 -59.5040   38.5254 2
 -59.9258   37.0675 2
 -60.2262   36.0932 2
 -60.5849   34.8109 2
 -60.8980   33.5445 2
 -61.1573   32.2905 2
 -61.5727   30.6093 2
 -62.0808   29.0053 2
 -62.5434   27.6849 2
 -62.9394   26.5631 2
 -63.3294   25.0749 2
 -63.6031   23.8801 2
 -63.9929   22.2361 2
 -64.3400   20.6862 2
 -64.9523   19.1816 2
 -65.3712   18.1332 2
 -65.6247   17.5016 2
 -66.2746   16.8396 2
 -66.8176   16.6195 2
 -67.3084   16.4746 2
 -67.8542   15.7782 2
 -68.4343   14.9304 2
 -69.0032   14.5721 2
 -69.6826   14.2550 2
 -70.3686   14.8743 2
 -70.9889   13.7462 2
 -71.6117   12.7814 2
 -72.1657   11.8636 2
 -72.6136   11.0696 2
 -73.2253   10.0017 2
 -73.8627    8.7784 2
 -74.3794    7.4184 2
 -74.7710    6.2773 2
 -74.9382    4.3177 2
 -75.0585    2.7048 2
 -75.0648    0.2269 2
 -74.9167   -2.2779 2
 -74.7487   -4.3481 2
 -74.5744   -6.3535 2
 -74.4765   -8.4228 2
 -74.7695  -12.2566 2
 -74.8807  -14.6699 2
 -74.6852  -17.1338 2
 -74.5590  -19.6432 2
 -74.6494  -21.8472 2
 -73.9897  -21.0813 2
 -73.2248  -20.5024 2
 -72.9661  -18.4727 2
 -72.6703  -15.7932 2
 -72.0397  -12.7016 2
 -71.3644  -10.7980 2
 -70.9967   -9.2912 2
 -70.7222   -7.7588 2
 -70.2775   -6.7096 2
 -69.7541   -5.8258 2
 -69.2321   -4.6907 2
 -68.7716   -3.4390 2
 -68.2768   -2.1506 2
 -67.7288   -1.2478 2
 -67.1758   -0.4650 2
 -66.5859    0.3186 2
 -65.9993    0.8943 2
 -65.4207    1.5393 2
 -65.2572    2.8921 2
 -65.1720    5.0484 2
 -65.1317    7.3199 2
 -64.4580    8.3417 2
 -63.7498    8.8968 2
 -63.1692    9.9134 2
 -62.3626   11.6781 2
 -61.5129   13.7282 2
 -60.5983   14.8544 2
 -59.9372   15.4931 2
 -59.4104   16.4370 2
 -58.9272   17.4007 2
 -58.1922   18.1590 2
 -57.3500   18.7236 2
 -56.3607   19.2279 2
 -55.7292   19.6136 2
 -55.2658   20.2619 2
 -54.8344   21.0370 2
 -54.3224   21.7322 2
 -54.7122   22.6842 2
 -54.7067   23.8062 2
 -53.8701   24.5773 2
 -53.2524   25.1349 2
 -52.8368   26.0820 2
 -52.4614   27.3084 2
 -52.0889   28.4092 2
 -51.6187   29.7141 2
 -51.2107   30.8283 2
 -50.7045   31.6554 2
 -50.1139   31.6695 2
 -49.4665   31.5381 2
 -48.9078   31.3943 2
 -48.2470   31.4767 2
 -47.4354   31.5238 2
 -46.8655   31.3617 2
 -46.2732   31.2616 2
 -45.7723   31.6579 2
 -45.3104   32.2050 2
 -44.8334   32.7007 2
 -45.1748   33.0974 2
 -45.9751   33.5063 2
 -46.4111   33.7594 2
 -46.8710   34.0481 2
 -47.4839   34.6589 2
 -48.0961   34.8426 2
 -48.7404   35.2587 2
 -49.4357   35.7878 2
 -50.0466   35.7935 2
 -50.5123   35.8415 2
 -51.0012   35.6413 2
 -51.4542   36.1351 2
  99.0000   99.0000 3
9999 9999,GPML,nolabel,none,burlywood,oldlace,1,0
 712  300.0   -inf UN   0   0   0     0
 -65.5327    3.7778 3
 -65.6853    2.4035 2
 -64.9971    2.2096 2
 -64.1489    2.1276 2
 -63.3832    2.1469 2
 -62.7876    1.9970 2
 -62.0620    1.6835 2
 -61.5227    1.1880 2
 -60.6480    1.0656 2
 -59.5943    1.8229 2
 -58.8234    2.6666 2
 -58.1230    3.8485 2
 -57.4324    5.0341 2
 -56.9547    5.7292 2
 -56.3725    6.7740 2
 -56.0357    7.8266 2
 -55.5815    9.4206 2
 -55.1566   11.6459 2
 -54.6337   13.3946 2
 -54.2149   14.6357 2
 -53.9872   15.1227 2
 -54.1546   15.9950 2
 -54.1682   17.3099 2
 -54.2731   18.9814 2
 -54.4071   20.7643 2
 -54.5484   21.7937 2
 -54.7318   23.1350 2
 -55.2396   22.4236 2
 -55.6662   21.6326 2
 -56.1256   20.9686 2
 -56.7546   20.5661 2
 -57.7407   20.0354 2
 -58.5793   19.4455 2
 -59.3093   18.6612 2
 -59.7861   17.6745 2
 -60.3066   16.7062 2
 -60.9633   16.0418 2
 -61.8700   14.8756 2
 -62.7052   12.7746 2
 -63.4989   10.9616 2
 -64.0720    9.9116 2
 -64.7759    9.3221 2
 -65.4417    8.2600 2
 -65.4646    5.9609 2
 -65.5327    3.7778 2
  99.0000   99.0000 3
9999 9999,GPML,nolabel,none,burlywood,oldlace,1,0
 714  300.0   -inf UN   0   0   0     0
 -37.9444   -6.3494 3
 -37.8741   -7.3455 2
 -37.8478   -8.1162 2
 -37.7112   -9.0135 2
 -37.5938   -9.7320 2
 -37.8098  -10.3787 2
 -37.0987  -10.4188 2
 -36.2244  -10.3226 2
 -35.4393  -10.3748 2
 -34.8016  -10.6850 2
 -34.1717  -11.3646 2
 -33.6594  -12.1217 2
 -33.3404  -12.7043 2
 -32.9533  -12.9597 2
 -32.8393  -13.4773 2
 -32.7570  -14.0096 2
 -32.6307  -14.7478 2
 -32.6611  -15.3812 2
 -32.2105  -15.8442 2
 -31.5879  -16.2848 2
 -31.0004  -16.5937 2
 -30.3508  -17.0271 2
 -29.7320  -17.4587 2
 -29.2144  -18.1072 2
 -28.7800  -18.7260 2
 -28.4880  -19.2049 2
 -28.2364  -19.7226 2
 -27.8864  -20.1970 2
 -27.1690  -20.5820 2
 -26.3800  -20.7051 2
 -25.7469  -20.7165 2
 -24.8070  -20.7340 2
 -23.8521  -20.6344 2
 -22.9692  -20.6132 2
 -22.1006  -20.7378 2
 -21.2871  -20.9811 2
 -20.5916  -21.1455 2
 -20.0552  -21.0401 2
 -19.5629  -20.9098 2
 -18.9302  -20.6599 2
 -18.1934  -20.7619 2
 -17.2472  -20.8470 2
 -16.5390  -20.7423 2
 -16.0240  -20.6565 2
 -15.5943  -20.2868 2
 -15.0810  -19.7465 2
 -14.7135  -19.2851 2
 -14.3149  -18.6878 2
 -13.8412  -18.0148 2
 -13.4394  -17.4289 2
 -13.2690  -16.6862 2
 -13.0816  -15.9322 2
 -12.8965  -15.3292 2
 -12.6389  -14.7276 2
 -12.3792  -14.2458 2
 -11.8623  -13.6608 2
 -11.1541  -13.2131 2
 -10.2140  -12.8983 2
  -9.5947  -12.1367 2
  -9.2725  -11.5246 2
  -9.0337  -10.9681 2
  -8.8817  -10.3744 2
  -8.5181   -9.8063 2
  -8.4150   -9.0528 2
  -8.2730   -8.2205 2
  -8.1375   -7.4897 2
  -8.4325   -6.8374 2
  -8.5793   -6.4199 2
  -8.7395   -5.9129 2
  -8.7831   -5.3490 2
  -8.6838   -4.7843 2
  -8.4946   -4.1585 2
  -8.3416   -3.6204 2
  -8.4778   -2.8355 2
  -8.7483   -2.1891 2
  -9.0531   -1.3703 2
  -9.1296   -0.5809 2
  -9.4262   -0.0231 2
  -9.5495    0.6811 2
  -9.7760    1.3999 2
 -10.0704    2.3191 2
 -10.3713    3.0600 2
 -10.8954    3.8732 2
 -11.3507    4.4665 2
 -11.7070    4.8544 2
 -12.2191    5.4519 2
 -12.6078    6.1271 2
 -12.9338    6.8963 2
 -13.1871    7.5000 2
 -13.2474    7.9973 2
 -13.3634    8.7032 2
 -13.6929    9.7902 2
 -13.8159   10.5580 2
 -13.9301   11.2158 2
 -14.0564   12.2264 2
 -14.1647   12.9433 2
 -14.2713   13.6194 2
 -14.3868   14.4315 2
 -14.5269   15.2281 2
 -14.6139   15.8075 2
 -14.7355   16.5333 2
 -14.6107   17.0449 2
 -14.8249   17.6060 2
 -15.7420   17.6656 2
 -16.4027   17.6152 2
 -16.8488   17.6614 2
 -17.0988   16.8980 2
 -17.3231   16.1863 2
 -17.4897   15.4795 2
 -17.7049   14.8697 2
 -18.0466   14.3583 2
 -18.5323   13.8336 2
 -19.6623   12.9078 2
 -20.5522   12.3169 2
 -21.6752   11.4668 2
 -22.9490   10.4303 2
 -24.2116    9.4578 2
 -25.5184    8.5236 2
 -26.6868    7.7245 2
 -27.9149    6.9609 2
 -28.9756    6.3705 2
 -30.0550    5.7232 2
 -31.1775    5.3852 2
 -32.2444    5.1758 2
 -33.1634    5.1506 2
 -33.9449    5.1413 2
 -34.7786    5.1708 2
 -35.5123    5.2139 2
 -36.3752    5.2605 2
 -36.7042    4.6517 2
 -36.7397    3.7115 2
 -36.7148    2.2438 2
 -36.6754    0.6676 2
 -37.2193   -0.3006 2
 -37.7177   -0.9022 2
 -37.7169   -1.8654 2
 -37.4987   -3.2145 2
 -37.3203   -4.2231 2
 -37.8307   -4.7524 2
 -38.0515   -5.5067 2
 -37.9444   -6.3494 2
  99.0000   99.0000 3
9999 9999,GPML,nolabel,none,burlywood,oldlace,1,0
 715  300.0   -inf UN   0   0   0     0
 -20.1831   16.3029 3
 -20.8416   16.6396 2
 -21.1322   17.1821 2
 -22.0203   17.4525 2
 -22.4299   17.5493 2
 -22.7735   17.7713 2
 -23.2068   18.1866 2
 -23.6859   18.5397 2
 -24.1728   18.7922 2
 -24.5610   19.0797 2
 -24.6767   19.7785 2
 -23.8746   20.2950 2
 -23.6232   20.8026 2
 -23.6887   21.3946 2
 -23.9455   22.0155 2
 -24.2015   22.7337 2
 -24.4291   23.3728 2
 -24.6817   23.8546 2
 -25.1144   24.2400 2
 -25.6150   24.6897 2
 -26.2319   25.2838 2
 -26.8962   25.9709 2
 -27.5840   26.7553 2
 -28.2071   27.5257 2
 -28.4918   28.2787 2
 -28.5564   28.8536 2
 -28.5583   29.5774 2
 -28.5583   30.1050 2
 -28.7434   30.4776 2
 -29.2832   30.4865 2
 -30.0902   30.5358 2
 -30.9864   30.7693 2
 -31.9574   31.0011 2
 -32.7306   31.2295 2
 -33.2374   31.4521 2
 -33.5129   31.0065 2
 -34.0368   30.8363 2
 -34.7828   30.9173 2
 -35.6227   31.2031 2
 -36.4164   31.4332 2
 -37.1899   31.6059 2
 -38.0685   31.7588 2
 -38.8186   31.9456 2
 -39.5169   32.2846 2
 -40.2316   32.4426 2
 -40.9359   32.3546 2
 -41.4528   32.1619 2
 -41.8878   32.0142 2
 -42.0198   31.4594 2
 -42.2682   30.4118 2
 -42.6216   28.8307 2
 -42.9709   27.1012 2
 -43.3697   25.5354 2
 -43.7175   23.6784 2
 -43.9872   22.0186 2
 -44.2475   20.3232 2
 -44.5175   18.4193 2
 -44.8089   16.4777 2
 -44.9877   14.8119 2
 -45.0393   13.4630 2
 -45.0778   12.8432 2
 -44.7936   12.0560 2
 -44.4334   10.9603 2
 -44.2984   10.0757 2
 -44.2058    9.2385 2
 -43.9064    8.1135 2
 -43.5083    7.0734 2
 -43.1093    6.0172 2
 -42.7797    4.7067 2
 -42.5857    3.4883 2
 -42.3656    2.3507 2
 -41.8732    1.6729 2
 -41.1649    0.9662 2
 -40.3512    0.1920 2
 -39.4636   -0.8354 2
 -38.3298   -1.7703 2
 -37.6279   -2.4843 2
 -37.1037   -3.0217 2
 -36.7118   -3.4687 2
 -36.2653   -2.8139 2
 -35.8038   -1.7931 2
 -35.9731   -0.2464 2
 -36.1196    1.1975 2
 -36.1625    2.1302 2
 -35.8861    2.7740 2
 -35.0238    2.8371 2
 -34.2904    2.8856 2
 -33.4585    2.9579 2
 -32.6817    3.0605 2
 -31.7694    3.1933 2
 -30.7251    3.5233 2
 -29.6362    3.9844 2
 -28.6160    4.7451 2
 -27.6096    5.4456 2
 -26.4511    6.3342 2
 -25.3550    7.2499 2
 -24.1323    8.3125 2
 -22.9569    9.4072 2
 -21.7756   10.5651 2
 -20.7288   11.5212 2
 -19.8921   12.1955 2
 -18.8445   13.2259 2
 -18.4048   13.7948 2
 -18.1075   14.3371 2
 -17.9442   14.9660 2
 -17.8375   15.6873 2
 -17.6738   16.4190 2
 -17.4886   17.2049 2
 -17.9181   17.4832 2
 -18.3588   17.5708 2
 -18.8340   17.2414 2
 -19.2031   16.8140 2
 -19.3569   16.4135 2
 -19.7316   16.2484 2
 -20.1831   16.3029 2
  99.0000   99.0000 3
9999 9999,GPML,nolabel,none,burlywood,oldlace,1,0
 716  300.0   -inf UN   0   0   0     0
 -55.1470   25.3003 3
 -55.1455   24.1659 2
 -54.7495   23.2113 2
 -54.5655   21.8697 2
 -54.4237   20.8401 2
 -54.2889   19.0567 2
 -54.1831   17.3848 2
 -54.1688   16.0694 2
 -54.0009   15.1970 2
 -53.3273   15.0805 2
 -52.5496   14.9790 2
 -51.7492   14.9252 2
 -50.9034   14.5075 2
 -49.9192   14.2571 2
 -49.1916   13.9388 2
 -48.2968   13.5132 2
 -47.5606   13.3243 2
 -46.8319   13.0976 2
 -46.0859   12.8389 2
 -45.3199   12.6012 2
 -44.9977   12.5325 2
 -44.9327   13.6729 2
 -44.8978   14.4745 2
 -44.7146   16.1367 2
 -44.4182   18.0735 2
 -44.1433   19.9727 2
 -43.8788   21.6638 2
 -43.6050   23.3193 2
 -43.2529   25.1712 2
 -42.8504   26.7322 2
 -42.4973   28.4569 2
 -42.1404   30.0334 2
 -41.8898   31.0779 2
 -41.7566   31.6311 2
 -42.1353   31.7583 2
 -42.3851   32.1990 2
 -42.9292   32.9424 2
 -43.3515   33.6450 2
 -43.9406   33.9157 2
 -44.4190   34.0036 2
 -44.8573   34.3545 2
 -45.3234   34.4167 2
 -45.7979   33.9120 2
 -46.2571   33.3553 2
 -46.7560   32.9502 2
 -47.3487   33.0448 2
 -47.9194   33.2020 2
 -48.7308   33.1453 2
 -49.3911   33.0543 2
 -49.9506   33.1928 2
 -50.5986   33.3176 2
 -51.1891   33.2959 2
 -51.6910   32.4536 2
 -52.0932   31.3221 2
 -52.5563   29.9966 2
 -52.9226   28.8785 2
 -53.2908   27.6331 2
 -53.7009   26.6692 2
 -54.3151   26.0950 2
 -55.1470   25.3003 2
  99.0000   99.0000 3
9999 9999,GPML,nolabel,none,burlywood,oldlace,1,0
 801 4500.0   -inf UN   0   0   0     0
 -37.4820  132.2822 3
 -37.3423  133.7305 2
 -37.1096  134.8970 2
 -37.0280  135.9125 2
 -36.8345  137.1621 2
 -36.8223  138.3606 2
 -36.8605  139.3899 2
 -36.8688  140.3554 2
 -36.9855  141.6036 2
 -37.0950  142.8341 2
 -37.1356  143.8066 2
 -37.1671  144.4362 2
 -37.2787  145.0607 2
 -37.4584  145.6840 2
 -37.4217  146.7036 2
 -37.8528  147.8337 2
 -37.9318  148.6132 2
 -37.9857  149.3718 2
 -38.0716  149.9656 2
 -38.7497  150.2849 2
 -38.8487  150.8601 2
 -38.9688  151.3794 2
 -39.0428  151.7552 2
 -39.0295  152.1959 2
 -39.1224  153.0941 2
 -39.3028  153.7381 2
 -39.2262  154.3348 2
 -39.0851  154.8399 2
 -39.2173  155.7391 2
 -39.3987  156.7539 2
 -39.7235  156.4761 2
 -39.8597  155.6864 2
 -39.8056  154.7444 2
 -39.8963  154.0223 2
 -39.9948  153.2775 2
 -40.0406  152.5652 2
 -40.1287  151.6220 2
 -40.2348  150.7091 2
 -40.2445  149.7922 2
 -40.2352  148.8551 2
 -40.0704  148.0932 2
 -39.7762  147.2090 2
 -39.6838  146.5918 2
 -39.4443  145.9459 2
 -39.5533  145.2698 2
 -40.1589  145.3437 2
 -41.1195  144.9660 2
 -41.6960  144.7329 2
 -42.1296  144.6845 2
 -42.6453  144.6771 2
 -43.0799  144.8094 2
 -43.6751  144.9906 2
 -44.2898  145.3770 2
 -44.7939  146.3765 2
 -45.0948  147.4474 2
 -45.5786  148.1258 2
 -46.1226  148.7222 2
 -46.9906  150.0464 2
 -47.5701  151.2632 2
 -47.8098  152.6365 2
 -47.9959  153.3410 2
 -48.0860  154.2242 2
 -48.1299  155.1950 2
 -48.3244  156.3790 2
 -48.4312  157.3063 2
 -48.5469  158.0362 2
 -48.5942  159.1340 2
 -48.5198  160.3298 2
 -48.6992  161.0230 2
 -49.4366  161.9800 2
 -50.0942  161.9016 2
 -50.6462  161.7870 2
 -51.0440  162.6935 2
 -51.2134  164.2561 2
 -51.6111  164.9238 2
 -52.1025  165.5622 2
 -52.6409  166.1211 2
 -53.2196  166.7541 2
 -53.8457  167.5121 2
 -54.3456  168.0145 2
 -54.8785  168.4709 2
 -55.4958  168.8518 2
 -56.2395  169.2892 2
 -57.0744  169.8020 2
 -57.8179  170.2971 2
 -58.3240  170.5543 2
 -58.9022  170.7109 2
 -59.6237  170.8038 2
 -60.1074  170.8181 2
 -60.6655  170.8121 2
 -61.3059  171.0157 2
 -62.0357  171.4015 2
 -62.5694  171.8515 2
 -63.0087  172.3758 2
 -63.5851  173.0871 2
 -64.4169  173.3591 2
 -64.8474  172.5619 2
 -65.3738  172.3905 2
 -65.8677  173.4628 2
 -66.3723  174.9797 2
 -66.8789  176.2129 2
 -67.4572  177.4087 2
 -67.9517  178.2389 2
 -68.6355  179.3739 2
 -69.2377 -179.6637 2
 -69.8337 -178.9375 2
 -70.1660  179.7398 2
 -70.4483  178.2255 2
 -70.4891  176.7789 2
 -70.3967  175.1569 2
 -70.0489  172.8758 2
 -69.7494  170.6531 2
 -69.5209  168.8776 2
 -69.2860  167.6155 2
 -69.0157  166.0328 2
 -68.7936  164.6973 2
 -68.6909  163.0809 2
 -68.6699  161.0783 2
 -68.6356  159.0695 2
 -68.5431  157.3137 2
 -68.4771  155.3671 2
 -68.3982  153.1383 2
 -68.3981  151.8460 2
 -68.3749  150.3797 2
 -68.4157  148.9704 2
 -68.3106  147.3238 2
 -68.0786  145.9985 2
 -68.0141  144.0561 2
 -67.8418  141.8025 2
 -67.6100  139.8942 2
 -67.4398  138.5512 2
 -67.1846  137.0766 2
 -67.1440  135.9979 2
 -67.1363  134.5572 2
 -67.2246  132.7433 2
 -67.3148  130.5764 2
 -67.4714  128.2610 2
 -67.5977  127.0682 2
 -67.7200  125.6934 2
 -68.0038  124.1011 2
 -68.3509  123.0758 2
 -68.7555  121.7589 2
 -69.1462  119.9504 2
 -69.2842  118.1503 2
 -69.3003  116.6843 2
 -69.3144  114.9156 2
 -69.2666  113.1758 2
 -69.3111  111.3938 2
 -69.4398  109.8305 2
 -69.6310  108.4274 2
 -69.7824  107.1548 2
 -69.9127  105.2909 2
 -69.8801  103.6425 2
 -69.7847  102.2248 2
 -69.6831  101.0697 2
 -69.3675   99.7429 2
 -69.0339   98.3001 2
 -68.3976   97.7850 2
 -67.7528   97.9281 2
 -67.2653   98.5232 2
 -66.7315   99.2102 2
 -66.1538   99.6928 2
 -65.4202   99.8471 2
 -64.8074   99.5242 2
 -64.2192   99.2366 2
 -63.4836   98.9032 2
 -62.7641   98.5005 2
 -62.0738   97.9998 2
 -61.1571   97.4798 2
 -60.3019   97.2056 2
 -59.6930   97.1560 2
 -59.1220   97.3662 2
 -58.4821   97.7470 2
 -57.8754   98.3510 2
 -57.1106   99.3880 2
 -56.4535  100.2523 2
 -55.7840  101.2714 2
 -55.2752  102.3581 2
 -54.7816  102.8256 2
 -54.3123  103.8597 2
 -53.9759  104.8198 2
 -53.8018  105.6986 2
 -53.6790  106.5403 2
 -53.4903  107.4014 2
 -53.0598  108.6522 2
 -52.6238  110.1086 2
 -52.2552  111.0832 2
 -52.1420  111.8587 2
 -51.7835  112.4491 2
 -51.2449  112.8402 2
 -50.7038  113.0882 2
 -50.2792  113.4416 2
 -49.7870  114.1430 2
 -49.2768  115.3096 2
 -48.7698  116.3145 2
 -48.1423  117.1919 2
 -47.4303  117.2224 2
 -46.9381  116.3774 2
 -46.4349  116.2770 2
 -46.1848  117.1299 2
 -46.1971  118.4255 2
 -46.3992  119.2714 2
 -46.0666  119.9927 2
 -45.4336  120.8594 2
 -44.7686  121.4578 2
 -44.2258  122.7555 2
 -44.1051  123.7175 2
 -44.2435  124.5585 2
 -44.2775  125.1863 2
 -44.2395  125.9623 2
 -43.9207  126.6757 2
 -43.4515  127.4300 2
 -43.2502  128.6442 2
 -43.1875  129.3767 2
 -42.8686  129.7573 2
 -42.4216  129.5487 2
 -41.7348  129.1288 2
 -40.5352  129.3620 2
 -40.1126  129.8265 2
 -39.4738  130.2695 2
 -38.7342  130.2173 2
 -38.2519  130.8568 2
 -37.9898  130.3002 2
 -37.7497  130.8617 2
 -37.6108  131.5158 2
 -37.4820  132.2822 2
  99.0000   99.0000 3
9999 9999,GPML,nolabel,none,burlywood,oldlace,1,0
 802  300.0   -inf UN   0   0   0     0
 -70.9240 -159.6657 3
 -71.3041 -159.6423 2
 -71.2038 -160.1183 2
 -70.9240 -159.6657 2
  99.0000   99.0000 3
9999 9999,GPML,nolabel,none,burlywood,oldlace,1,0
 802 4500.0   -inf UN   0   0   0     0
 -69.7788  178.6162 3
 -69.9439  179.3443 2
 -70.1863 -179.8236 2
 -70.3467 -179.2280 2
 -70.5225 -178.5988 2
 -70.6180 -178.0677 2
 -70.9644 -177.5484 2
 -71.6177 -177.3414 2
 -72.2404 -177.1158 2
 -72.9387 -176.7528 2
 -73.7191 -176.3071 2
 -74.3309 -175.8425 2
 -74.8365 -175.4267 2
 -75.6566 -174.4148 2
 -76.4213 -173.1045 2
 -76.6701 -172.3899 2
 -76.8572 -171.5858 2
 -76.9607 -170.9149 2
 -77.0517 -170.3085 2
 -77.1794 -169.1760 2
 -77.2473 -168.2547 2
 -77.3338 -167.0186 2
 -77.3748 -166.1795 2
 -77.4337 -164.8760 2
 -77.4561 -163.8789 2
 -77.4736 -162.8216 2
 -77.4907 -161.9320 2
 -77.5035 -160.9833 2
 -77.5098 -160.0117 2
 -77.5010 -158.9202 2
 -77.4921 -157.9430 2
 -77.4720 -157.2175 2
 -77.4432 -156.1640 2
 -77.4111 -155.0799 2
 -77.3636 -153.7459 2
 -77.3004 -152.7946 2
 -77.2629 -152.3747 2
 -77.1983 -151.4917 2
 -77.1447 -150.8657 2
 -77.0650 -150.0244 2
 -77.0022 -149.3846 2
 -77.0852 -148.9759 2
 -77.5536 -148.4737 2
 -77.7480 -148.0220 2
 -78.0189 -147.3577 2
 -78.2115 -146.8701 2
 -78.3697 -146.1406 2
 -78.5183 -145.3935 2
 -78.6480 -144.5539 2
 -78.7292 -143.7570 2
 -78.7997 -142.9128 2
 -78.8764 -142.0937 2
 -78.9464 -141.2458 2
 -79.0430 -140.4271 2
 -79.1687 -139.7145 2
 -79.2505 -139.1530 2
 -79.3780 -138.8506 2
 -79.4249 -138.6420 2
 -79.3220 -137.4284 2
 -79.2510 -136.1513 2
 -79.1106 -133.9047 2
 -78.9852 -132.3971 2
 -78.8840 -131.2344 2
 -78.8083 -130.4243 2
 -78.7732 -129.9532 2
 -78.7212 -129.4092 2
 -78.7675 -128.9607 2
 -78.8651 -128.2803 2
 -78.9410 -127.8261 2
 -79.1829 -126.3392 2
 -79.3260 -124.8204 2
 -79.4159 -123.6869 2
 -79.4999 -122.3708 2
 -79.5652 -121.2682 2
 -79.6086 -120.7004 2
 -79.6400 -120.3350 2
 -79.6469 -119.8047 2
 -79.5744 -118.9770 2
 -79.6434 -117.5601 2
 -79.6290 -115.9917 2
 -79.5999 -114.1404 2
 -79.5529 -112.7593 2
 -79.5261 -111.9033 2
 -79.4983 -110.9916 2
 -79.4778 -110.1521 2
 -79.4714 -109.0202 2
 -79.4476 -107.6425 2
 -79.4479 -106.6123 2
 -79.4291 -105.4588 2
 -79.4060 -104.2798 2
 -79.3458 -103.4377 2
 -79.2791 -102.2962 2
 -79.1558 -100.9227 2
 -79.1167  -99.6983 2
 -79.0983  -98.3544 2
 -79.0576  -96.4976 2
 -79.1014  -95.0843 2
 -79.0547  -93.6747 2
 -79.1090  -92.2889 2
 -79.1106  -91.0032 2
 -79.1030  -89.8282 2
 -78.9308  -88.1850 2
 -78.8638  -86.5241 2
 -78.7239  -85.4370 2
 -78.5654  -83.9017 2
 -78.3206  -82.0016 2
 -77.8751  -80.2463 2
 -77.1900  -78.5264 2
 -76.4767  -76.7593 2
 -76.1047  -75.4727 2
 -75.9057  -74.2639 2
 -75.7180  -72.8967 2
 -75.4800  -71.4130 2
 -75.3231  -70.4937 2
 -75.0599  -68.9137 2
 -74.8876  -68.0889 2
 -74.5976  -66.8575 2
 -74.2971  -65.7339 2
 -74.0502  -64.4810 2
 -74.0183  -63.8863 2
 -74.0297  -63.3608 2
 -74.0212  -62.5433 2
 -73.8101  -61.4421 2
 -73.7168  -60.5214 2
 -73.7932  -59.6684 2
 -73.7638  -59.0134 2
 -73.6124  -58.0849 2
 -73.4853  -57.1064 2
 -73.4594  -56.1922 2
 -73.4643  -55.5057 2
 -73.5584  -54.7775 2
 -73.4926  -54.0050 2
 -73.4960  -53.1442 2
 -73.3999  -52.3270 2
 -73.1678  -51.3855 2
 -73.0238  -50.6672 2
 -72.8835  -49.8185 2
 -72.7531  -48.6964 2
 -72.6081  -47.8719 2
 -72.5012  -47.1350 2
 -72.3738  -45.9260 2
 -72.2882  -44.9222 2
 -72.2152  -44.0714 2
 -72.0961  -43.0459 2
 -71.9941  -41.9528 2
 -71.8854  -41.3300 2
 -71.8283  -40.5467 2
 -71.8925  -39.8437 2
 -71.9382  -39.1544 2
 -71.9874  -38.3414 2
 -72.0133  -37.4548 2
 -72.0834  -36.4994 2
 -72.1406  -35.7037 2
 -72.2440  -34.5249 2
 -72.3173  -33.5036 2
 -72.3564  -32.3783 2
 -72.3584  -31.4278 2
 -72.3334  -30.6755 2
 -72.2999  -29.7832 2
 -72.4127  -28.9903 2
 -72.5025  -27.7792 2
 -72.5641  -26.7393 2
 -72.5685  -25.6647 2
 -72.6546  -24.5122 2
 -72.7082  -23.3296 2
 -72.7823  -22.4485 2
 -72.8254  -21.0769 2
 -72.8124  -20.1436 2
 -72.8861  -19.3847 2
 -72.9634  -18.6278 2
 -72.7364  -17.6679 2
 -72.3709  -17.0272 2
 -71.8760  -16.1621 2
 -71.1398  -16.1088 2
 -70.8306  -15.5751 2
 -71.0399  -15.0843 2
 -71.4791  -14.8023 2
 -72.1600  -14.6690 2
 -72.6043  -14.1071 2
 -72.7717  -13.3095 2
 -72.8540  -12.4002 2
 -72.9864  -11.2048 2
 -73.0688  -10.2227 2
 -73.1868   -9.3902 2
 -73.4667   -8.2966 2
 -73.7509   -7.9530 2
 -73.9259   -7.4842 2
 -74.0906   -6.5425 2
 -74.2323   -5.0724 2
 -74.3086   -3.8334 2
 -74.3616   -2.5657 2
 -74.3875   -1.5121 2
 -74.4083   -0.5620 2
 -74.4385    0.3530 2
 -74.4390    1.3956 2
 -74.3972    2.2582 2
 -73.9862    3.0659 2
 -73.8815    3.8664 2
 -73.8913    5.0785 2
 -73.8406    6.2518 2
 -73.5248    7.4291 2
 -72.9334    8.4718 2
 -72.4582    9.2040 2
 -71.8911   10.0220 2
 -71.4755   10.7122 2
 -71.0984   11.2427 2
 -70.9403   11.9727 2
 -70.9289   12.8835 2
 -71.1108   13.4238 2
 -71.4968   13.8276 2
 -71.9959   13.2915 2
 -72.4458   12.6760 2
 -72.7720   13.0394 2
 -73.3126   13.2390 2
 -73.4391   14.4515 2
 -73.6170   15.4512 2
 -73.6787   16.4736 2
 -73.6914   17.2182 2
 -73.5406   18.1071 2
 -73.4198   19.1886 2
 -73.3284   20.0565 2
 -73.2870   20.6019 2
 -73.2578   21.4171 2
 -73.0852   22.6617 2
 -72.9381   23.6305 2
 -72.8130   24.5352 2
 -72.6257   25.8468 2
 -72.4417   27.1552 2
 -72.2799   28.5456 2
 -72.1019   29.9111 2
 -71.9675   31.1564 2
 -71.7353   32.3847 2
 -71.4677   33.9159 2
 -71.2623   35.4084 2
 -71.1546   36.3544 2
 -71.0867   37.2290 2
 -71.0955   38.2935 2
 -71.1362   39.3878 2
 -71.1851   40.1584 2
 -71.3063   41.2231 2
 -71.5592   42.4773 2
 -71.8696   43.5607 2
 -72.0874   44.4884 2
 -72.1883   45.2985 2
 -72.2597   46.1175 2
 -72.2941   47.1678 2
 -72.2494   48.1185 2
 -72.2541   48.9169 2
 -72.2837   50.2541 2
 -72.3183   51.4555 2
 -72.3375   52.4830 2
 -72.3775   53.7650 2
 -72.3808   55.1749 2
 -72.4211   56.1935 2
 -72.2864   57.0727 2
 -72.0959   57.6901 2
 -72.0506   58.6508 2
 -72.0352   59.8645 2
 -72.0164   61.2120 2
 -71.9928   63.0027 2
 -72.0448   64.4275 2
 -72.0942   65.6243 2
 -72.0864   66.4683 2
 -71.9962   67.5623 2
 -71.8935   68.7023 2
 -71.7006   69.7375 2
 -71.5277   70.3580 2
 -71.2428   71.2314 2
 -70.8681   72.3319 2
 -70.6544   73.6482 2
 -70.6082   74.5729 2
 -70.5538   75.9251 2
 -70.5684   77.1349 2
 -70.5579   77.9556 2
 -70.5885   78.9040 2
 -70.5141   79.5901 2
 -70.4101   80.4287 2
 -70.3069   81.1879 2
 -70.1803   82.2141 2
 -70.0792   82.8883 2
 -69.9438   83.5943 2
 -69.7277   84.4904 2
 -69.5780   85.2458 2
 -69.3996   86.2288 2
 -69.2616   87.1109 2
 -69.0720   88.1142 2
 -68.8320   88.9538 2
 -68.5474   89.6688 2
 -68.5021   90.3930 2
 -68.3047   91.0631 2
 -68.0895   91.5638 2
 -68.0765   91.9625 2
 -67.9867   92.6398 2
 -67.8210   93.6143 2
 -67.8148   94.5670 2
 -67.8518   95.1719 2
 -67.8518   95.1719 2
 -67.8297   95.8144 2
 -68.0287   96.8863 2
 -68.1301   98.2732 2
 -68.1480   99.4637 2
 -68.1518  100.9523 2
 -68.1160  102.4461 2
 -68.1357  103.4505 2
 -68.1786  104.2691 2
 -68.2045  104.9523 2
 -68.2409  106.0323 2
 -68.1169  106.6923 2
 -68.1407  107.5871 2
 -68.0638  108.8120 2
 -67.9615  110.3196 2
 -67.8396  111.4961 2
 -67.6557  112.5079 2
 -67.4945  113.1902 2
 -67.4576  113.7878 2
 -67.4684  114.5797 2
 -67.3229  115.6270 2
 -67.3669  116.7129 2
 -67.4178  117.3550 2
 -67.3582  118.2743 2
 -67.2845  118.9405 2
 -67.0922  120.1078 2
 -66.9745  120.6752 2
 -66.8021  121.6351 2
 -66.6647  122.5132 2
 -66.5401  123.2339 2
 -66.4208  124.0000 2
 -66.1987  125.3299 2
 -66.0607  126.4697 2
 -65.9899  127.5984 2
 -65.8863  128.3925 2
 -65.6561  129.5743 2
 -65.4211  130.8849 2
 -65.3861  131.4751 2
 -65.3633  132.7756 2
 -65.4910  133.8515 2
 -65.5917  134.9579 2
 -65.6028  135.9761 2
 -65.5886  137.0480 2
 -65.6001  137.8053 2
 -65.5387  138.6558 2
 -65.5145  139.3406 2
 -65.5005  139.9911 2
 -65.5249  141.2466 2
 -65.5053  142.0691 2
 -65.4161  142.6492 2
 -65.3023  143.5363 2
 -65.1724  144.5695 2
 -65.1197  145.3494 2
 -65.1029  146.1408 2
 -64.9741  146.7833 2
 -64.9265  147.6635 2
 -64.9310  148.3056 2
 -65.0081  149.2791 2
 -65.0727  150.0595 2
 -65.1239  150.5781 2
 -65.2073  151.3374 2
 -65.2741  152.6995 2
 -65.4169  153.5298 2
 -65.6185  154.1924 2
 -66.0649  155.1156 2
 -66.3011  155.6868 2
 -66.5662  156.5096 2
 -66.8368  157.1594 2
 -66.9890  157.9753 2
 -67.0791  158.8481 2
 -67.1547  159.4673 2
 -67.2234  160.1162 2
 -67.2962  160.9867 2
 -67.3456  161.9510 2
 -67.3095  162.7236 2
 -67.5180  163.9218 2
 -67.5175  164.8305 2
 -67.6269  165.8454 2
 -67.7355  166.7890 2
 -67.8860  167.7184 2
 -68.0580  168.5488 2
 -68.2025  169.3912 2
 -68.4359  170.2431 2
 -68.6349  170.9233 2
 -68.8223  171.7410 2
 -68.9542  172.6274 2
 -69.1025  173.4365 2
 -69.2003  174.2830 2
 -69.3435  175.2567 2
 -69.4422  175.9691 2
 -69.5360  176.9968 2
 -69.7136  178.1177 2
 -69.7788  178.6162 2
  99.0000   99.0000 3
9999 9999,GPML,nolabel,none,burlywood,oldlace,1,0
 872 4500.0   -inf UN   0   0   0     0
 -68.4822   90.6079 3
 -68.3555   89.2633 2
 -67.5350   88.3653 2
 -66.7096   89.0641 2
 -66.2791   89.2187 2
 -66.3765   90.6502 2
 -66.8571   92.3799 2
 -67.1759   93.8819 2
 -67.5662   94.2468 2
 -68.1235   95.1239 2
 -68.7323   93.7458 2
 -68.5756   92.0626 2
 -68.4822   90.6079 2
  99.0000   99.0000 3
9999 9999,GPML,nolabel,none,burlywood,oldlace,1,0
 801 4500.0   -inf UN   0   0   0     0
 -38.2519  130.8568 3
 -38.7342  130.2173 2
 -37.9898  130.3002 2
 -38.2519  130.8568 2
  99.0000   99.0000 3
9999 9999,GPML,nolabel,none,burlywood,oldlace,1,0
 291  300.0   -inf UN   0   0   0     0
 -46.7806  -69.4445 3
 -47.0299  -70.5018 2
 -46.1170  -69.5401 2
 -45.5860  -68.6668 2
 -45.1095  -67.5700 2
 -44.7658  -66.6348 2
 -44.4131  -65.3411 2
 -43.8658  -64.3667 2
 -43.2892  -63.7000 2
 -42.6517  -62.8995 2
 -41.8276  -61.2812 2
 -42.9814  -62.3297 2
 -43.4681  -62.9005 2
 -44.1233  -63.6921 2
 -44.7129  -64.6514 2
 -45.2541  -65.6280 2
 -45.7149  -66.6154 2
 -46.0527  -67.5129 2
 -46.3211  -68.4042 2
 -46.7806  -69.4445 2
  99.0000   99.0000 3
9999 9999,GPML,nolabel,none,burlywood,oldlace,1,0
 201  300.0   -inf CS   0   0   0     0
 -18.3304  -23.7711 3
 -18.2578  -23.6018 2
 -18.1170  -23.4436 2
 -17.9588  -23.2772 2
 -17.7843  -23.1475 2
 -17.6270  -23.0265 2
 -17.5233  -22.6888 2
 -17.3058  -22.5615 2
 -17.1655  -22.4497 2
 -17.0760  -22.3185 2
 -17.0999  -22.2640 2
 -17.3374  -22.2020 2
 -17.4496  -22.2340 2
 -17.6458  -22.2182 2
 -17.8202  -22.0594 2
 -17.9201  -21.9749 2
 -18.1008  -21.7524 2
 -18.2987  -21.5378 2
 -18.4569  -21.4144 2
 -18.8634  -21.2989 2
 -19.0281  -21.3556 2
 -19.2275  -21.4291 2
 -19.3668  -21.4961 2
 -19.6548  -21.6573 2
 -19.7767  -21.7163 2
 -19.8637  -21.7584 2
  99.0000   99.0000 3
9999 9999,GPML,nolabel,none,burlywood,oldlace,1,0
 714  300.0   -inf UN   0   0   0     0
 -15.6483  -20.3512 3
 -15.7097  -20.5196 2
 -15.7546  -20.7861 2
 -15.8244  -20.9723 2
 -15.8255  -21.1502 2
 -15.8530  -21.5147 2
 -15.9564  -21.7278 2
 -16.2645  -21.8781 2
 -16.5040  -21.9308 2
 -16.8119  -21.9923 2
 -17.1452  -21.9286 2
 -17.4015  -21.8829 2
 -17.6406  -21.7562 2
 -18.0584  -21.4212 2
 -18.2458  -21.2757 2
 -18.4841  -21.0572 2
 -18.7142  -20.9104 2
 -18.9279  -20.8628 2
 -19.1937  -20.9232 2
 -19.3994  -20.9481 2
 -19.5791  -20.9188 2
 -19.1670  -20.7785 2
 -18.9780  -20.6993 2
 -18.7129  -20.7296 2
 -18.4051  -20.7602 2
 -18.0204  -20.8095 2
 -17.6272  -20.8405 2
 -17.3196  -20.8704 2
 -17.0545  -20.8550 2
 -16.7720  -20.8039 2
 -16.4210  -20.7446 2
 -16.0618  -20.7122 2
 -15.7002  -20.4130 2
  99.0000   99.0000 3
9999 9999,GPML,nolabel,none,black,none,1,0
 102 4500.0   -inf UN   0   0   0     0
  30.5283    8.2405 3
  29.5549    8.5050 2
  99.0000   99.0000 3
9999 9999,GPML,nolabel,none,black,none,1,0
 102 4500.0   -inf UN   0   0   0     0
  30.1549    8.9363 3
  29.9259    7.8118 2
  99.0000   99.0000 3
9999 9999,GPML,nolabel,none,black,none,1,0
 102 4500.0   -inf UN   0   0   0     0
  30.6343    8.6791 3
  29.6831    9.0360 2
  99.0000   99.0000 3
9999 9999,GPML,nolabel,none,black,none,1,0
 102 4500.0   -inf UN   0   0   0     0
  30.3119    9.4093 3
  30.0034    8.3092 2
  99.0000   99.0000 3
9999 9999,GPML,nolabel,none,black,none,1,0
 102 4500.0   -inf UN   0   0   0     0
  30.7713    9.1064 3
  29.8489    9.5537 2
  99.0000   99.0000 3
9999 9999,GPML,nolabel,none,black,none,1,0
 102 4500.0   -inf UN   0   0   0     0
  30.5022    9.8664 3
  30.1161    8.7980 2
  99.0000   99.0000 3
9999 9999,GPML,nolabel,none,black,none,1,0
 309 4500.0   -inf UN   0   0   0     0
  31.9211    9.2517 3
  30.9816    9.6533 2
  99.0000   99.0000 3
9999 9999,GPML,nolabel,none,black,none,1,0
 309 4500.0   -inf UN   0   0   0     0
  31.6216   10.0052 3
  31.2791    8.9039 2
  99.0000   99.0000 3
9999 9999,GPML,nolabel,none,black,none,1,0
 310  140.0   -inf UN   0   0   0     0
  32.2350   10.1521 3
  31.3248   10.6393 2
  99.0000   99.0000 3
9999 9999,GPML,nolabel,none,black,none,1,0
 310  140.0   -inf UN   0   0   0     0
  31.9860   10.9335 3
  31.5720    9.8627 2
  99.0000   99.0000 3
9999 9999,GPML,nolabel,none,black,none,1,0
 310  140.0   -inf UN   0   0   0     0
  32.6073   11.0243 3
  31.7319   11.5953 2
  99.0000   99.0000 3
9999 9999,GPML,nolabel,none,black,none,1,0
 310  140.0   -inf UN   0   0   0     0
  32.4105   11.8296 3
  31.9272   10.7954 2
  99.0000   99.0000 3
9999 9999,GPML,nolabel,none,black,none,1,0
 310  140.0   -inf UN   0   0   0     0
  33.0358   11.8631 3
  32.2006   12.5159 2
  99.0000   99.0000 3
9999 9999,GPML,nolabel,none,black,none,1,0
 310  140.0   -inf UN   0   0   0     0
  32.8925   12.6885 3
  32.3427   11.6968 2
  99.0000   99.0000 3
9999 9999,GPML,nolabel,none,black,none,1,0
 310  140.0   -inf UN   0   0   0     0
  33.5182   12.6637 3
  32.7283   13.3959 2
  99.0000   99.0000 3
9999 9999,GPML,nolabel,none,black,none,1,0
 310  140.0   -inf UN   0   0   0     0
  33.4294   13.5047 3
  32.8162   12.5615 2
  99.0000   99.0000 3
9999 9999,GPML,nolabel,none,black,none,1,0
 310  140.0   -inf UN   0   0   0     0
  34.0515   13.4209 3
  33.3120   14.2299 2
  99.0000   99.0000 3
9999 9999,GPML,nolabel,none,black,none,1,0
 310  140.0   -inf UN   0   0   0     0
  34.0182   14.2733 3
  33.3451   13.3845 2
  99.0000   99.0000 3
9999 9999,GPML,nolabel,none,black,none,1,0
 310  140.0   -inf UN   0   0   0     0
  34.6328   14.1299 3
  33.9485   15.0125 2
  99.0000   99.0000 3
9999 9999,GPML,nolabel,none,black,none,1,0
 310  140.0   -inf UN   0   0   0     0
  34.6553   14.9890 3
  33.9262   14.1606 2
  99.0000   99.0000 3
9999 9999,GPML,nolabel,none,black,none,1,0
 310  140.0   -inf UN   0   0   0     0
  35.2587   14.7856 3
  34.6341   15.7384 2
  99.0000   99.0000 3
9999 9999,GPML,nolabel,none,black,none,1,0
 310  140.0   -inf UN   0   0   0     0
  35.3372   15.6467 3
  34.5563   14.8846 2
  99.0000   99.0000 3
9999 9999,GPML,nolabel,none,black,none,1,0
 310  140.0   -inf UN   0   0   0     0
  35.9254   15.3831 3
  35.3649   16.4022 2
  99.0000   99.0000 3
9999 9999,GPML,nolabel,none,black,none,1,0
 310  140.0   -inf UN   0   0   0     0
  36.0598   16.2412 3
  35.2317   15.5514 2
  99.0000   99.0000 3
9999 9999,GPML,nolabel,none,black,none,1,0
 310  140.0   -inf UN   0   0   0     0
  36.6289   15.9176 3
  36.1365   16.9987 2
  99.0000   99.0000 3
9999 9999,GPML,nolabel,none,black,none,1,0
 310  140.0   -inf UN   0   0   0     0
  36.8187   16.7675 3
  35.9484   16.1558 2
  99.0000   99.0000 3
9999 9999,GPML,nolabel,none,black,none,1,0
 310  140.0   -inf UN   0   0   0     0
  37.3649   16.3842 3
  36.9443   17.5225 2
  99.0000   99.0000 3
9999 9999,GPML,nolabel,none,black,none,1,0
 310  140.0   -inf UN   0   0   0     0
  37.6093   17.2205 3
  36.7021   16.6927 2
  99.0000   99.0000 3
9999 9999,GPML,nolabel,none,black,none,1,0
 310  140.0   -inf UN   0   0   0     0
  38.1289   16.7781 3
  37.7835   17.9683 2
  99.0000   99.0000 3
9999 9999,GPML,nolabel,none,black,none,1,0
 310  140.0   -inf UN   0   0   0     0
  38.4267   17.5951 3
  37.4882   17.1570 2
  99.0000   99.0000 3
9999 9999,GPML,nolabel,none,black,none,1,0
 401 4500.0   -inf UN   0   0   0     0
  38.6398   18.1050 3
  38.7362   19.3802 2
  99.0000   99.0000 3
9999 9999,GPML,nolabel,none,black,none,1,0
 401 4500.0   -inf UN   0   0   0     0
  39.1874   18.6800 3
  38.1921   18.8036 2
  99.0000   99.0000 3
9999 9999,GPML,nolabel,none,black,none,1,0
 401 4500.0   -inf UN   0   0   0     0
  39.4558   17.9489 3
  39.6390   19.2238 2
  99.0000   99.0000 3
9999 9999,GPML,nolabel,none,black,none,1,0
 401 4500.0   -inf UN   0   0   0     0
  40.0406   18.4659 3
  39.0576   18.7036 2
  99.0000   99.0000 3
9999 9999,GPML,nolabel,none,black,none,1,0
 401 4500.0   -inf UN   0   0   0     0
  40.2579   17.6979 3
  40.5277   18.9622 2
  99.0000   99.0000 3
9999 9999,GPML,nolabel,none,black,none,1,0
 401 4500.0   -inf UN   0   0   0     0
  40.8758   18.1504 3
  39.9129   18.5046 2
  99.0000   99.0000 3
9999 9999,GPML,nolabel,none,black,none,1,0
 401 4500.0   -inf UN   0   0   0     0
  41.0396   17.3504 3
  41.3949   18.5931 2
  99.0000   99.0000 3
9999 9999,GPML,nolabel,none,black,none,1,0
 401 4500.0   -inf UN   0   0   0     0
  41.6861   17.7323 3
  40.7513   18.2046 2
  99.0000   99.0000 3
9999 9999,GPML,nolabel,none,black,none,1,0
 401 4500.0   -inf UN   0   0   0     0
  41.7943   16.9060 3
  42.2333   18.1153 2
  99.0000   99.0000 3
9999 9999,GPML,nolabel,none,black,none,1,0
 401 4500.0   -inf UN   0   0   0     0
  42.4642   17.2111 3
  41.5657   17.8019 2
  99.0000   99.0000 3
9999 9999,GPML,nolabel,none,black,none,1,0
 401 4500.0   -inf UN   0   0   0     0
  42.5152   16.3650 3
  43.0354   17.5285 2
  99.0000   99.0000 3
9999 9999,GPML,nolabel,none,black,none,1,0
 401 4500.0   -inf UN   0   0   0     0
  43.2033   16.5876 3
  42.3492   17.2963 2
  99.0000   99.0000 3
9999 9999,GPML,nolabel,none,black,none,1,0
 106 4500.0   -inf UN   0   0   0     0
  33.3772   -1.7615 3
  33.0393   -2.8864 2
  99.0000   99.0000 3
9999 9999,GPML,nolabel,none,black,none,1,0
 106 4500.0   -inf UN   0   0   0     0
  32.7388   -2.1242 3
  33.6799   -2.5281 2
  99.0000   99.0000 3
9999 9999,GPML,nolabel,none,black,none,1,0
 106 4500.0   -inf UN   0   0   0     0
  32.6113   -1.3961 3
  32.1972   -2.4742 2
  99.0000   99.0000 3
9999 9999,GPML,nolabel,none,black,none,1,0
 106 4500.0   -inf UN   0   0   0     0
  31.9500   -1.6924 3
  32.8602   -2.1829 2
  99.0000   99.0000 3
9999 9999,GPML,nolabel,none,black,none,1,0
 106 4500.0   -inf UN   0   0   0     0
  31.8731   -0.9605 3
  31.3861   -1.9863 2
  99.0000   99.0000 3
9999 9999,GPML,nolabel,none,black,none,1,0
 106 4500.0   -inf UN   0   0   0     0
  31.1936   -1.1901 3
  32.0670   -1.7621 2
  99.0000   99.0000 3
9999 9999,GPML,nolabel,none,black,none,1,0
 106 4500.0   -inf UN   0   0   0     0
  31.1676   -0.4590 3
  30.6114   -1.4275 2
  99.0000   99.0000 3
9999 9999,GPML,nolabel,none,black,none,1,0
 106 4500.0   -inf UN   0   0   0     0
  30.4744   -0.6220 3
  31.3055   -1.2702 2
  99.0000   99.0000 3
9999 9999,GPML,nolabel,none,black,none,1,0
 106 4500.0   -inf UN   0   0   0     0
  30.4990    0.1038 3
  29.8776   -0.8026 2
  99.0000   99.0000 3
9999 9999,GPML,nolabel,none,black,none,1,0
 106 4500.0   -inf UN   0   0   0     0
  29.7968    0.0071 3
  30.5803   -0.7117 2
  99.0000   99.0000 3
9999 9999,GPML,nolabel,none,black,none,1,0
 106 4500.0   -inf UN   0   0   0     0
  29.8716    0.7236 3
  29.1895   -0.1168 2
  99.0000   99.0000 3
9999 9999,GPML,nolabel,none,black,none,1,0
 106 4500.0   -inf UN   0   0   0     0
  29.1650    0.6926 3
  29.8962   -0.0915 2
  99.0000   99.0000 3
9999 9999,GPML,nolabel,none,black,none,1,0
 106 4500.0   -inf UN   0   0   0     0
  29.2894    1.3956 3
  28.5510    0.6251 2
  99.0000   99.0000 3
9999 9999,GPML,nolabel,none,black,none,1,0
 106 4500.0   -inf UN   0   0   0     0
  28.5828    1.4294 3
  29.2572    0.5858 2
  99.0000   99.0000 3
9999 9999,GPML,nolabel,none,black,none,1,0
 106 4500.0   -inf UN   0   0   0     0
  28.7557    2.1151 3
  27.9661    1.4179 2
  99.0000   99.0000 3
9999 9999,GPML,nolabel,none,black,none,1,0
 106 4500.0   -inf UN   0   0   0     0
  28.0538    2.2126 3
  28.6673    1.3152 2
  99.0000   99.0000 3
9999 9999,GPML,nolabel,none,black,none,1,0
 106 4500.0   -inf UN   0   0   0     0
  28.2740    2.8773 3
  27.4382    2.2563 2
  99.0000   99.0000 3
9999 9999,GPML,nolabel,none,black,none,1,0
 106 4500.0   -inf UN   0   0   0     0
  27.5811    3.0371 3
  28.1301    2.0917 2
  99.0000   99.0000 3
9999 9999,GPML,nolabel,none,black,none,1,0
 106 4500.0   -inf UN   0   0   0     0
  27.8470    3.6772 3
  26.9704    3.1352 2
  99.0000   99.0000 3
9999 9999,GPML,nolabel,none,black,none,1,0
 106 4500.0   -inf UN   0   0   0     0
  27.1675    3.8978 3
  27.6487    2.9103 2
  99.0000   99.0000 3
9999 9999,GPML,nolabel,none,black,none,1,0
 102 4500.0   -inf UN   0   0   0     0
  26.2746    2.3486 3
  25.3580    1.9046 2
  99.0000   99.0000 3
9999 9999,GPML,nolabel,none,black,none,1,0
 102 4500.0   -inf UN   0   0   0     0
  25.6158    2.6340 3
  26.0154    1.6157 2
  99.0000   99.0000 3
9999 9999,GPML,nolabel,none,black,none,1,0
 102 4500.0   -inf UN   0   0   0     0
  25.9740    3.2042 3
  25.0286    2.8432 2
  99.0000   99.0000 3
9999 9999,GPML,nolabel,none,black,none,1,0
 102 4500.0   -inf UN   0   0   0     0
  25.3375    3.5460 3
  25.6633    2.4985 2
  99.0000   99.0000 3
9999 9999,GPML,nolabel,none,black,none,1,0
 102 4500.0   -inf UN   0   0   0     0
  25.7352    4.0817 3
  24.7670    3.8051 2
  99.0000   99.0000 3
9999 9999,GPML,nolabel,none,black,none,1,0
 102 4500.0   -inf UN   0   0   0     0
  25.1251    4.4775 3
  25.3753    3.4071 2
  99.0000   99.0000 3
9999 9999,GPML,nolabel,none,black,none,1,0
 102 4500.0   -inf UN   0   0   0     0
  25.5598    4.9759 3
  24.5749    4.7849 2
  99.0000   99.0000 3
9999 9999,GPML,nolabel,none,black,none,1,0
 102 4500.0   -inf UN   0   0   0     0
  24.9799    5.4233 3
  25.1529    4.3360 2
  99.0000   99.0000 3
9999 9999,GPML,nolabel,none,black,none,1,0
 102 4500.0   -inf UN   0   0   0     0
  25.4488    5.8817 3
  24.4533    5.7771 2
  99.0000   99.0000 3
9999 9999,GPML,nolabel,none,black,none,1,0
 102 4500.0   -inf UN   0   0   0     0
  24.9026    6.3779 3
  24.9974    5.2800 2
  99.0000   99.0000 3
9999 9999,GPML,nolabel,none,black,none,1,0
 102 4500.0   -inf UN   0   0   0     0
  25.4029    6.7937 3
  24.4030    6.7760 2
  99.0000   99.0000 3
9999 9999,GPML,nolabel,none,black,none,1,0
 102 4500.0   -inf UN   0   0   0     0
  24.8939    7.3360 3
  24.9099    6.2336 2
  99.0000   99.0000 3
9999 9999,GPML,nolabel,none,black,none,1,0
 102 4500.0   -inf UN   0   0   0     0
  25.4223    7.7068 3
  24.4243    7.7761 2
  99.0000   99.0000 3
9999 9999,GPML,nolabel,none,black,none,1,0
 102 4500.0   -inf UN   0   0   0     0
  24.9536    8.2920 3
  24.8908    7.1915 2
  99.0000   99.0000 3
9999 9999,GPML,nolabel,none,black,none,1,0
 102 4500.0   -inf UN   0   0   0     0
  25.5069    8.6157 3
  24.5169    8.7717 2
  99.0000   99.0000 3
9999 9999,GPML,nolabel,none,black,none,1,0
 102 4500.0   -inf UN   0   0   0     0
  25.0816    9.2405 3
  24.9402    8.1482 2
  99.0000   99.0000 3
9999 9999,GPML,nolabel,none,black,none,1,0
 102 4500.0   -inf UN   0   0   0     0
  25.6563    9.5153 3
  24.6805    9.7572 2
  99.0000   99.0000 3
9999 9999,GPML,nolabel,none,black,none,1,0
 102 4500.0   -inf UN   0   0   0     0
  25.2769   10.1762 3
  25.0579    9.0982 2
  99.0000   99.0000 3
9999 9999,GPML,nolabel,none,black,none,1,0
 102 4500.0   -inf UN   0   0   0     0
  25.8694   10.4002 3
  24.9140   10.7271 2
  99.0000   99.0000 3
9999 9999,GPML,nolabel,none,black,none,1,0
 102 4500.0   -inf UN   0   0   0     0
  25.5385   11.0937 3
  25.2432   10.0362 2
  99.0000   99.0000 3
9999 9999,GPML,nolabel,none,black,none,1,0
 102 4500.0   -inf UN   0   0   0     0
  26.1452   11.2653 3
  25.2161   11.6758 2
  99.0000   99.0000 3
9999 9999,GPML,nolabel,none,black,none,1,0
 102 4500.0   -inf UN   0   0   0     0
  25.8648   11.9876 3
  25.4949   10.9567 2
  99.0000   99.0000 3
9999 9999,GPML,nolabel,none,black,none,1,0
 102 4500.0   -inf UN   0   0   0     0
  26.4818   12.1056 3
  25.5849   12.5978 2
  99.0000   99.0000 3
9999 9999,GPML,nolabel,none,black,none,1,0
 102 4500.0   -inf UN   0   0   0     0
  26.2538   12.8527 3
  25.8115   11.8545 2
  99.0000   99.0000 3
9999 9999,GPML,nolabel,none,black,none,1,0
 102 4500.0   -inf UN   0   0   0     0
  26.8772   12.9158 3
  26.0183   13.4877 2
  99.0000   99.0000 3
9999 9999,GPML,nolabel,none,black,none,1,0
 102 4500.0   -inf UN   0   0   0     0
  26.7032   13.6836 3
  26.1912   12.7242 2
  99.0000   99.0000 3
9999 9999,GPML,nolabel,none,black,none,1,0
 309 4500.0   -inf UN   0   0   0     0
  28.2064   13.7773 3
  27.3197   14.2998 2
  99.0000   99.0000 3
9999 9999,GPML,nolabel,none,black,none,1,0
 309 4500.0   -inf UN   0   0   0     0
  27.9936   14.5417 3
  27.5312   13.5396 2
  99.0000   99.0000 3
9999 9999,GPML,nolabel,none,black,none,1,0
 310  140.0   -inf UN   0   0   0     0
  28.8281   15.0135 3
  27.9779   15.6120 2
  99.0000   99.0000 3
9999 9999,GPML,nolabel,none,black,none,1,0
 310  140.0   -inf UN   0   0   0     0
  28.6658   15.7984 3
  28.1393   14.8319 2
  99.0000   99.0000 3
9999 9999,GPML,nolabel,none,black,none,1,0
 310  140.0   -inf UN   0   0   0     0
  29.5287   16.2012 3
  28.7198   16.8742 2
  99.0000   99.0000 3
9999 9999,GPML,nolabel,none,black,none,1,0
 310  140.0   -inf UN   0   0   0     0
  29.4179   17.0034 3
  28.8300   16.0773 2
  99.0000   99.0000 3
9999 9999,GPML,nolabel,none,black,none,1,0
 310  140.0   -inf UN   0   0   0     0
  30.3046   17.3342 3
  29.5415   18.0799 2
  99.0000   99.0000 3
9999 9999,GPML,nolabel,none,black,none,1,0
 310  140.0   -inf UN   0   0   0     0
  30.2460   18.1501 3
  29.5998   17.2696 2
  99.0000   99.0000 3
9999 9999,GPML,nolabel,none,black,none,1,0
 310  140.0   -inf UN   0   0   0     0
  31.1517   18.4060 3
  30.4388   19.2224 2
  99.0000   99.0000 3
9999 9999,GPML,nolabel,none,black,none,1,0
 310  140.0   -inf UN   0   0   0     0
  31.1459   19.2321 3
  30.4447   18.4022 2
  99.0000   99.0000 3
9999 9999,GPML,nolabel,none,black,none,1,0
 310  140.0   -inf UN   0   0   0     0
  32.0655   19.4100 3
  31.4072   20.2951 2
  99.0000   99.0000 3
9999 9999,GPML,nolabel,none,black,none,1,0
 310  140.0   -inf UN   0   0   0     0
  32.1129   20.2428 3
  31.3602   19.4686 2
  99.0000   99.0000 3
9999 9999,GPML,nolabel,none,black,none,1,0
 301 4500.0   -inf UN   0   0   0     0
  33.0413   20.3399 3
  32.4414   21.2911 2
  99.0000   99.0000 3
9999 9999,GPML,nolabel,none,black,none,1,0
 301 4500.0   -inf UN   0   0   0     0
  33.1418   21.1753 3
  32.3418   20.4620 2
  99.0000   99.0000 3
9999 9999,GPML,nolabel,none,black,none,1,0
 301 4500.0   -inf UN   0   0   0     0
  34.0738   21.1887 3
  33.5363   22.2035 2
  99.0000   99.0000 3
9999 9999,GPML,nolabel,none,black,none,1,0
 301 4500.0   -inf UN   0   0   0     0
  34.2273   22.0227 3
  33.3840   21.3758 2
  99.0000   99.0000 3
9999 9999,GPML,nolabel,none,black,none,1,0
 301 4500.0   -inf UN   0   0   0     0
  35.1573   21.9496 3
  34.6858   23.0252 2
  99.0000   99.0000 3
9999 9999,GPML,nolabel,none,black,none,1,0
 301 4500.0   -inf UN   0   0   0     0
  35.3634   22.7780 3
  34.4815   22.2029 2
  99.0000   99.0000 3
9999 9999,GPML,nolabel,none,black,none,1,0
 401 4500.0   -inf UN   0   0   0     0
  35.2525   24.0811 3
  35.0328   25.2741 2
  99.0000   99.0000 3
9999 9999,GPML,nolabel,none,black,none,1,0
 401 4500.0   -inf UN   0   0   0     0
  35.6318   24.8135 3
  34.6563   24.5448 2
  99.0000   99.0000 3
9999 9999,GPML,nolabel,none,black,none,1,0
 401 4500.0   -inf UN   0   0   0     0
  36.4850   24.3495 3
  36.3453   25.5799 2
  99.0000   99.0000 3
9999 9999,GPML,nolabel,none,black,none,1,0
 401 4500.0   -inf UN   0   0   0     0
  36.9118   25.0526 3
  35.9216   24.8789 2
  99.0000   99.0000 3
9999 9999,GPML,nolabel,none,black,none,1,0
 401 4500.0   -inf UN   0   0   0     0
  37.7312   24.4942 3
  37.6736   25.7560 2
  99.0000   99.0000 3
9999 9999,GPML,nolabel,none,black,none,1,0
 401 4500.0   -inf UN   0   0   0     0
  38.2033   25.1619 3
  37.2049   25.0891 2
  99.0000   99.0000 3
9999 9999,GPML,nolabel,none,black,none,1,0
 401 4500.0   -inf UN   0   0   0     0
  38.9827   24.5080 3
  39.0091   25.7942 2
  99.0000   99.0000 3
9999 9999,GPML,nolabel,none,black,none,1,0
 401 4500.0   -inf UN   0   0   0     0
  39.4975   25.1338 3
  38.4978   25.1678 2
  99.0000   99.0000 3
9999 9999,GPML,nolabel,none,black,none,1,0
 401 4500.0   -inf UN   0   0   0     0
  40.2305   24.3839 3
  40.3423   25.6866 2
  99.0000   99.0000 3
9999 9999,GPML,nolabel,none,black,none,1,0
 401 4500.0   -inf UN   0   0   0     0
  40.7851   24.9609 3
  39.7913   25.1075 2
  99.0000   99.0000 3
9999 9999,GPML,nolabel,none,black,none,1,0
 401 4500.0   -inf UN   0   0   0     0
  41.4654   24.1152 3
  41.6635   25.4253 2
  99.0000   99.0000 3
9999 9999,GPML,nolabel,none,black,none,1,0
 401 4500.0   -inf UN   0   0   0     0
  42.0563   24.6358 3
  41.0761   24.9005 2
  99.0000   99.0000 3
9999 9999,GPML,nolabel,none,black,none,1,0
 401 4500.0   -inf UN   0   0   0     0
  42.6775   23.6954 3
  42.9621   25.0024 2
  99.0000   99.0000 3
9999 9999,GPML,nolabel,none,black,none,1,0
 401 4500.0   -inf UN   0   0   0     0
  43.3008   24.1518 3
  42.3422   24.5399 2
  99.0000   99.0000 3
9999 9999,GPML,nolabel,none,black,none,1,0
 401 4500.0   -inf UN   0   0   0     0
  43.8566   23.1190 3
  44.2274   24.4110 2
  99.0000   99.0000 3
9999 9999,GPML,nolabel,none,black,none,1,0
 401 4500.0   -inf UN   0   0   0     0
  44.5079   23.5029 3
  43.5792   24.0189 2
  99.0000   99.0000 3
9999 9999,GPML,nolabel,none,black,none,1,0
 401 4500.0   -inf UN   0   0   0     0
  44.9918   22.3814 3
  45.4478   23.6449 2
  99.0000   99.0000 3
9999 9999,GPML,nolabel,none,black,none,1,0
 401 4500.0   -inf UN   0   0   0     0
  45.6660   22.6843 3
  44.7761   23.3317 2
  99.0000   99.0000 3
9999 9999,GPML,nolabel,none,black,none,1,0
 401 4500.0   -inf UN   0   0   0     0
  46.0723   21.4796 3
  46.6113   22.6997 2
  99.0000   99.0000 3
9999 9999,GPML,nolabel,none,black,none,1,0
 401 4500.0   -inf UN   0   0   0     0
  46.7638   21.6932 3
  45.9216   22.4740 2
  99.0000   99.0000 3
9999 9999,GPML,nolabel,none,black,none,1,0
 401 4500.0   -inf UN   0   0   0     0
  47.0865   20.4129 3
  47.7056   21.5731 2
  99.0000   99.0000 3
9999 9999,GPML,nolabel,none,black,none,1,0
 401 4500.0   -inf UN   0   0   0     0
  47.7892   20.5288 3
  47.0039   21.4434 2
  99.0000   99.0000 3
9999 9999,GPML,nolabel,none,black,none,1,0
 401 4500.0   -inf UN   0   0   0     0
  48.0232   19.1830 3
  48.7181   20.2655 2
  99.0000   99.0000 3
9999 9999,GPML,nolabel,none,black,none,1,0
 401 4500.0   -inf UN   0   0   0     0
  48.7303   19.1938 3
  48.0112   20.2399 2
  99.0000   99.0000 3
9999 9999,GPML,nolabel,none,black,none,1,0
 401 4500.0   -inf UN   0   0   0     0
  48.8711   17.7950 3
  49.6363   18.7813 2
  99.0000   99.0000 3
9999 9999,GPML,nolabel,none,black,none,1,0
 401 4500.0   -inf UN   0   0   0     0
  49.5750   17.6942 3
  48.9314   18.8667 2
  99.0000   99.0000 3
9999 9999,GPML,nolabel,none,black,none,1,0
 401 4500.0   -inf UN   0   0   0     0
  49.6190   16.2578 3
  50.4478   17.1290 2
  99.0000   99.0000 3
9999 9999,GPML,nolabel,none,black,none,1,0
 401 4500.0   -inf UN   0   0   0     0
  50.3121   16.0407 3
  49.7526   17.3310 2
  99.0000   99.0000 3
9999 9999,GPML,nolabel,none,black,none,1,0
 405 4500.0   -inf UN   0   0   0     0
  51.2338   11.0961 3
  52.1879   11.5796 2
  99.0000   99.0000 3
9999 9999,GPML,nolabel,none,black,none,1,0
 405 4500.0   -inf UN   0   0   0     0
  51.8583   10.5629 3
  51.5588   12.1026 2
  99.0000   99.0000 3
9999 9999,GPML,nolabel,none,black,none,1,0
 405 4500.0   -inf UN   0   0   0     0
  51.5379    9.1508 3
  52.5196    9.4610 2
  99.0000   99.0000 3
9999 9999,GPML,nolabel,none,black,none,1,0
 405 4500.0   -inf UN   0   0   0     0
  52.1215    8.5048 3
  51.9307   10.1002 2
  99.0000   99.0000 3
9999 9999,GPML,nolabel,none,black,none,1,0
 405 4500.0   -inf UN   0   0   0     0
  51.7052    7.1530 3
  52.7021    7.2818 2
  99.0000   99.0000 3
9999 9999,GPML,nolabel,none,black,none,1,0
 405 4500.0   -inf UN   0   0   0     0
  52.2403    6.4027 3
  52.1614    8.0292 2
  99.0000   99.0000 3
9999 9999,GPML,nolabel,none,black,none,1,0
 405 4500.0   -inf UN   0   0   0     0
  51.7327    5.1333 3
  52.7322    5.0771 2
  99.0000   99.0000 3
9999 9999,GPML,nolabel,none,black,none,1,0
 405 4500.0   -inf UN   0   0   0     0
  52.2124    4.2900 3
  52.2468    5.9216 2
  99.0000   99.0000 3
9999 9999,GPML,nolabel,none,black,none,1,0
 405 4500.0   -inf UN   0   0   0     0
  51.6202    3.1232 3
  52.6093    2.8835 2
  99.0000   99.0000 3
9999 9999,GPML,nolabel,none,black,none,1,0
 405 4500.0   -inf UN   0   0   0     0
  52.0384    2.2007 3
  52.1856    3.8113 2
  99.0000   99.0000 3
9999 9999,GPML,nolabel,none,black,none,1,0
 101 4500.0   -inf UN   0   0   0     0
  34.5299  -12.0535 3
  34.0585  -13.1210 2
  99.0000   99.0000 3
9999 9999,GPML,nolabel,none,black,none,1,0
 101 4500.0   -inf UN   0   0   0     0
  33.8541  -12.3049 3
  34.7360  -12.8755 2
  99.0000   99.0000 3
9999 9999,GPML,nolabel,none,black,none,1,0
 106 4500.0   -inf UN   0   0   0     0
  32.7646   -7.8070 3
  32.4530   -8.9351 2
  99.0000   99.0000 3
9999 9999,GPML,nolabel,none,black,none,1,0
 106 4500.0   -inf UN   0   0   0     0
  32.1349   -8.1881 3
  33.0851   -8.5579 2
  99.0000   99.0000 3
9999 9999,GPML,nolabel,none,black,none,1,0
 106 4500.0   -inf UN   0   0   0     0
  31.5895   -7.2981 3
  31.2036   -8.3789 2
  99.0000   99.0000 3
9999 9999,GPML,nolabel,none,black,none,1,0
 106 4500.0   -inf UN   0   0   0     0
  30.9363   -7.6146 3
  31.8588   -8.0668 2
  99.0000   99.0000 3
9999 9999,GPML,nolabel,none,black,none,1,0
 106 4500.0   -inf UN   0   0   0     0
  30.4523   -6.6883 3
  29.9952   -7.7176 2
  99.0000   99.0000 3
9999 9999,GPML,nolabel,none,black,none,1,0
 106 4500.0   -inf UN   0   0   0     0
  29.7798   -6.9408 3
  30.6692   -7.4699 2
  99.0000   99.0000 3
9999 9999,GPML,nolabel,none,black,none,1,0
 106 4500.0   -inf UN   0   0   0     0
  29.3597   -5.9842 3
  28.8347   -6.9582 2
  99.0000   99.0000 3
9999 9999,GPML,nolabel,none,black,none,1,0
 106 4500.0   -inf UN   0   0   0     0
  28.6722   -6.1732 3
  29.5233   -6.7741 2
  99.0000   99.0000 3
9999 9999,GPML,nolabel,none,black,none,1,0
 106 4500.0   -inf UN   0   0   0     0
  28.3181   -5.1923 3
  27.7287   -6.1075 2
  99.0000   99.0000 3
9999 9999,GPML,nolabel,none,black,none,1,0
 106 4500.0   -inf UN   0   0   0     0
  27.6198   -5.3186 3
  28.4277   -5.9862 2
  99.0000   99.0000 3
9999 9999,GPML,nolabel,none,black,none,1,0
 106 4500.0   -inf UN   0   0   0     0
  27.3333   -4.3189 3
  26.6836   -5.1722 2
  99.0000   99.0000 3
9999 9999,GPML,nolabel,none,black,none,1,0
 106 4500.0   -inf UN   0   0   0     0
  26.6286   -4.3833 3
  27.3887   -5.1126 2
  99.0000   99.0000 3
9999 9999,GPML,nolabel,none,black,none,1,0
 106 4500.0   -inf UN   0   0   0     0
  26.4110   -3.3705 3
  25.7050   -4.1588 2
  99.0000   99.0000 3
9999 9999,GPML,nolabel,none,black,none,1,0
 106 4500.0   -inf UN   0   0   0     0
  25.7040   -3.3740 3
  26.4121   -4.1599 2
  99.0000   99.0000 3
9999 9999,GPML,nolabel,none,black,none,1,0
 106 4500.0   -inf UN   0   0   0     0
  25.5565   -2.3533 3
  24.7985   -3.0741 2
  99.0000   99.0000 3
9999 9999,GPML,nolabel,none,black,none,1,0
 106 4500.0   -inf UN   0   0   0     0
  24.8512   -2.2971 3
  25.5034   -3.1347 2
  99.0000   99.0000 3
9999 9999,GPML,nolabel,none,black,none,1,0
 106 4500.0   -inf UN   0   0   0     0
  24.7743   -1.2738 3
  23.9689   -1.9245 2
  99.0000   99.0000 3
9999 9999,GPML,nolabel,none,black,none,1,0
 106 4500.0   -inf UN   0   0   0     0
  24.0750   -1.1591 3
  24.6677   -2.0433 2
  99.0000   99.0000 3
9999 9999,GPML,nolabel,none,black,none,1,0
 102 4500.0   -inf UN   0   0   0     0
  21.2388    1.4511 3
  20.2896    1.1147 2
  99.0000   99.0000 3
9999 9999,GPML,nolabel,none,black,none,1,0
 102 4500.0   -inf UN   0   0   0     0
  20.6063    1.7895 3
  20.9208    0.7743 2
  99.0000   99.0000 3
9999 9999,GPML,nolabel,none,black,none,1,0
 102 4500.0   -inf UN   0   0   0     0
  20.8895    2.7390 3
  19.9191    2.4814 2
  99.0000   99.0000 3
9999 9999,GPML,nolabel,none,black,none,1,0
 102 4500.0   -inf UN   0   0   0     0
  20.2829    3.1271 3
  20.5243    2.0917 2
  99.0000   99.0000 3
9999 9999,GPML,nolabel,none,black,none,1,0
 102 4500.0   -inf UN   0   0   0     0
  20.6330    4.0490 3
  19.6470    3.8712 2
  99.0000   99.0000 3
9999 9999,GPML,nolabel,none,black,none,1,0
 102 4500.0   -inf UN   0   0   0     0
  20.0558    4.4847 3
  20.2227    3.4345 2
  99.0000   99.0000 3
9999 9999,GPML,nolabel,none,black,none,1,0
 102 4500.0   -inf UN   0   0   0     0
  20.4707    5.3743 3
  19.4748    5.2770 2
  99.0000   99.0000 3
9999 9999,GPML,nolabel,none,black,none,1,0
 102 4500.0   -inf UN   0   0   0     0
  19.9263    5.8551 3
  20.0177    4.7956 2
  99.0000   99.0000 3
9999 9999,GPML,nolabel,none,black,none,1,0
 102 4500.0   -inf UN   0   0   0     0
  20.4035    6.7080 3
  19.4036    6.6915 2
  99.0000   99.0000 3
9999 9999,GPML,nolabel,none,black,none,1,0
 102 4500.0   -inf UN   0   0   0     0
  19.8951    7.2314 3
  19.9105    6.1680 2
  99.0000   99.0000 3
9999 9999,GPML,nolabel,none,black,none,1,0
 102 4500.0   -inf UN   0   0   0     0
  20.4319    8.0430 3
  19.4337    8.1075 2
  99.0000   99.0000 3
9999 9999,GPML,nolabel,none,black,none,1,0
 102 4500.0   -inf UN   0   0   0     0
  19.9623    8.6064 3
  19.9017    7.5446 2
  99.0000   99.0000 3
9999 9999,GPML,nolabel,none,black,none,1,0
 102 4500.0   -inf UN   0   0   0     0
  20.5556    9.3726 3
  19.5650    9.5177 2
  99.0000   99.0000 3
9999 9999,GPML,nolabel,none,black,none,1,0
 102 4500.0   -inf UN   0   0   0     0
  20.1277    9.9729 3
  19.9914    8.9183 2
  99.0000   99.0000 3
9999 9999,GPML,nolabel,none,black,none,1,0
 102 4500.0   -inf UN   0   0   0     0
  20.7740   10.6896 3
  19.7966   10.9149 2
  99.0000   99.0000 3
9999 9999,GPML,nolabel,none,black,none,1,0
 102 4500.0   -inf UN   0   0   0     0
  20.3903   11.3240 3
  20.1790   10.2820 2
  99.0000   99.0000 3
9999 9999,GPML,nolabel,none,black,none,1,0
 102 4500.0   -inf UN   0   0   0     0
  21.0858   11.9873 3
  20.1273   12.2919 2
  99.0000   99.0000 3
9999 9999,GPML,nolabel,none,black,none,1,0
 102 4500.0   -inf UN   0   0   0     0
  20.7484   12.6525 3
  20.4634   11.6285 2
  99.0000   99.0000 3
9999 9999,GPML,nolabel,none,black,none,1,0
 102 4500.0   -inf UN   0   0   0     0
  21.4893   13.2588 3
  20.5552   13.6414 2
  99.0000   99.0000 3
9999 9999,GPML,nolabel,none,black,none,1,0
 102 4500.0   -inf UN   0   0   0     0
  21.2002   13.9516 3
  20.8431   12.9510 2
  99.0000   99.0000 3
9999 9999,GPML,nolabel,none,black,none,1,0
 301 4500.0   -inf UN   0   0   0     0
  23.7547   16.3109 3
  22.8594   16.7960 2
  99.0000   99.0000 3
9999 9999,GPML,nolabel,none,black,none,1,0
 301 4500.0   -inf UN   0   0   0     0
  23.5292   17.0426 3
  23.0838   16.0677 2
  99.0000   99.0000 3
9999 9999,GPML,nolabel,none,black,none,1,0
 301 4500.0   -inf UN   0   0   0     0
  24.5529   17.9168 3
  23.6912   18.4728 2
  99.0000   99.0000 3
9999 9999,GPML,nolabel,none,black,none,1,0
 301 4500.0   -inf UN   0   0   0     0
  24.3753   18.6688 3
  23.8679   17.7246 2
  99.0000   99.0000 3
9999 9999,GPML,nolabel,none,black,none,1,0
 301 4500.0   -inf UN   0   0   0     0
  25.4528   19.4672 3
  24.6290   20.0929 2
  99.0000   99.0000 3
9999 9999,GPML,nolabel,none,black,none,1,0
 301 4500.0   -inf UN   0   0   0     0
  25.3240   20.2368 3
  24.7571   19.3275 2
  99.0000   99.0000 3
9999 9999,GPML,nolabel,none,black,none,1,0
 301 4500.0   -inf UN   0   0   0     0
  26.4500   20.9551 3
  25.6681   21.6492 2
  99.0000   99.0000 3
9999 9999,GPML,nolabel,none,black,none,1,0
 301 4500.0   -inf UN   0   0   0     0
  26.3706   21.7396 3
  25.7471   20.8693 2
  99.0000   99.0000 3
9999 9999,GPML,nolabel,none,black,none,1,0
 301 4500.0   -inf UN   0   0   0     0
  27.5394   22.3734 3
  26.8036   23.1346 2
  99.0000   99.0000 3
9999 9999,GPML,nolabel,none,black,none,1,0
 301 4500.0   -inf UN   0   0   0     0
  27.5100   23.1701 3
  26.8329   22.3430 2
  99.0000   99.0000 3
9999 9999,GPML,nolabel,none,black,none,1,0
 301 4500.0   -inf UN   0   0   0     0
  28.7160   23.7151 3
  28.0299   24.5419 2
  99.0000   99.0000 3
9999 9999,GPML,nolabel,none,black,none,1,0
 301 4500.0   -inf UN   0   0   0     0
  28.7368   24.5211 3
  28.0093   23.7413 2
  99.0000   99.0000 3
9999 9999,GPML,nolabel,none,black,none,1,0
 301 4500.0   -inf UN   0   0   0     0
  29.9739   24.9727 3
  29.3412   25.8639 2
  99.0000   99.0000 3
9999 9999,GPML,nolabel,none,black,none,1,0
 301 4500.0   -inf UN   0   0   0     0
  30.0450   25.7852 3
  29.2706   25.0571 2
  99.0000   99.0000 3
9999 9999,GPML,nolabel,none,black,none,1,0
 301 4500.0   -inf UN   0   0   0     0
  31.3071   26.1389 3
  30.7314   27.0930 2
  99.0000   99.0000 3
9999 9999,GPML,nolabel,none,black,none,1,0
 301 4500.0   -inf UN   0   0   0     0
  31.4285   26.9548 3
  30.6109   26.2829 2
  99.0000   99.0000 3
9999 9999,GPML,nolabel,none,black,none,1,0
 301 4500.0   -inf UN   0   0   0     0
  32.7092   27.2057 3
  32.1937   28.2212 2
  99.0000   99.0000 3
9999 9999,GPML,nolabel,none,black,none,1,0
 301 4500.0   -inf UN   0   0   0     0
  32.8805   28.0218 3
  32.0237   27.4109 2
  99.0000   99.0000 3
9999 9999,GPML,nolabel,none,black,none,1,0
 401 4500.0   -inf UN   0   0   0     0
  34.0393   29.9783 3
  33.7632   31.1363 2
  99.0000   99.0000 3
9999 9999,GPML,nolabel,none,black,none,1,0
 401 4500.0   -inf UN   0   0   0     0
  34.3831   30.7255 3
  33.4220   30.3928 2
  99.0000   99.0000 3
9999 9999,GPML,nolabel,none,black,none,1,0
 401 4500.0   -inf UN   0   0   0     0
  35.6619   30.4523 3
  35.4606   31.6564 2
  99.0000   99.0000 3
9999 9999,GPML,nolabel,none,black,none,1,0
 401 4500.0   -inf UN   0   0   0     0
  36.0525   31.1796 3
  35.0730   30.9322 2
  99.0000   99.0000 3
9999 9999,GPML,nolabel,none,black,none,1,0
 401 4500.0   -inf UN   0   0   0     0
  37.3099   30.7770 3
  37.1860   32.0236 2
  99.0000   99.0000 3
9999 9999,GPML,nolabel,none,black,none,1,0
 401 4500.0   -inf UN   0   0   0     0
  37.7457   31.4792 3
  36.7534   31.3235 2
  99.0000   99.0000 3
9999 9999,GPML,nolabel,none,black,none,1,0
 401 4500.0   -inf UN   0   0   0     0
  38.9735   30.9411 3
  38.9293   32.2257 2
  99.0000   99.0000 3
9999 9999,GPML,nolabel,none,black,none,1,0
 401 4500.0   -inf UN   0   0   0     0
  39.4527   31.6123 3
  38.4536   31.5554 2
  99.0000   99.0000 3
9999 9999,GPML,nolabel,none,black,none,1,0
 401 4500.0   -inf UN   0   0   0     0
  40.6420   30.9324 3
  40.6797   32.2497 2
  99.0000   99.0000 3
9999 9999,GPML,nolabel,none,black,none,1,0
 401 4500.0   -inf UN   0   0   0     0
  41.1624   31.5658 3
  40.1631   31.6155 2
  99.0000   99.0000 3
9999 9999,GPML,nolabel,none,black,none,1,0
 401 4500.0   -inf UN   0   0   0     0
  42.3042   30.7379 3
  42.4257   32.0813 2
  99.0000   99.0000 3
9999 9999,GPML,nolabel,none,black,none,1,0
 401 4500.0   -inf UN   0   0   0     0
  42.8632   31.3260 3
  41.8706   31.4905 2
  99.0000   99.0000 3
9999 9999,GPML,nolabel,none,black,none,1,0
 401 4500.0   -inf UN   0   0   0     0
  43.9478   30.3439 3
  44.1547   31.7052 2
  99.0000   99.0000 3
9999 9999,GPML,nolabel,none,black,none,1,0
 401 4500.0   -inf UN   0   0   0     0
  44.5424   30.8782 3
  43.5640   31.1662 2
  99.0000   99.0000 3
9999 9999,GPML,nolabel,none,black,none,1,0
 401 4500.0   -inf UN   0   0   0     0
  45.5596   29.7364 3
  45.8531   31.1053 2
  99.0000   99.0000 3
9999 9999,GPML,nolabel,none,black,none,1,0
 401 4500.0   -inf UN   0   0   0     0
  46.1862   30.2071 3
  45.2303   30.6274 2
  99.0000   99.0000 3
9999 9999,GPML,nolabel,none,black,none,1,0
 401 4500.0   -inf UN   0   0   0     0
  47.1255   28.9012 3
  47.5061   30.2652 2
  99.0000   99.0000 3
9999 9999,GPML,nolabel,none,black,none,1,0
 401 4500.0   -inf UN   0   0   0     0
  47.7798   29.2975 3
  46.8551   29.8591 2
  99.0000   99.0000 3
9999 9999,GPML,nolabel,none,black,none,1,0
 401 4500.0   -inf UN   0   0   0     0
  48.6299   27.8252 3
  49.0975   29.1688 2
  99.0000   99.0000 3
9999 9999,GPML,nolabel,none,black,none,1,0
 401 4500.0   -inf UN   0   0   0     0
  49.3071   28.1352 3
  48.4232   28.8462 2
  99.0000   99.0000 3
9999 9999,GPML,nolabel,none,black,none,1,0
 401 4500.0   -inf UN   0   0   0     0
  50.0565   26.4967 3
  50.6100   27.8015 2
  99.0000   99.0000 3
9999 9999,GPML,nolabel,none,black,none,1,0
 401 4500.0   -inf UN   0   0   0     0
  50.7507   26.7079 3
  49.9178   27.5752 2
  99.0000   99.0000 3
9999 9999,GPML,nolabel,none,black,none,1,0
 401 4500.0   -inf UN   0   0   0     0
  51.3878   24.9077 3
  52.0247   26.1517 2
  99.0000   99.0000 3
9999 9999,GPML,nolabel,none,black,none,1,0
 401 4500.0   -inf UN   0   0   0     0
  52.0922   25.0070 3
  51.3213   26.0350 2
  99.0000   99.0000 3
9999 9999,GPML,nolabel,none,black,none,1,0
 401 4500.0   -inf UN   0   0   0     0
  52.6055   23.0547 3
  53.3220   24.2130 2
  99.0000   99.0000 3
9999 9999,GPML,nolabel,none,black,none,1,0
 401 4500.0   -inf UN   0   0   0     0
  53.3124   23.0294 3
  52.6149   24.2191 2
  99.0000   99.0000 3
9999 9999,GPML,nolabel,none,black,none,1,0
 401 4500.0   -inf UN   0   0   0     0
  53.6909   20.9414 3
  54.4812   21.9862 2
  99.0000   99.0000 3
9999 9999,GPML,nolabel,none,black,none,1,0
 401 4500.0   -inf UN   0   0   0     0
  54.3916   20.7802 3
  53.7789   22.1276 2
  99.0000   99.0000 3
9999 9999,GPML,nolabel,none,black,none,1,0
 405 4500.0   -inf UN   0   0   0     0
  55.9818   13.7430 3
  56.9237   14.3508 2
  99.0000   99.0000 3
9999 9999,GPML,nolabel,none,black,none,1,0
 405 4500.0   -inf UN   0   0   0     0
  56.6181   13.1872 3
  56.2823   14.8916 2
  99.0000   99.0000 3
9999 9999,GPML,nolabel,none,black,none,1,0
 405 4500.0   -inf UN   0   0   0     0
  56.4368   10.8563 3
  57.4133   11.2507 2
  99.0000   99.0000 3
9999 9999,GPML,nolabel,none,black,none,1,0
 405 4500.0   -inf UN   0   0   0     0
  57.0296   10.1536 3
  56.8145   11.9430 2
  99.0000   99.0000 3
9999 9999,GPML,nolabel,none,black,none,1,0
 405 4500.0   -inf UN   0   0   0     0
  56.6880    7.8625 3
  57.6840    8.0272 2
  99.0000   99.0000 3
9999 9999,GPML,nolabel,none,black,none,1,0
 405 4500.0   -inf UN   0   0   0     0
  57.2273    7.0237 3
  57.1381    8.8615 2
  99.0000   99.0000 3
9999 9999,GPML,nolabel,none,black,none,1,0
 405 4500.0   -inf UN   0   0   0     0
  56.7295    4.8233 3
  57.7287    4.7514 2
  99.0000   99.0000 3
9999 9999,GPML,nolabel,none,black,none,1,0
 405 4500.0   -inf UN   0   0   0     0
  57.2062    3.8653 3
  57.2452    5.7113 2
  99.0000   99.0000 3
9999 9999,GPML,nolabel,none,black,none,1,0
 405 4500.0   -inf UN   0   0   0     0
  56.5602    1.8041 3
  57.5463    1.4985 2
  99.0000   99.0000 3
9999 9999,GPML,nolabel,none,black,none,1,0
 405 4500.0   -inf UN   0   0   0     0
  56.9670    0.7488 3
  57.1331    2.5618 2
  99.0000   99.0000 3
9999 9999,GPML,nolabel,none,black,none,1,0
 405 4500.0   -inf UN   0   0   0     0
  56.1842   -1.1317 3
  57.1415   -1.6581 2
  99.0000   99.0000 3
9999 9999,GPML,nolabel,none,black,none,1,0
 405 4500.0   -inf UN   0   0   0     0
  56.5155   -2.2591 3
  56.8047   -0.5173 2
  99.0000   99.0000 3
9999 9999,GPML,nolabel,none,black,none,1,0
 103 4500.0   -inf UN   0   0   0     0
  36.3658    7.9893 3
  37.2334    8.6103 2
  99.0000   99.0000 3
9999 9999,GPML,nolabel,none,black,none,1,0
 103 4500.0   -inf UN   0   0   0     0
  37.0474    7.7546 3
  36.5502    8.8381 2
  99.0000   99.0000 3
9999 9999,GPML,nolabel,none,black,none,1,0
 103 4500.0   -inf UN   0   0   0     0
  37.1162    6.1295 3
  38.0300    6.6419 2
  99.0000   99.0000 3
9999 9999,GPML,nolabel,none,black,none,1,0
 103 4500.0   -inf UN   0   0   0     0
  37.7750    5.8061 3
  37.3689    6.9590 2
  99.0000   99.0000 3
9999 9999,GPML,nolabel,none,black,none,1,0
 103 4500.0   -inf UN   0   0   0     0
  37.7103    4.1664 3
  38.6612    4.5600 2
  99.0000   99.0000 3
9999 9999,GPML,nolabel,none,black,none,1,0
 103 4500.0   -inf UN   0   0   0     0
  38.3390    3.7557 3
  38.0297    4.9655 2
  99.0000   99.0000 3
9999 9999,GPML,nolabel,none,black,none,1,0
 103 4500.0   -inf UN   0   0   0     0
  38.1399    2.1223 3
  39.1180    2.3888 2
  99.0000   99.0000 3
9999 9999,GPML,nolabel,none,black,none,1,0
 103 4500.0   -inf UN   0   0   0     0
  38.7314    1.6278 3
  38.5232    2.8798 2
  99.0000   99.0000 3
9999 9999,GPML,nolabel,none,black,none,1,0
 103 4500.0   -inf UN   0   0   0     0
  38.3988    0.0228 3
  39.3934    0.1562 2
  99.0000   99.0000 3
9999 9999,GPML,nolabel,none,black,none,1,0
 103 4500.0   -inf UN   0   0   0     0
  38.9463   -0.5504 3
  38.8424    0.7275 2
  99.0000   99.0000 3
9999 9999,GPML,nolabel,none,black,none,1,0
 103 4500.0   -inf UN   0   0   0     0
  38.4832   -2.1048 3
  39.4832   -2.1075 2
  99.0000   99.0000 3
9999 9999,GPML,nolabel,none,black,none,1,0
 103 4500.0   -inf UN   0   0   0     0
  38.9804   -2.7493 3
  38.9825   -1.4629 2
  99.0000   99.0000 3
9999 9999,GPML,nolabel,none,black,none,1,0
 103 4500.0   -inf UN   0   0   0     0
  38.3919   -4.2319 3
  39.3861   -4.3706 2
  99.0000   99.0000 3
9999 9999,GPML,nolabel,none,black,none,1,0
 103 4500.0   -inf UN   0   0   0     0
  38.8333   -4.9389 3
  38.9413   -3.6617 2
  99.0000   99.0000 3
9999 9999,GPML,nolabel,none,black,none,1,0
 103 4500.0   -inf UN   0   0   0     0
  38.1263   -6.3298 3
  39.1035   -6.6014 2
  99.0000   99.0000 3
9999 9999,GPML,nolabel,none,black,none,1,0
 103 4500.0   -inf UN   0   0   0     0
  38.5072   -7.0890 3
  38.7194   -5.8384 2
  99.0000   99.0000 3
9999 9999,GPML,nolabel,none,black,none,1,0
 103 4500.0   -inf UN   0   0   0     0
  37.6901   -8.3711 3
  38.6398   -8.7696 2
  99.0000   99.0000 3
9999 9999,GPML,nolabel,none,black,none,1,0
 103 4500.0   -inf UN   0   0   0     0
  38.0070   -9.1717 3
  38.3202   -7.9638 2
  99.0000   99.0000 3
9999 9999,GPML,nolabel,none,black,none,1,0
 103 4500.0   -inf UN   0   0   0     0
  37.0898  -10.3306 3
  38.0019  -10.8475 2
  99.0000   99.0000 3
9999 9999,GPML,nolabel,none,black,none,1,0
 103 4500.0   -inf UN   0   0   0     0
  37.3398  -11.1611 3
  37.7496  -10.0107 2
  99.0000   99.0000 3
9999 9999,GPML,nolabel,none,black,none,1,0
 103 4500.0   -inf UN   0   0   0     0
  36.3335  -12.1860 3
  37.1991  -12.8110 2
  99.0000   99.0000 3
9999 9999,GPML,nolabel,none,black,none,1,0
 103 4500.0   -inf UN   0   0   0     0
  36.5152  -13.0352 3
  37.0158  -11.9547 2
  99.0000   99.0000 3
9999 9999,GPML,nolabel,none,black,none,1,0
 103 4500.0   -inf UN   0   0   0     0
  35.4314  -13.9185 3
  36.2424  -14.6400 2
  99.0000   99.0000 3
9999 9999,GPML,nolabel,none,black,none,1,0
 103 4500.0   -inf UN   0   0   0     0
  35.5440  -14.7758 3
  36.1289  -13.7753 2
  99.0000   99.0000 3
9999 9999,GPML,nolabel,none,black,none,1,0
 101 4500.0   -inf UN   0   0   0     0
  35.0694  -19.0568 3
  34.6855  -20.1824 2
  99.0000   99.0000 3
9999 9999,GPML,nolabel,none,black,none,1,0
 101 4500.0   -inf UN   0   0   0     0
  34.4168  -19.3883 3
  35.3402  -19.8562 2
  99.0000   99.0000 3
9999 9999,GPML,nolabel,none,black,none,1,0
 101 4500.0   -inf UN   0   0   0     0
  33.5495  -18.2233 3
  33.0988  -19.2917 2
  99.0000   99.0000 3
9999 9999,GPML,nolabel,none,black,none,1,0
 101 4500.0   -inf UN   0   0   0     0
  32.8786  -18.4906 3
  33.7713  -19.0300 2
  99.0000   99.0000 3
9999 9999,GPML,nolabel,none,black,none,1,0
 101 4500.0   -inf UN   0   0   0     0
  32.0843  -17.2732 3
  31.5699  -18.2825 2
  99.0000   99.0000 3
9999 9999,GPML,nolabel,none,black,none,1,0
 101 4500.0   -inf UN   0   0   0     0
  31.3990  -17.4779 3
  32.2566  -18.0834 2
  99.0000   99.0000 3
9999 9999,GPML,nolabel,none,black,none,1,0
 101 4500.0   -inf UN   0   0   0     0
  30.6813  -16.2152 3
  30.1064  -17.1638 2
  99.0000   99.0000 3
9999 9999,GPML,nolabel,none,black,none,1,0
 101 4500.0   -inf UN   0   0   0     0
  29.9852  -16.3590 3
  30.8034  -17.0256 2
  99.0000   99.0000 3
9999 9999,GPML,nolabel,none,black,none,1,0
 101 4500.0   -inf UN   0   0   0     0
  29.3473  -15.0577 3
  28.7152  -15.9440 2
  99.0000   99.0000 3
9999 9999,GPML,nolabel,none,black,none,1,0
 101 4500.0   -inf UN   0   0   0     0
  28.6441  -15.1421 3
  29.4190  -15.8650 2
  99.0000   99.0000 3
9999 9999,GPML,nolabel,none,black,none,1,0
 101 4500.0   -inf UN   0   0   0     0
  28.0889  -13.8084 3
  27.4031  -14.6308 2
  99.0000   99.0000 3
9999 9999,GPML,nolabel,none,black,none,1,0
 101 4500.0   -inf UN   0   0   0     0
  27.3821  -13.8348 3
  28.1100  -14.6097 2
  99.0000   99.0000 3
9999 9999,GPML,nolabel,none,black,none,1,0
 101 4500.0   -inf UN   0   0   0     0
  26.9121  -12.4748 3
  26.1763  -13.2319 2
  99.0000   99.0000 3
9999 9999,GPML,nolabel,none,black,none,1,0
 101 4500.0   -inf UN   0   0   0     0
  26.2055  -12.4446 3
  26.8827  -13.2670 2
  99.0000   99.0000 3
9999 9999,GPML,nolabel,none,black,none,1,0
 101 4500.0   -inf UN   0   0   0     0
  25.8227  -11.0642 3
  25.0408  -11.7545 2
  99.0000   99.0000 3
9999 9999,GPML,nolabel,none,black,none,1,0
 101 4500.0   -inf UN   0   0   0     0
  25.1198  -10.9787 3
  25.7432  -11.8445 2
  99.0000   99.0000 3
9999 9999,GPML,nolabel,none,black,none,1,0
 101 4500.0   -inf UN   0   0   0     0
  24.8260   -9.5837 3
  24.0020  -10.2058 2
  99.0000   99.0000 3
9999 9999,GPML,nolabel,none,black,none,1,0
 101 4500.0   -inf UN   0   0   0     0
  24.1304   -9.4442 3
  24.6969  -10.3493 2
  99.0000   99.0000 3
9999 9999,GPML,nolabel,none,black,none,1,0
 101 4500.0   -inf UN   0   0   0     0
  23.9271   -8.0403 3
  23.0650   -8.5929 2
  99.0000   99.0000 3
9999 9999,GPML,nolabel,none,black,none,1,0
 101 4500.0   -inf UN   0   0   0     0
  23.2422   -7.8484 3
  23.7490   -8.7885 2
  99.0000   99.0000 3
9999 9999,GPML,nolabel,none,black,none,1,0
 101 4500.0   -inf UN   0   0   0     0
  23.1304   -6.4413 3
  22.2346   -6.9231 2
  99.0000   99.0000 3
9999 9999,GPML,nolabel,none,black,none,1,0
 101 4500.0   -inf UN   0   0   0     0
  22.4597   -6.1983 3
  22.9041   -7.1692 2
  99.0000   99.0000 3
9999 9999,GPML,nolabel,none,black,none,1,0
 101 4500.0   -inf UN   0   0   0     0
  22.4399   -4.7938 3
  21.5148   -5.2035 2
  99.0000   99.0000 3
9999 9999,GPML,nolabel,none,black,none,1,0
 101 4500.0   -inf UN   0   0   0     0
  21.7868   -4.5012 3
  22.1667   -5.4987 2
  99.0000   99.0000 3
9999 9999,GPML,nolabel,none,black,none,1,0
 101 4500.0   -inf UN   0   0   0     0
  21.8591   -3.1049 3
  20.9095   -3.4416 2
  99.0000   99.0000 3
9999 9999,GPML,nolabel,none,black,none,1,0
 101 4500.0   -inf UN   0   0   0     0
  21.2268   -2.7644 3
  21.5403   -3.7842 2
  99.0000   99.0000 3
9999 9999,GPML,nolabel,none,black,none,1,0
 101 4500.0   -inf UN   0   0   0     0
  21.3910   -1.3821 3
  20.4216   -1.6448 2
  99.0000   99.0000 3
9999 9999,GPML,nolabel,none,black,none,1,0
 101 4500.0   -inf UN   0   0   0     0
  20.7828   -0.9954 3
  21.0282   -2.0331 2
  99.0000   99.0000 3
9999 9999,GPML,nolabel,none,black,none,1,0
 102 4500.0   -inf UN   0   0   0     0
  16.0340    1.4805 3
  15.0620    1.2367 2
  99.0000   99.0000 3
9999 9999,GPML,nolabel,none,black,none,1,0
 102 4500.0   -inf UN   0   0   0     0
  15.4300    1.8625 3
  15.6649    0.8536 2
  99.0000   99.0000 3
9999 9999,GPML,nolabel,none,black,none,1,0
 102 4500.0   -inf UN   0   0   0     0
  15.7015    3.1804 3
  14.7148    3.0121 2
  99.0000   99.0000 3
9999 9999,GPML,nolabel,none,black,none,1,0
 102 4500.0   -inf UN   0   0   0     0
  15.1264    3.6071 3
  15.2888    2.5846 2
  99.0000   99.0000 3
9999 9999,GPML,nolabel,none,black,none,1,0
 102 4500.0   -inf UN   0   0   0     0
  15.4911    4.8989 3
  14.4951    4.8068 2
  99.0000   99.0000 3
9999 9999,GPML,nolabel,none,black,none,1,0
 102 4500.0   -inf UN   0   0   0     0
  14.9480    5.3682 3
  15.0370    4.3371 2
  99.0000   99.0000 3
9999 9999,GPML,nolabel,none,black,none,1,0
 102 4500.0   -inf UN   0   0   0     0
  15.4041    6.6276 3
  14.4042    6.6121 2
  99.0000   99.0000 3
9999 9999,GPML,nolabel,none,black,none,1,0
 102 4500.0   -inf UN   0   0   0     0
  14.8960    7.1372 3
  14.9111    6.1025 2
  99.0000   99.0000 3
9999 9999,GPML,nolabel,none,black,none,1,0
 102 4500.0   -inf UN   0   0   0     0
  15.4408    8.3581 3
  14.4426    8.4192 2
  99.0000   99.0000 3
9999 9999,GPML,nolabel,none,black,none,1,0
 102 4500.0   -inf UN   0   0   0     0
  14.9706    8.9054 3
  14.9116    7.8722 2
  99.0000   99.0000 3
9999 9999,GPML,nolabel,none,black,none,1,0
 102 4500.0   -inf UN   0   0   0     0
  15.6012   10.0818 3
  14.6101   10.2192 2
  99.0000   99.0000 3
9999 9999,GPML,nolabel,none,black,none,1,0
 102 4500.0   -inf UN   0   0   0     0
  15.1714   10.6641 3
  15.0388    9.6375 2
  99.0000   99.0000 3
9999 9999,GPML,nolabel,none,black,none,1,0
 102 4500.0   -inf UN   0   0   0     0
  15.8843   11.7903 3
  14.9057   12.0035 2
  99.0000   99.0000 3
9999 9999,GPML,nolabel,none,black,none,1,0
 102 4500.0   -inf UN   0   0   0     0
  15.4972   12.4049 3
  15.2916   11.3899 2
  99.0000   99.0000 3
9999 9999,GPML,nolabel,none,black,none,1,0
 301 4500.0   -inf UN   0   0   0     0
  17.7272   14.6195 3
  16.7752   14.9400 2
  99.0000   99.0000 3
9999 9999,GPML,nolabel,none,black,none,1,0
 301 4500.0   -inf UN   0   0   0     0
  17.4036   15.2790 3
  17.0976   14.2822 2
  99.0000   99.0000 3
9999 9999,GPML,nolabel,none,black,none,1,0
 301 4500.0   -inf UN   0   0   0     0
  18.4302   16.6709 3
  17.5012   17.0599 2
  99.0000   99.0000 3
9999 9999,GPML,nolabel,none,black,none,1,0
 301 4500.0   -inf UN   0   0   0     0
  18.1502   17.3548 3
  17.7801   16.3782 2
  99.0000   99.0000 3
9999 9999,GPML,nolabel,none,black,none,1,0
 301 4500.0   -inf UN   0   0   0     0
  19.2645   18.6760 3
  18.3627   19.1327 2
  99.0000   99.0000 3
9999 9999,GPML,nolabel,none,black,none,1,0
 301 4500.0   -inf UN   0   0   0     0
  19.0292   19.3819 3
  18.5970   18.4293 2
  99.0000   99.0000 3
9999 9999,GPML,nolabel,none,black,none,1,0
 301 4500.0   -inf UN   0   0   0     0
  20.2259   20.6273 3
  19.3554   21.1504 2
  99.0000   99.0000 3
9999 9999,GPML,nolabel,none,black,none,1,0
 301 4500.0   -inf UN   0   0   0     0
  20.0363   21.3529 3
  19.5441   20.4278 2
  99.0000   99.0000 3
9999 9999,GPML,nolabel,none,black,none,1,0
 301 4500.0   -inf UN   0   0   0     0
  21.3094   22.5173 3
  20.4741   23.1057 2
  99.0000   99.0000 3
9999 9999,GPML,nolabel,none,black,none,1,0
 301 4500.0   -inf UN   0   0   0     0
  21.1663   23.2603 3
  20.6166   22.3661 2
  99.0000   99.0000 3
9999 9999,GPML,nolabel,none,black,none,1,0
 301 4500.0   -inf UN   0   0   0     0
  22.5100   24.3388 3
  21.7135   24.9914 2
  99.0000   99.0000 3
9999 9999,GPML,nolabel,none,black,none,1,0
 301 4500.0   -inf UN   0   0   0     0
  22.4138   25.0968 3
  21.8092   24.2371 2
  99.0000   99.0000 3
9999 9999,GPML,nolabel,none,black,none,1,0
 301 4500.0   -inf UN   0   0   0     0
  23.8218   26.0847 3
  23.0676   26.8004 2
  99.0000   99.0000 3
9999 9999,GPML,nolabel,none,black,none,1,0
 301 4500.0   -inf UN   0   0   0     0
  23.7729   26.8556 3
  23.1163   26.0336 2
  99.0000   99.0000 3
9999 9999,GPML,nolabel,none,black,none,1,0
 301 4500.0   -inf UN   0   0   0     0
  25.2387   27.7479 3
  24.5302   28.5258 2
  99.0000   99.0000 3
9999 9999,GPML,nolabel,none,black,none,1,0
 301 4500.0   -inf UN   0   0   0     0
  25.2373   28.5296 3
  24.5316   27.7486 2
  99.0000   99.0000 3
9999 9999,GPML,nolabel,none,black,none,1,0
 301 4500.0   -inf UN   0   0   0     0
  26.7543   29.3214 3
  26.0945   30.1606 2
  99.0000   99.0000 3
9999 9999,GPML,nolabel,none,black,none,1,0
 301 4500.0   -inf UN   0   0   0     0
  26.8003   30.1118 3
  26.0488   29.3751 2
  99.0000   99.0000 3
9999 9999,GPML,nolabel,none,black,none,1,0
 301 4500.0   -inf UN   0   0   0     0
  28.3617   30.7979 3
  27.7538   31.6977 2
  99.0000   99.0000 3
9999 9999,GPML,nolabel,none,black,none,1,0
 301 4500.0   -inf UN   0   0   0     0
  28.4551   31.5948 3
  27.6610   30.9059 2
  99.0000   99.0000 3
9999 9999,GPML,nolabel,none,black,none,1,0
 301 4500.0   -inf UN   0   0   0     0
  30.0539   32.1697 3
  29.5007   33.1295 2
  99.0000   99.0000 3
9999 9999,GPML,nolabel,none,black,none,1,0
 301 4500.0   -inf UN   0   0   0     0
  30.1943   32.9710 3
  29.3612   32.3336 2
  99.0000   99.0000 3
9999 9999,GPML,nolabel,none,black,none,1,0
 402  120.0   -inf UN   0   0   0     0
  32.5532   35.6910 3
  32.2253   36.8098 2
  99.0000   99.0000 3
9999 9999,GPML,nolabel,none,black,none,1,0
 402  120.0   -inf UN   0   0   0     0
  32.8627   36.4466 3
  31.9180   36.0582 2
  99.0000   99.0000 3
9999 9999,GPML,nolabel,none,black,none,1,0
 401 4500.0   -inf UN   0   0   0     0
  34.5381   36.4084 3
  34.2789   37.5791 2
  99.0000   99.0000 3
9999 9999,GPML,nolabel,none,black,none,1,0
 401 4500.0   -inf UN   0   0   0     0
  34.8927   37.1527 3
  33.9268   36.8385 2
  99.0000   99.0000 3
9999 9999,GPML,nolabel,none,black,none,1,0
 401 4500.0   -inf UN   0   0   0     0
  36.5613   36.9631 3
  36.3735   38.1845 2
  99.0000   99.0000 3
9999 9999,GPML,nolabel,none,black,none,1,0
 401 4500.0   -inf UN   0   0   0     0
  36.9600   37.6921 3
  35.9777   37.4585 2
  99.0000   99.0000 3
9999 9999,GPML,nolabel,none,black,none,1,0
 401 4500.0   -inf UN   0   0   0     0
  38.6125   37.3408 3
  38.4986   38.6112 2
  99.0000   99.0000 3
9999 9999,GPML,nolabel,none,black,none,1,0
 401 4500.0   -inf UN   0   0   0     0
  39.0540   38.0498 3
  38.0605   37.9042 2
  99.0000   99.0000 3
9999 9999,GPML,nolabel,none,black,none,1,0
 401 4500.0   -inf UN   0   0   0     0
  40.6805   37.5250 3
  40.6432   38.8424 2
  99.0000   99.0000 3
9999 9999,GPML,nolabel,none,black,none,1,0
 401 4500.0   -inf UN   0   0   0     0
  41.1634   38.2087 3
  40.1641   38.1595 2
  99.0000   99.0000 3
9999 9999,GPML,nolabel,none,black,none,1,0
 401 4500.0   -inf UN   0   0   0     0
  42.7533   37.4971 3
  42.7952   38.8583 2
  99.0000   99.0000 3
9999 9999,GPML,nolabel,none,black,none,1,0
 401 4500.0   -inf UN   0   0   0     0
  43.2758   38.1488 3
  42.2767   38.2058 2
  99.0000   99.0000 3
9999 9999,GPML,nolabel,none,black,none,1,0
 401 4500.0   -inf UN   0   0   0     0
  44.8176   37.2356 3
  44.9412   38.6361 2
  99.0000   99.0000 3
9999 9999,GPML,nolabel,none,black,none,1,0
 401 4500.0   -inf UN   0   0   0     0
  45.3777   37.8472 3
  44.3853   38.0216 2
  99.0000   99.0000 3
9999 9999,GPML,nolabel,none,black,none,1,0
 401 4500.0   -inf UN   0   0   0     0
  46.8587   36.7163 3
  47.0665   38.1496 2
  99.0000   99.0000 3
9999 9999,GPML,nolabel,none,black,none,1,0
 401 4500.0   -inf UN   0   0   0     0
  47.4538   37.2779 3
  46.4757   37.5824 2
  99.0000   99.0000 3
9999 9999,GPML,nolabel,none,black,none,1,0
 401 4500.0   -inf UN   0   0   0     0
  48.8602   35.9121 3
  49.1545   37.3691 2
  99.0000   99.0000 3
9999 9999,GPML,nolabel,none,black,none,1,0
 401 4500.0   -inf UN   0   0   0     0
  49.4873   36.4120 3
  48.5316   36.8607 2
  99.0000   99.0000 3
9999 9999,GPML,nolabel,none,black,none,1,0
 401 4500.0   -inf UN   0   0   0     0
  50.8037   34.7939 3
  51.1863   36.2619 2
  99.0000   99.0000 3
9999 9999,GPML,nolabel,none,black,none,1,0
 401 4500.0   -inf UN   0   0   0     0
  51.4588   35.2178 3
  50.5350   35.8259 2
  99.0000   99.0000 3
9999 9999,GPML,nolabel,none,black,none,1,0
 401 4500.0   -inf UN   0   0   0     0
  52.6683   33.3310 3
  53.1406   34.7925 2
  99.0000   99.0000 3
9999 9999,GPML,nolabel,none,black,none,1,0
 401 4500.0   -inf UN   0   0   0     0
  53.3467   33.6622 3
  52.4653   34.4454 2
  99.0000   99.0000 3
9999 9999,GPML,nolabel,none,black,none,1,0
 401 4500.0   -inf UN   0   0   0     0
  54.4306   31.4936 3
  54.9929   32.9251 2
  99.0000   99.0000 3
9999 9999,GPML,nolabel,none,black,none,1,0
 401 4500.0   -inf UN   0   0   0     0
  55.1263   31.7127 3
  54.2994   32.6862 2
  99.0000   99.0000 3
9999 9999,GPML,nolabel,none,black,none,1,0
 401 4500.0   -inf UN   0   0   0     0
  56.0646   29.2553 3
  56.7156   30.6267 2
  99.0000   99.0000 3
9999 9999,GPML,nolabel,none,black,none,1,0
 401 4500.0   -inf UN   0   0   0     0
  56.7701   29.3412 3
  56.0111   30.5175 2
  99.0000   99.0000 3
9999 9999,GPML,nolabel,none,black,none,1,0
 401 4500.0   -inf UN   0   0   0     0
  57.5417   26.5983 3
  58.2781   27.8719 2
  99.0000   99.0000 3
9999 9999,GPML,nolabel,none,black,none,1,0
 401 4500.0   -inf UN   0   0   0     0
  58.2479   26.5289 3
  57.5713   27.9152 2
  99.0000   99.0000 3
9999 9999,GPML,nolabel,none,black,none,1,0
 401 4500.0   -inf UN   0   0   0     0
  58.8314   23.5189 3
  59.6469   24.6505 2
  99.0000   99.0000 3
9999 9999,GPML,nolabel,none,black,none,1,0
 401 4500.0   -inf UN   0   0   0     0
  59.5273   23.2738 3
  58.9487   24.8685 2
  99.0000   99.0000 3
9999 9999,GPML,nolabel,none,black,none,1,0
 401 4500.0   -inf UN   0   0   0     0
  59.9026   20.0351 3
  60.7877   20.9758 2
  99.0000   99.0000 3
9999 9999,GPML,nolabel,none,black,none,1,0
 401 4500.0   -inf UN   0   0   0     0
  60.5756   19.5982 3
  60.1104   21.3872 2
  99.0000   99.0000 3
9999 9999,GPML,nolabel,none,black,none,1,0
 405 4500.0   -inf UN   0   0   0     0
  61.6656    8.7889 3
  62.6602    9.0107 2
  99.0000   99.0000 3
9999 9999,GPML,nolabel,none,black,none,1,0
 405 4500.0   -inf UN   0   0   0     0
  62.2106    7.8312 3
  62.1071    9.9610 2
  99.0000   99.0000 3
9999 9999,GPML,nolabel,none,black,none,1,0
 405 4500.0   -inf UN   0   0   0     0
  61.7252    4.4181 3
  62.7242    4.3210 2
  99.0000   99.0000 3
9999 9999,GPML,nolabel,none,black,none,1,0
 405 4500.0   -inf UN   0   0   0     0
  62.1980    3.2994 3
  62.2432    5.4428 2
  99.0000   99.0000 3
9999 9999,GPML,nolabel,none,black,none,1,0
 405 4500.0   -inf UN   0   0   0     0
  61.4821    0.0885 3
  62.4634   -0.3209 2
  99.0000   99.0000 3
9999 9999,GPML,nolabel,none,black,none,1,0
 405 4500.0   -inf UN   0   0   0     0
  61.8728   -1.1537 3
  62.0651    0.9345 2
  99.0000   99.0000 3
9999 9999,GPML,nolabel,none,black,none,1,0
 103 4500.0   -inf UN   0   0   0     0
  43.3701    0.7311 3
  44.3638    0.8866 2
  99.0000   99.0000 3
9999 9999,GPML,nolabel,none,black,none,1,0
 103 4500.0   -inf UN   0   0   0     0
  43.9209    0.1184 3
  43.8088    1.4968 2
  99.0000   99.0000 3
9999 9999,GPML,nolabel,none,black,none,1,0
 103 4500.0   -inf UN   0   0   0     0
  43.4832   -2.1190 3
  44.4832   -2.1221 2
  99.0000   99.0000 3
9999 9999,GPML,nolabel,none,black,none,1,0
 103 4500.0   -inf UN   0   0   0     0
  43.9800   -2.8154 3
  43.9822   -1.4256 2
  99.0000   99.0000 3
9999 9999,GPML,nolabel,none,black,none,1,0
 103 4500.0   -inf UN   0   0   0     0
  43.3609   -4.9682 3
  44.3541   -5.1298 2
  99.0000   99.0000 3
9999 9999,GPML,nolabel,none,black,none,1,0
 103 4500.0   -inf UN   0   0   0     0
  43.7972   -5.7364 3
  43.9137   -4.3590 2
  99.0000   99.0000 3
9999 9999,GPML,nolabel,none,black,none,1,0
 124 4500.0   -inf UN   0   0   0     0
  36.6698  -27.7776 3
  36.3323  -28.9486 2
  99.0000   99.0000 3
9999 9999,GPML,nolabel,none,black,none,1,0
 124 4500.0   -inf UN   0   0   0     0
  36.0317  -28.1558 3
  36.9730  -28.5756 2
  99.0000   99.0000 3
9999 9999,GPML,nolabel,none,black,none,1,0
 124 4500.0   -inf UN   0   0   0     0
  34.7395  -26.8471 3
  34.3376  -27.9587 2
  99.0000   99.0000 3
9999 9999,GPML,nolabel,none,black,none,1,0
 124 4500.0   -inf UN   0   0   0     0
  34.0817  -27.1617 3
  34.9974  -27.6496 2
  99.0000   99.0000 3
9999 9999,GPML,nolabel,none,black,none,1,0
 101 4500.0   -inf UN   0   0   0     0
  31.2084  -23.4560 3
  30.7151  -24.4704 2
  99.0000   99.0000 3
9999 9999,GPML,nolabel,none,black,none,1,0
 101 4500.0   -inf UN   0   0   0     0
  30.5275  -23.6782 3
  31.3973  -24.2535 2
  99.0000   99.0000 3
9999 9999,GPML,nolabel,none,black,none,1,0
 101 4500.0   -inf UN   0   0   0     0
  29.4363  -22.2100 3
  28.8850  -23.1655 2
  99.0000   99.0000 3
9999 9999,GPML,nolabel,none,black,none,1,0
 101 4500.0   -inf UN   0   0   0     0
  28.7440  -22.3747 3
  29.5783  -23.0060 2
  99.0000   99.0000 3
9999 9999,GPML,nolabel,none,black,none,1,0
 101 4500.0   -inf UN   0   0   0     0
  27.7416  -20.8504 3
  27.1353  -21.7464 2
  99.0000   99.0000 3
9999 9999,GPML,nolabel,none,black,none,1,0
 101 4500.0   -inf UN   0   0   0     0
  27.0412  -20.9593 3
  27.8364  -21.6425 2
  99.0000   99.0000 3
9999 9999,GPML,nolabel,none,black,none,1,0
 101 4500.0   -inf UN   0   0   0     0
  26.1320  -19.3852 3
  25.4735  -20.2211 2
  99.0000   99.0000 3
9999 9999,GPML,nolabel,none,black,none,1,0
 101 4500.0   -inf UN   0   0   0     0
  25.4266  -19.4398 3
  26.1791  -20.1712 2
  99.0000   99.0000 3
9999 9999,GPML,nolabel,none,black,none,1,0
 101 4500.0   -inf UN   0   0   0     0
  24.6145  -17.8223 3
  23.9068  -18.5973 2
  99.0000   99.0000 3
9999 9999,GPML,nolabel,none,black,none,1,0
 101 4500.0   -inf UN   0   0   0     0
  23.9074  -17.8238 3
  24.6139  -18.6000 2
  99.0000   99.0000 3
9999 9999,GPML,nolabel,none,black,none,1,0
 101 4500.0   -inf UN   0   0   0     0
  23.1960  -16.1688 3
  22.4424  -16.8819 2
  99.0000   99.0000 3
9999 9999,GPML,nolabel,none,black,none,1,0
 101 4500.0   -inf UN   0   0   0     0
  22.4904  -16.1185 3
  23.1477  -16.9361 2
  99.0000   99.0000 3
9999 9999,GPML,nolabel,none,black,none,1,0
 101 4500.0   -inf UN   0   0   0     0
  21.8831  -14.4319 3
  21.0869  -15.0821 2
  99.0000   99.0000 3
9999 9999,GPML,nolabel,none,black,none,1,0
 101 4500.0   -inf UN   0   0   0     0
  21.1823  -14.3309 3
  21.7873  -15.1866 2
  99.0000   99.0000 3
9999 9999,GPML,nolabel,none,black,none,1,0
 101 4500.0   -inf UN   0   0   0     0
  20.6821  -12.6186 3
  19.8468  -13.2048 2
  99.0000   99.0000 3
9999 9999,GPML,nolabel,none,black,none,1,0
 101 4500.0   -inf UN   0   0   0     0
  19.9892  -12.4681 3
  20.5390  -13.3585 2
  99.0000   99.0000 3
9999 9999,GPML,nolabel,none,black,none,1,0
 101 4500.0   -inf UN   0   0   0     0
  19.5986  -10.7363 3
  18.7280  -11.2571 2
  99.0000   99.0000 3
9999 9999,GPML,nolabel,none,black,none,1,0
 101 4500.0   -inf UN   0   0   0     0
  18.9169  -10.5372 3
  19.4089  -11.4589 2
  99.0000   99.0000 3
9999 9999,GPML,nolabel,none,black,none,1,0
 101 4500.0   -inf UN   0   0   0     0
  18.6382   -8.7920 3
  17.7361   -9.2464 2
  99.0000   99.0000 3
9999 9999,GPML,nolabel,none,black,none,1,0
 101 4500.0   -inf UN   0   0   0     0
  17.9708   -8.5456 3
  18.4025   -9.4951 2
  99.0000   99.0000 3
9999 9999,GPML,nolabel,none,black,none,1,0
 101 4500.0   -inf UN   0   0   0     0
  17.8055   -6.7934 3
  16.8761   -7.1801 2
  99.0000   99.0000 3
9999 9999,GPML,nolabel,none,black,none,1,0
 101 4500.0   -inf UN   0   0   0     0
  17.1557   -6.5009 3
  17.5248   -7.4746 2
  99.0000   99.0000 3
9999 9999,GPML,nolabel,none,black,none,1,0
 101 4500.0   -inf UN   0   0   0     0
  17.1049   -4.7483 3
  16.1525   -5.0662 2
  99.0000   99.0000 3
9999 9999,GPML,nolabel,none,black,none,1,0
 101 4500.0   -inf UN   0   0   0     0
  16.4758   -4.4110 3
  16.7805   -5.4050 2
  99.0000   99.0000 3
9999 9999,GPML,nolabel,none,black,none,1,0
 101 4500.0   -inf UN   0   0   0     0
  16.5402   -2.6646 3
  15.5691   -2.9128 2
  99.0000   99.0000 3
9999 9999,GPML,nolabel,none,black,none,1,0
 101 4500.0   -inf UN   0   0   0     0
  15.9348   -2.2840 3
  16.1733   -3.2946 2
  99.0000   99.0000 3
9999 9999,GPML,nolabel,none,black,none,1,0
 101 4500.0   -inf UN   0   0   0     0
  16.1142   -0.5506 3
  15.1290   -0.7284 2
  99.0000   99.0000 3
9999 9999,GPML,nolabel,none,black,none,1,0
 101 4500.0   -inf UN   0   0   0     0
  15.5355   -0.1284 3
  15.7066   -1.1515 2
  99.0000   99.0000 3
9999 9999,GPML,nolabel,none,black,none,1,0
 102 4500.0   -inf UN   0   0   0     0
  10.7668    2.3529 3
   9.7795    2.1910 2
  99.0000   99.0000 3
9999 9999,GPML,nolabel,none,black,none,1,0
 102 4500.0   -inf UN   0   0   0     0
  10.1931    2.7734 3
  10.3524    1.7700 2
  99.0000   99.0000 3
9999 9999,GPML,nolabel,none,black,none,1,0
 102 4500.0   -inf UN   0   0   0     0
  10.5106    4.4459 3
   9.5145    4.3573 2
  99.0000   99.0000 3
9999 9999,GPML,nolabel,none,black,none,1,0
 102 4500.0   -inf UN   0   0   0     0
   9.9685    4.9073 3
  10.0558    3.8957 2
  99.0000   99.0000 3
9999 9999,GPML,nolabel,none,black,none,1,0
 102 4500.0   -inf UN   0   0   0     0
  10.4046    6.5511 3
   9.4047    6.5361 2
  99.0000   99.0000 3
9999 9999,GPML,nolabel,none,black,none,1,0
 102 4500.0   -inf UN   0   0   0     0
   9.8969    7.0511 3
   9.9117    6.0361 2
  99.0000   99.0000 3
9999 9999,GPML,nolabel,none,black,none,1,0
 313 4500.0   -inf UN   0   0   0     0
  11.8033   11.2968 3
  10.8178   11.4700 2
  99.0000   99.0000 3
9999 9999,GPML,nolabel,none,black,none,1,0
 313 4500.0   -inf UN   0   0   0     0
  11.3950   11.8862 3
  11.2252   10.8812 2
  99.0000   99.0000 3
9999 9999,GPML,nolabel,none,black,none,1,0
 301 4500.0   -inf UN   0   0   0     0
  12.3029   13.7614 3
  11.3310   14.0018 2
  99.0000   99.0000 3
9999 9999,GPML,nolabel,none,black,none,1,0
 301 4500.0   -inf UN   0   0   0     0
  11.9341   14.3785 3
  11.6989   13.3855 2
  99.0000   99.0000 3
9999 9999,GPML,nolabel,none,black,none,1,0
 301 4500.0   -inf UN   0   0   0     0
  12.9624   16.1918 3
  12.0083   16.4983 2
  99.0000   99.0000 3
9999 9999,GPML,nolabel,none,black,none,1,0
 301 4500.0   -inf UN   0   0   0     0
  12.6346   16.8343 3
  12.3353   15.8570 2
  99.0000   99.0000 3
9999 9999,GPML,nolabel,none,black,none,1,0
 301 4500.0   -inf UN   0   0   0     0
  13.7781   18.5790 3
  12.8458   18.9507 2
  99.0000   99.0000 3
9999 9999,GPML,nolabel,none,black,none,1,0
 301 4500.0   -inf UN   0   0   0     0
  13.4925   19.2446 3
  13.1307   18.2865 2
  99.0000   99.0000 3
9999 9999,GPML,nolabel,none,black,none,1,0
 301 4500.0   -inf UN   0   0   0     0
  14.7455   20.9144 3
  13.8390   21.3501 2
  99.0000   99.0000 3
9999 9999,GPML,nolabel,none,black,none,1,0
 301 4500.0   -inf UN   0   0   0     0
  14.5030   21.6009 3
  14.0808   20.6654 2
  99.0000   99.0000 3
9999 9999,GPML,nolabel,none,black,none,1,0
 301 4500.0   -inf UN   0   0   0     0
  15.8594   23.1902 3
  14.9824   23.6886 2
  99.0000   99.0000 3
9999 9999,GPML,nolabel,none,black,none,1,0
 301 4500.0   -inf UN   0   0   0     0
  15.6608   23.8954 3
  15.1804   22.9856 2
  99.0000   99.0000 3
9999 9999,GPML,nolabel,none,black,none,1,0
 301 4500.0   -inf UN   0   0   0     0
  17.1141   25.3988 3
  16.2700   25.9586 2
  99.0000   99.0000 3
9999 9999,GPML,nolabel,none,black,none,1,0
 301 4500.0   -inf UN   0   0   0     0
  16.9599   26.1206 3
  16.4237   25.2393 2
  99.0000   99.0000 3
9999 9999,GPML,nolabel,none,black,none,1,0
 301 4500.0   -inf UN   0   0   0     0
  18.5033   27.5332 3
  17.6954   28.1532 2
  99.0000   99.0000 3
9999 9999,GPML,nolabel,none,black,none,1,0
 301 4500.0   -inf UN   0   0   0     0
  18.3938   28.2696 3
  17.8045   27.4197 2
  99.0000   99.0000 3
9999 9999,GPML,nolabel,none,black,none,1,0
 301 4500.0   -inf UN   0   0   0     0
  20.0204   29.5867 3
  19.2517   30.2659 2
  99.0000   99.0000 3
9999 9999,GPML,nolabel,none,black,none,1,0
 301 4500.0   -inf UN   0   0   0     0
  19.9557   30.3360 3
  19.3161   29.5199 2
  99.0000   99.0000 3
9999 9999,GPML,nolabel,none,black,none,1,0
 301 4500.0   -inf UN   0   0   0     0
  21.6582   31.5530 3
  20.9315   32.2904 2
  99.0000   99.0000 3
9999 9999,GPML,nolabel,none,black,none,1,0
 301 4500.0   -inf UN   0   0   0     0
  21.6383   32.3135 3
  20.9513   31.5337 2
  99.0000   99.0000 3
9999 9999,GPML,nolabel,none,black,none,1,0
 301 4500.0   -inf UN   0   0   0     0
  23.4094   33.4259 3
  22.7276   34.2210 2
  99.0000   99.0000 3
9999 9999,GPML,nolabel,none,black,none,1,0
 301 4500.0   -inf UN   0   0   0     0
  23.4343   34.1960 3
  22.7028   33.4549 2
  99.0000   99.0000 3
9999 9999,GPML,nolabel,none,black,none,1,0
 301 4500.0   -inf UN   0   0   0     0
  25.2667   35.1991 3
  24.6320   36.0515 2
  99.0000   99.0000 3
9999 9999,GPML,nolabel,none,black,none,1,0
 301 4500.0   -inf UN   0   0   0     0
  25.3359   35.9775 3
  24.5631   35.2775 2
  99.0000   99.0000 3
9999 9999,GPML,nolabel,none,black,none,1,0
 301 4500.0   -inf UN   0   0   0     0
  27.2222   36.8661 3
  26.6371   37.7758 2
  99.0000   99.0000 3
9999 9999,GPML,nolabel,none,black,none,1,0
 301 4500.0   -inf UN   0   0   0     0
  27.3355   37.6514 3
  26.5245   36.9952 2
  99.0000   99.0000 3
9999 9999,GPML,nolabel,none,black,none,1,0
 402  120.0   -inf UN   0   0   0     0
  30.8177   41.2026 3
  30.4429   42.2800 2
  99.0000   99.0000 3
9999 9999,GPML,nolabel,none,black,none,1,0
 402  120.0   -inf UN   0   0   0     0
  31.0948   41.9612 3
  30.1677   41.5255 2
  99.0000   99.0000 3
9999 9999,GPML,nolabel,none,black,none,1,0
 402  120.0   -inf UN   0   0   0     0
  33.1335   42.1866 3
  32.8208   43.3189 2
  99.0000   99.0000 3
9999 9999,GPML,nolabel,none,black,none,1,0
 402  120.0   -inf UN   0   0   0     0
  33.4532   42.9411 3
  32.5034   42.5684 2
  99.0000   99.0000 3
9999 9999,GPML,nolabel,none,black,none,1,0
 401 4500.0   -inf UN   0   0   0     0
  35.5001   43.0062 3
  35.2520   44.1943 2
  99.0000   99.0000 3
9999 9999,GPML,nolabel,none,black,none,1,0
 401 4500.0   -inf UN   0   0   0     0
  35.8618   43.7542 3
  34.8931   43.4500 2
  99.0000   99.0000 3
9999 9999,GPML,nolabel,none,black,none,1,0
 401 4500.0   -inf UN   0   0   0     0
  37.9076   43.6462 3
  37.7265   44.8912 2
  99.0000   99.0000 3
9999 9999,GPML,nolabel,none,black,none,1,0
 401 4500.0   -inf UN   0   0   0     0
  38.3103   44.3849 3
  37.3269   44.1557 2
  99.0000   99.0000 3
9999 9999,GPML,nolabel,none,black,none,1,0
 401 4500.0   -inf UN   0   0   0     0
  40.3451   44.0884 3
  40.2337   45.3913 2
  99.0000   99.0000 3
9999 9999,GPML,nolabel,none,black,none,1,0
 401 4500.0   -inf UN   0   0   0     0
  40.7880   44.8140 3
  39.7943   44.6679 2
  99.0000   99.0000 3
9999 9999,GPML,nolabel,none,black,none,1,0
 401 4500.0   -inf UN   0   0   0     0
  42.8010   44.3106 3
  42.7620   45.6721 2
  99.0000   99.0000 3
9999 9999,GPML,nolabel,none,black,none,1,0
 401 4500.0   -inf UN   0   0   0     0
  43.2831   45.0184 3
  42.2839   44.9653 2
  99.0000   99.0000 3
9999 9999,GPML,nolabel,none,black,none,1,0
 401 4500.0   -inf UN   0   0   0     0
  45.2624   44.2859 3
  45.2990   45.7061 2
  99.0000   99.0000 3
9999 9999,GPML,nolabel,none,black,none,1,0
 401 4500.0   -inf UN   0   0   0     0
  45.7825   44.9696 3
  44.7832   45.0216 2
  99.0000   99.0000 3
9999 9999,GPML,nolabel,none,black,none,1,0
 401 4500.0   -inf UN   0   0   0     0
  47.7150   43.9814 3
  47.8304   45.4594 2
  99.0000   99.0000 3
9999 9999,GPML,nolabel,none,black,none,1,0
 401 4500.0   -inf UN   0   0   0     0
  48.2717   44.6329 3
  47.2783   44.8046 2
  99.0000   99.0000 3
9999 9999,GPML,nolabel,none,black,none,1,0
 401 4500.0   -inf UN   0   0   0     0
  50.1422   43.3576 3
  50.3400   44.8903 2
  99.0000   99.0000 3
9999 9999,GPML,nolabel,none,black,none,1,0
 401 4500.0   -inf UN   0   0   0     0
  50.7336   43.9662 3
  49.7533   44.2755 2
  99.0000   99.0000 3
9999 9999,GPML,nolabel,none,black,none,1,0
 401 4500.0   -inf UN   0   0   0     0
  52.5247   42.3673 3
  52.8087   43.9485 2
  99.0000   99.0000 3
9999 9999,GPML,nolabel,none,black,none,1,0
 401 4500.0   -inf UN   0   0   0     0
  53.1485   42.9187 3
  52.1897   43.3870 2
  99.0000   99.0000 3
9999 9999,GPML,nolabel,none,black,none,1,0
 401 4500.0   -inf UN   0   0   0     0
  54.8399   40.9550 3
  55.2137   42.5732 2
  99.0000   99.0000 3
9999 9999,GPML,nolabel,none,black,none,1,0
 401 4500.0   -inf UN   0   0   0     0
  55.4928   41.4304 3
  54.5653   42.0828 2
  99.0000   99.0000 3
9999 9999,GPML,nolabel,none,black,none,1,0
 401 4500.0   -inf UN   0   0   0     0
  57.0605   39.0573 3
  57.5277   40.6937 2
  99.0000   99.0000 3
9999 9999,GPML,nolabel,none,black,none,1,0
 401 4500.0   -inf UN   0   0   0     0
  57.7381   39.4327 3
  56.8540   40.2976 2
  99.0000   99.0000 3
9999 9999,GPML,nolabel,none,black,none,1,0
 401 4500.0   -inf UN   0   0   0     0
  59.1540   36.6053 3
  59.7172   38.2304 2
  99.0000   99.0000 3
9999 9999,GPML,nolabel,none,black,none,1,0
 401 4500.0   -inf UN   0   0   0     0
  59.8501   36.8505 3
  59.0238   37.9583 2
  99.0000   99.0000 3
9999 9999,GPML,nolabel,none,black,none,1,0
 401 4500.0   -inf UN   0   0   0     0
  61.0815   33.5309 3
  61.7416   35.1009 2
  99.0000   99.0000 3
9999 9999,GPML,nolabel,none,black,none,1,0
 401 4500.0   -inf UN   0   0   0     0
  61.7877   33.6093 3
  61.0366   34.9892 2
  99.0000   99.0000 3
9999 9999,GPML,nolabel,none,black,none,1,0
 401 4500.0   -inf UN   0   0   0     0
  62.7978   29.7776 3
  63.5526   31.2312 2
  99.0000   99.0000 3
9999 9999,GPML,nolabel,none,black,none,1,0
 401 4500.0   -inf UN   0   0   0     0
  63.5025   29.6489 3
  62.8467   31.3220 2
  99.0000   99.0000 3
9999 9999,GPML,nolabel,none,black,none,1,0
 401 4500.0   -inf UN   0   0   0     0
  64.2516   25.3197 3
  65.0944   26.5781 2
  99.0000   99.0000 3
9999 9999,GPML,nolabel,none,black,none,1,0
 401 4500.0   -inf UN   0   0   0     0
  64.9402   24.9441 3
  64.4020   26.9145 2
  99.0000   99.0000 3
9999 9999,GPML,nolabel,none,black,none,1,0
 401 4500.0   -inf UN   0   0   0     0
  65.3893   20.1865 3
  66.3068   21.1589 2
  99.0000   99.0000 3
9999 9999,GPML,nolabel,none,black,none,1,0
 401 4500.0   -inf UN   0   0   0     0
  66.0436   19.5341 3
  65.6459   21.7766 2
  99.0000   99.0000 3
9999 9999,GPML,nolabel,none,black,none,1,0
 401 4500.0   -inf UN   0   0   0     0
  66.1601   14.4867 3
  67.1316   15.0852 2
  99.0000   99.0000 3
9999 9999,GPML,nolabel,none,black,none,1,0
 401 4500.0   -inf UN   0   0   0     0
  66.7600   13.5489 3
  66.5228   15.9994 2
  99.0000   99.0000 3
9999 9999,GPML,nolabel,none,black,none,1,0
 405 4500.0   -inf UN   0   0   0     0
  66.3743   -2.2707 3
  67.3475   -2.8561 2
  99.0000   99.0000 3
9999 9999,GPML,nolabel,none,black,none,1,0
 405 4500.0   -inf UN   0   0   0     0
  66.7414   -3.7899 3
  66.9713   -1.3137 2
  99.0000   99.0000 3
9999 9999,GPML,nolabel,none,black,none,1,0
 123 4500.0   -inf UN   0   0   0     0
  24.6821  -33.7068 3
  24.3413  -34.7400 2
  99.0000   99.0000 3
9999 9999,GPML,nolabel,none,black,none,1,0
 123 4500.0   -inf UN   0   0   0     0
  24.0424  -34.0375 3
  24.9825  -34.4122 2
  99.0000   99.0000 3
9999 9999,GPML,nolabel,none,black,none,1,0
 101 4500.0   -inf UN   0   0   0     0
  26.6156  -26.8881 3
  26.0332  -27.7950 2
  99.0000   99.0000 3
9999 9999,GPML,nolabel,none,black,none,1,0
 101 4500.0   -inf UN   0   0   0     0
  25.9183  -27.0189 3
  26.7312  -27.6688 2
  99.0000   99.0000 3
9999 9999,GPML,nolabel,none,black,none,1,0
 101 4500.0   -inf UN   0   0   0     0
  24.6558  -25.2360 3
  24.0233  -26.0862 2
  99.0000   99.0000 3
9999 9999,GPML,nolabel,none,black,none,1,0
 101 4500.0   -inf UN   0   0   0     0
  23.9524  -25.3162 3
  24.7270  -26.0104 2
  99.0000   99.0000 3
9999 9999,GPML,nolabel,none,black,none,1,0
 101 4500.0   -inf UN   0   0   0     0
  22.7944  -23.4765 3
  22.1143  -24.2698 2
  99.0000   99.0000 3
9999 9999,GPML,nolabel,none,black,none,1,0
 101 4500.0   -inf UN   0   0   0     0
  22.0879  -23.5071 3
  22.8210  -24.2431 2
  99.0000   99.0000 3
9999 9999,GPML,nolabel,none,black,none,1,0
 101 4500.0   -inf UN   0   0   0     0
  21.0395  -21.6159 3
  20.3142  -22.3518 2
  99.0000   99.0000 3
9999 9999,GPML,nolabel,none,black,none,1,0
 101 4500.0   -inf UN   0   0   0     0
  20.3325  -21.5980 3
  21.0210  -22.3732 2
  99.0000   99.0000 3
9999 9999,GPML,nolabel,none,black,none,1,0
 101 4500.0   -inf UN   0   0   0     0
  19.3985  -19.6606 3
  18.6308  -20.3385 2
  99.0000   99.0000 3
9999 9999,GPML,nolabel,none,black,none,1,0
 101 4500.0   -inf UN   0   0   0     0
  18.6940  -19.5951 3
  19.3349  -20.4071 2
  99.0000   99.0000 3
9999 9999,GPML,nolabel,none,black,none,1,0
 101 4500.0   -inf UN   0   0   0     0
  17.8789  -17.6169 3
  17.0716  -18.2357 2
  99.0000   99.0000 3
9999 9999,GPML,nolabel,none,black,none,1,0
 101 4500.0   -inf UN   0   0   0     0
  17.1799  -17.5045 3
  17.7701  -18.3508 2
  99.0000   99.0000 3
9999 9999,GPML,nolabel,none,black,none,1,0
 101 4500.0   -inf UN   0   0   0     0
  16.4879  -15.4911 3
  15.6441  -16.0497 2
  99.0000   99.0000 3
9999 9999,GPML,nolabel,none,black,none,1,0
 101 4500.0   -inf UN   0   0   0     0
  15.7973  -15.3326 3
  16.3341  -16.2106 2
  99.0000   99.0000 3
9999 9999,GPML,nolabel,none,black,none,1,0
 101 4500.0   -inf UN   0   0   0     0
  15.2322  -13.2901 3
  14.3553  -13.7872 2
  99.0000   99.0000 3
9999 9999,GPML,nolabel,none,black,none,1,0
 101 4500.0   -inf UN   0   0   0     0
  14.5531  -13.0862 3
  15.0337  -13.9932 2
  99.0000   99.0000 3
9999 9999,GPML,nolabel,none,black,none,1,0
 101 4500.0   -inf UN   0   0   0     0
  14.1182  -11.0210 3
  13.2116  -11.4553 2
  99.0000   99.0000 3
9999 9999,GPML,nolabel,none,black,none,1,0
 101 4500.0   -inf UN   0   0   0     0
  13.4536  -10.7725 3
  13.8756  -11.7055 2
  99.0000   99.0000 3
9999 9999,GPML,nolabel,none,black,none,1,0
 101 4500.0   -inf UN   0   0   0     0
  13.1518   -8.6914 3
  12.2193   -9.0616 2
  99.0000   99.0000 3
9999 9999,GPML,nolabel,none,black,none,1,0
 101 4500.0   -inf UN   0   0   0     0
  12.5046   -8.3993 3
  12.8658   -9.3551 2
  99.0000   99.0000 3
9999 9999,GPML,nolabel,none,black,none,1,0
 101 4500.0   -inf UN   0   0   0     0
  12.3382   -6.3095 3
  11.3838   -6.6143 2
  99.0000   99.0000 3
9999 9999,GPML,nolabel,none,black,none,1,0
 101 4500.0   -inf UN   0   0   0     0
  11.7115   -5.9748 3
  12.0097   -6.9501 2
  99.0000   99.0000 3
9999 9999,GPML,nolabel,none,black,none,1,0
 101 4500.0   -inf UN   0   0   0     0
  11.6820   -3.8840 3
  10.7096   -4.1222 2
  99.0000   99.0000 3
9999 9999,GPML,nolabel,none,black,none,1,0
 101 4500.0   -inf UN   0   0   0     0
  11.0786   -3.5079 3
  11.3122   -4.4991 2
  99.0000   99.0000 3
9999 9999,GPML,nolabel,none,black,none,1,0
 101 4500.0   -inf UN   0   0   0     0
  11.1867   -1.4240 3
  10.2009   -1.5947 2
  99.0000   99.0000 3
9999 9999,GPML,nolabel,none,black,none,1,0
 101 4500.0   -inf UN   0   0   0     0
  10.6096   -1.0080 3
  10.7773   -2.0112 2
  99.0000   99.0000 3
9999 9999,GPML,nolabel,none,black,none,1,0
 102 4500.0   -inf UN   0   0   0     0
   5.5295    4.0073 3
   4.5332    3.9207 2
  99.0000   99.0000 3
9999 9999,GPML,nolabel,none,black,none,1,0
 102 4500.0   -inf UN   0   0   0     0
   4.9880    4.4640 3
   5.0743    3.4639 2
  99.0000   99.0000 3
9999 9999,GPML,nolabel,none,black,none,1,0
 313 4500.0   -inf UN   0   0   0     0
  11.8032   11.2967 3
  10.8178   11.4698 2
  99.0000   99.0000 3
9999 9999,GPML,nolabel,none,black,none,1,0
 313 4500.0   -inf UN   0   0   0     0
  11.3949   11.8860 3
  11.2252   10.8810 2
  99.0000   99.0000 3
9999 9999,GPML,nolabel,none,black,none,1,0
 315  300.0   -inf UN   0   0   0     0
   6.8750   12.1522 3
   5.8891   12.3207 2
  99.0000   99.0000 3
9999 9999,GPML,nolabel,none,black,none,1,0
 315  300.0   -inf UN   0   0   0     0
   6.4656   12.7326 3
   6.2981   11.7406 2
  99.0000   99.0000 3
9999 9999,GPML,nolabel,none,black,none,1,0
 315  300.0   -inf UN   0   0   0     0
   7.4414   14.9481 3
   6.4687   15.1818 2
  99.0000   99.0000 3
9999 9999,GPML,nolabel,none,black,none,1,0
 315  300.0   -inf UN   0   0   0     0
   7.0708   15.5552 3
   6.8389   14.5752 2
  99.0000   99.0000 3
9999 9999,GPML,nolabel,none,black,none,1,0
 301 4500.0   -inf UN   0   0   0     0
   8.1886   17.7048 3
   7.2331   18.0024 2
  99.0000   99.0000 3
9999 9999,GPML,nolabel,none,black,none,1,0
 301 4500.0   -inf UN   0   0   0     0
   7.8581   18.3361 3
   7.5632   17.3718 2
  99.0000   99.0000 3
9999 9999,GPML,nolabel,none,black,none,1,0
 301 4500.0   -inf UN   0   0   0     0
   9.1119   20.4123 3
   8.1775   20.7724 2
  99.0000   99.0000 3
9999 9999,GPML,nolabel,none,black,none,1,0
 301 4500.0   -inf UN   0   0   0     0
   8.8225   21.0654 3
   8.4665   20.1202 2
  99.0000   99.0000 3
9999 9999,GPML,nolabel,none,black,none,1,0
 301 4500.0   -inf UN   0   0   0     0
  10.2059   23.0614 3
   9.2961   23.4826 2
  99.0000   99.0000 3
9999 9999,GPML,nolabel,none,black,none,1,0
 301 4500.0   -inf UN   0   0   0     0
   9.9583   23.7341 3
   9.5432   22.8111 2
  99.0000   99.0000 3
9999 9999,GPML,nolabel,none,black,none,1,0
 301 4500.0   -inf UN   0   0   0     0
  11.4642   25.6440 3
  10.5825   26.1247 2
  99.0000   99.0000 3
9999 9999,GPML,nolabel,none,black,none,1,0
 301 4500.0   -inf UN   0   0   0     0
  11.2590   26.3342 3
  10.7872   25.4359 2
  99.0000   99.0000 3
9999 9999,GPML,nolabel,none,black,none,1,0
 301 4500.0   -inf UN   0   0   0     0
  12.8799   28.1525 3
  12.0294   28.6911 2
  99.0000   99.0000 3
9999 9999,GPML,nolabel,none,black,none,1,0
 301 4500.0   -inf UN   0   0   0     0
  12.7174   28.8582 3
  12.1914   27.9872 2
  99.0000   99.0000 3
9999 9999,GPML,nolabel,none,black,none,1,0
 301 4500.0   -inf UN   0   0   0     0
  14.4456   30.5805 3
  13.6291   31.1756 2
  99.0000   99.0000 3
9999 9999,GPML,nolabel,none,black,none,1,0
 301 4500.0   -inf UN   0   0   0     0
  14.3258   31.2999 3
  13.7485   30.4583 2
  99.0000   99.0000 3
9999 9999,GPML,nolabel,none,black,none,1,0
 301 4500.0   -inf UN   0   0   0     0
  16.1533   32.9220 3
  15.3735   33.5724 2
  99.0000   99.0000 3
9999 9999,GPML,nolabel,none,black,none,1,0
 301 4500.0   -inf UN   0   0   0     0
  16.0763   33.6536 3
  15.4503   32.8432 2
  99.0000   99.0000 3
9999 9999,GPML,nolabel,none,black,none,1,0
 301 4500.0   -inf UN   0   0   0     0
  17.9952   35.1717 3
  17.2543   35.8765 2
  99.0000   99.0000 3
9999 9999,GPML,nolabel,none,black,none,1,0
 301 4500.0   -inf UN   0   0   0     0
  17.9605   35.9142 3
  17.2889   35.1368 2
  99.0000   99.0000 3
9999 9999,GPML,nolabel,none,black,none,1,0
 301 4500.0   -inf UN   0   0   0     0
  19.9628   37.3250 3
  19.2630   38.0834 2
  99.0000   99.0000 3
9999 9999,GPML,nolabel,none,black,none,1,0
 301 4500.0   -inf UN   0   0   0     0
  19.9701   38.0773 3
  19.2557   37.3344 2
  99.0000   99.0000 3
9999 9999,GPML,nolabel,none,black,none,1,0
 301 4500.0   -inf UN   0   0   0     0
  22.0477   39.3772 3
  21.3911   40.1891 2
  99.0000   99.0000 3
9999 9999,GPML,nolabel,none,black,none,1,0
 301 4500.0   -inf UN   0   0   0     0
  22.0967   40.1384 3
  21.3425   39.4315 2
  99.0000   99.0000 3
9999 9999,GPML,nolabel,none,black,none,1,0
 301 4500.0   -inf UN   0   0   0     0
  24.2418   41.3238 3
  23.6301   42.1893 2
  99.0000   99.0000 3
9999 9999,GPML,nolabel,none,black,none,1,0
 301 4500.0   -inf UN   0   0   0     0
  24.3317   42.0932 3
  23.5406   41.4239 2
  99.0000   99.0000 3
9999 9999,GPML,nolabel,none,black,none,1,0
 402  120.0   -inf UN   0   0   0     0
  28.8577   46.5063 3
  28.4409   47.5421 2
  99.0000   99.0000 3
9999 9999,GPML,nolabel,none,black,none,1,0
 402  120.0   -inf UN   0   0   0     0
  29.1046   47.2637 3
  28.1956   46.7888 2
  99.0000   99.0000 3
9999 9999,GPML,nolabel,none,black,none,1,0
 402  120.0   -inf UN   0   0   0     0
  31.4711   47.7666 3
  31.1099   48.8578 2
  99.0000   99.0000 3
9999 9999,GPML,nolabel,none,black,none,1,0
 402  120.0   -inf UN   0   0   0     0
  31.7577   48.5257 3
  30.8252   48.1029 2
  99.0000   99.0000 3
9999 9999,GPML,nolabel,none,black,none,1,0
 402  120.0   -inf UN   0   0   0     0
  34.1462   48.8706 3
  33.8424   50.0197 2
  99.0000   99.0000 3
9999 9999,GPML,nolabel,none,black,none,1,0
 402  120.0   -inf UN   0   0   0     0
  34.4719   49.6304 3
  33.5191   49.2639 2
  99.0000   99.0000 3
9999 9999,GPML,nolabel,none,black,none,1,0
 401 4500.0   -inf UN   0   0   0     0
  36.8737   49.8047 3
  36.6292   51.0149 2
  99.0000   99.0000 3
9999 9999,GPML,nolabel,none,black,none,1,0
 401 4500.0   -inf UN   0   0   0     0
  37.2377   50.5643 3
  36.2680   50.2591 2
  99.0000   99.0000 3
9999 9999,GPML,nolabel,none,black,none,1,0
 401 4500.0   -inf UN   0   0   0     0
  39.6437   50.5519 3
  39.4608   51.8270 2
  99.0000   99.0000 3
9999 9999,GPML,nolabel,none,black,none,1,0
 401 4500.0   -inf UN   0   0   0     0
  40.0455   51.3098 3
  39.0623   51.0725 2
  99.0000   99.0000 3
9999 9999,GPML,nolabel,none,black,none,1,0
 401 4500.0   -inf UN   0   0   0     0
  42.4458   51.0905 3
  42.3271   52.4348 2
  99.0000   99.0000 3
9999 9999,GPML,nolabel,none,black,none,1,0
 401 4500.0   -inf UN   0   0   0     0
  42.8849   51.8443 3
  41.8919   51.6835 2
  99.0000   99.0000 3
9999 9999,GPML,nolabel,none,black,none,1,0
 401 4500.0   -inf UN   0   0   0     0
  45.2689   51.3922 3
  45.2173   52.8106 2
  99.0000   99.0000 3
9999 9999,GPML,nolabel,none,black,none,1,0
 401 4500.0   -inf UN   0   0   0     0
  45.7446   52.1387 3
  44.7459   52.0654 2
  99.0000   99.0000 3
9999 9999,GPML,nolabel,none,black,none,1,0
 401 4500.0   -inf UN   0   0   0     0
  48.1002   51.4212 3
  48.1193   52.9186 2
  99.0000   99.0000 3
9999 9999,GPML,nolabel,none,black,none,1,0
 401 4500.0   -inf UN   0   0   0     0
  48.6120   52.1553 3
  47.6122   52.1838 2
  99.0000   99.0000 3
9999 9999,GPML,nolabel,none,black,none,1,0
 401 4500.0   -inf UN   0   0   0     0
  50.9253   51.1307 3
  51.0191   52.7118 2
  99.0000   99.0000 3
9999 9999,GPML,nolabel,none,black,none,1,0
 401 4500.0   -inf UN   0   0   0     0
  51.4726   51.8452 3
  50.4770   51.9941 2
  99.0000   99.0000 3
9999 9999,GPML,nolabel,none,black,none,1,0
 401 4500.0   -inf UN   0   0   0     0
  53.7270   50.4606 3
  53.9002   52.1288 2
  99.0000   99.0000 3
9999 9999,GPML,nolabel,none,black,none,1,0
 401 4500.0   -inf UN   0   0   0     0
  54.3088   51.1446 3
  53.3239   51.4379 2
  99.0000   99.0000 3
9999 9999,GPML,nolabel,none,black,none,1,0
 401 4500.0   -inf UN   0   0   0     0
  56.4841   49.3333 3
  56.7422   51.0891 2
  99.0000   99.0000 3
9999 9999,GPML,nolabel,none,black,none,1,0
 401 4500.0   -inf UN   0   0   0     0
  57.0991   49.9706 3
  56.1330   50.4398 2
  99.0000   99.0000 3
9999 9999,GPML,nolabel,none,black,none,1,0
 401 4500.0   -inf UN   0   0   0     0
  59.1701   47.6495 3
  59.5194   49.4872 2
  99.0000   99.0000 3
9999 9999,GPML,nolabel,none,black,none,1,0
 401 4500.0   -inf UN   0   0   0     0
  59.8160   48.2162 3
  58.8790   48.9016 2
  99.0000   99.0000 3
9999 9999,GPML,nolabel,none,black,none,1,0
 401 4500.0   -inf UN   0   0   0     0
  61.7505   45.2839 3
  62.1980   47.1873 2
  99.0000   99.0000 3
9999 9999,GPML,nolabel,none,black,none,1,0
 401 4500.0   -inf UN   0   0   0     0
  62.4239   45.7452 3
  61.5296   46.6979 2
  99.0000   99.0000 3
9999 9999,GPML,nolabel,none,black,none,1,0
 401 4500.0   -inf UN   0   0   0     0
  64.1809   42.0845 3
  64.7331   44.0181 2
  99.0000   99.0000 3
9999 9999,GPML,nolabel,none,black,none,1,0
 401 4500.0   -inf UN   0   0   0     0
  64.8756   42.3911 3
  64.0420   43.6724 2
  99.0000   99.0000 3
9999 9999,GPML,nolabel,none,black,none,1,0
 401 4500.0   -inf UN   0   0   0     0
  66.4025   37.8802 3
  67.0647   39.7775 2
  99.0000   99.0000 3
9999 9999,GPML,nolabel,none,black,none,1,0
 401 4500.0   -inf UN   0   0   0     0
  67.1088   37.9648 3
  66.3596   39.6418 2
  99.0000   99.0000 3
9999 9999,GPML,nolabel,none,black,none,1,0
 628   60.0   -inf UN   0   0   0     0
  47.3227  117.4881 3
  46.3256  117.3756 2
  99.0000   99.0000 3
9999 9999,GPML,nolabel,none,black,none,1,0
 628   60.0   -inf UN   0   0   0     0
  46.7834  118.1594 3
  46.8603  116.7023 2
  99.0000   99.0000 3
9999 9999,GPML,nolabel,none,black,none,1,0
 101 4500.0   -inf UN   0   0   0     0
  21.4489  -29.4061 3
  20.7950  -30.2172 2
  99.0000   99.0000 3
9999 9999,GPML,nolabel,none,black,none,1,0
 101 4500.0   -inf UN   0   0   0     0
  20.7438  -29.4629 3
  21.5003  -30.1639 2
  99.0000   99.0000 3
9999 9999,GPML,nolabel,none,black,none,1,0
 101 4500.0   -inf UN   0   0   0     0
  19.3576  -27.3694 3
  18.6601  -28.1273 2
  99.0000   99.0000 3
9999 9999,GPML,nolabel,none,black,none,1,0
 101 4500.0   -inf UN   0   0   0     0
  18.6506  -27.3810 3
  19.3672  -28.1187 2
  99.0000   99.0000 3
9999 9999,GPML,nolabel,none,black,none,1,0
 101 4500.0   -inf UN   0   0   0     0
  17.3843  -25.2297 3
  16.6452  -25.9342 2
  99.0000   99.0000 3
9999 9999,GPML,nolabel,none,black,none,1,0
 101 4500.0   -inf UN   0   0   0     0
  16.6779  -25.1969 3
  17.3515  -25.9697 2
  99.0000   99.0000 3
9999 9999,GPML,nolabel,none,black,none,1,0
 101 4500.0   -inf UN   0   0   0     0
  15.5373  -22.9918 3
  14.7588  -23.6421 2
  99.0000   99.0000 3
9999 9999,GPML,nolabel,none,black,none,1,0
 101 4500.0   -inf UN   0   0   0     0
  14.8341  -22.9148 3
  15.4618  -23.7213 2
  99.0000   99.0000 3
9999 9999,GPML,nolabel,none,black,none,1,0
 101 4500.0   -inf UN   0   0   0     0
  13.8252  -20.6604 3
  13.0097  -21.2555 2
  99.0000   99.0000 3
9999 9999,GPML,nolabel,none,black,none,1,0
 101 4500.0   -inf UN   0   0   0     0
  13.1279  -20.5398 3
  13.7066  -21.3781 2
  99.0000   99.0000 3
9999 9999,GPML,nolabel,none,black,none,1,0
 101 4500.0   -inf UN   0   0   0     0
  12.2561  -18.2411 3
  11.4062  -18.7795 2
  99.0000   99.0000 3
9999 9999,GPML,nolabel,none,black,none,1,0
 101 4500.0   -inf UN   0   0   0     0
  11.5675  -18.0769 3
  12.0945  -18.9453 2
  99.0000   99.0000 3
9999 9999,GPML,nolabel,none,black,none,1,0
 101 4500.0   -inf UN   0   0   0     0
  10.8381  -15.7396 3
   9.9567  -16.2200 2
  99.0000   99.0000 3
9999 9999,GPML,nolabel,none,black,none,1,0
 101 4500.0   -inf UN   0   0   0     0
  10.1609  -15.5324 3
  10.6334  -16.4285 2
  99.0000   99.0000 3
9999 9999,GPML,nolabel,none,black,none,1,0
 101 4500.0   -inf UN   0   0   0     0
   9.5786  -13.1629 3
   8.6689  -13.5836 2
  99.0000   99.0000 3
9999 9999,GPML,nolabel,none,black,none,1,0
 101 4500.0   -inf UN   0   0   0     0
   8.9159  -12.9131 3
   9.3312  -13.8344 2
  99.0000   99.0000 3
9999 9999,GPML,nolabel,none,black,none,1,0
 101 4500.0   -inf UN   0   0   0     0
   8.4848  -10.5185 3
   7.5502  -10.8778 2
  99.0000   99.0000 3
9999 9999,GPML,nolabel,none,black,none,1,0
 101 4500.0   -inf UN   0   0   0     0
   7.8394  -10.2266 3
   8.1952  -11.1704 2
  99.0000   99.0000 3
9999 9999,GPML,nolabel,none,black,none,1,0
 101 4500.0   -inf UN   0   0   0     0
   7.5630   -7.8148 3
   6.6072   -8.1112 2
  99.0000   99.0000 3
9999 9999,GPML,nolabel,none,black,none,1,0
 101 4500.0   -inf UN   0   0   0     0
   6.9378   -7.4817 3
   7.2319   -8.4449 2
  99.0000   99.0000 3
9999 9999,GPML,nolabel,none,black,none,1,0
 101 4500.0   -inf UN   0   0   0     0
   6.8188   -5.0613 3
   5.8457   -5.2933 2
  99.0000   99.0000 3
9999 9999,GPML,nolabel,none,black,none,1,0
 101 4500.0   -inf UN   0   0   0     0
   6.2167   -4.6880 3
   6.4474   -5.6670 2
  99.0000   99.0000 3
9999 9999,GPML,nolabel,none,black,none,1,0
 101 4500.0   -inf UN   0   0   0     0
   6.2568   -2.2680 3
   5.2706   -2.4345 2
  99.0000   99.0000 3
9999 9999,GPML,nolabel,none,black,none,1,0
 101 4500.0   -inf UN   0   0   0     0
   5.6807   -1.8558 3
   5.8463   -2.8470 2
  99.0000   99.0000 3
9999 9999,GPML,nolabel,none,black,none,1,0
 101 4500.0   -inf UN   0   0   0     0
   5.8806    0.5541 3
   4.8856    0.4541 2
  99.0000   99.0000 3
9999 9999,GPML,nolabel,none,black,none,1,0
 101 4500.0   -inf UN   0   0   0     0
   5.3332    1.0038 3
   5.4327    0.0043 2
  99.0000   99.0000 3
9999 9999,GPML,nolabel,none,black,none,1,0
 101 4500.0   -inf UN   0   0   0     0
   5.6928    3.3938 3
   4.6933    3.3608 2
  99.0000   99.0000 3
9999 9999,GPML,nolabel,none,black,none,1,0
 101 4500.0   -inf UN   0   0   0     0
   5.1764    3.8791 3
   5.2093    2.8755 2
  99.0000   99.0000 3
9999 9999,GPML,nolabel,none,black,none,1,0
 303 4500.0   -inf UN   0   0   0     0
   6.2974    6.4850 3
   5.2980    6.5210 2
  99.0000   99.0000 3
9999 9999,GPML,nolabel,none,black,none,1,0
 303 4500.0   -inf UN   0   0   0     0
   5.8154    7.0052 3
   5.7796    6.0007 2
  99.0000   99.0000 3
9999 9999,GPML,nolabel,none,black,none,1,0
 313 4500.0   -inf UN   0   0   0     0
   6.4928    9.3273 3
   5.4980    9.4299 2
  99.0000   99.0000 3
9999 9999,GPML,nolabel,none,black,none,1,0
 313 4500.0   -inf UN   0   0   0     0
   6.0462    9.8788 3
   5.9442    8.8785 2
  99.0000   99.0000 3
9999 9999,GPML,nolabel,none,black,none,1,0
 315  300.0   -inf UN   0   0   0     0
   6.8749   12.1520 3
   5.8891   12.3205 2
  99.0000   99.0000 3
9999 9999,GPML,nolabel,none,black,none,1,0
 315  300.0   -inf UN   0   0   0     0
   6.4655   12.7324 3
   6.2981   11.7404 2
  99.0000   99.0000 3
9999 9999,GPML,nolabel,none,black,none,1,0
 305  300.0   -inf UN   0   0   0     0
   1.9452   12.9899 3
   0.9591   13.1564 2
  99.0000   99.0000 3
9999 9999,GPML,nolabel,none,black,none,1,0
 305  300.0   -inf UN   0   0   0     0
   1.5354   13.5664 3
   1.3689   12.5800 2
  99.0000   99.0000 3
9999 9999,GPML,nolabel,none,black,none,1,0
 315  300.0   -inf UN   0   0   0     0
   2.5769   16.1087 3
   1.6038   16.3393 2
  99.0000   99.0000 3
9999 9999,GPML,nolabel,none,black,none,1,0
 315  300.0   -inf UN   0   0   0     0
   2.2054   16.7110 3
   1.9751   15.7372 2
  99.0000   99.0000 3
9999 9999,GPML,nolabel,none,black,none,1,0
 305  300.0   -inf UN   0   0   0     0
   3.4093   19.1818 3
   2.4531   19.4748 2
  99.0000   99.0000 3
9999 9999,GPML,nolabel,none,black,none,1,0
 305  300.0   -inf UN   0   0   0     0
   3.0774   19.8073 3
   2.7848   18.8497 2
  99.0000   99.0000 3
9999 9999,GPML,nolabel,none,black,none,1,0
 305  300.0   -inf UN   0   0   0     0
   4.4368   22.1981 3
   3.5011   22.5519 2
  99.0000   99.0000 3
9999 9999,GPML,nolabel,none,black,none,1,0
 305  300.0   -inf UN   0   0   0     0
   4.1453   22.8442 3
   3.7924   21.9063 2
  99.0000   99.0000 3
9999 9999,GPML,nolabel,none,black,none,1,0
 305  300.0   -inf UN   0   0   0     0
   5.6526   25.1478 3
   4.7409   25.5603 2
  99.0000   99.0000 3
9999 9999,GPML,nolabel,none,black,none,1,0
 305  300.0   -inf UN   0   0   0     0
   5.4020   25.8121 3
   4.9912   24.8966 2
  99.0000   99.0000 3
9999 9999,GPML,nolabel,none,black,none,1,0
 301 4500.0   -inf UN   0   0   0     0
   7.0491   28.0222 3
   6.1644   28.4916 2
  99.0000   99.0000 3
9999 9999,GPML,nolabel,none,black,none,1,0
 301 4500.0   -inf UN   0   0   0     0
   6.8397   28.7027 3
   6.3735   27.8120 2
  99.0000   99.0000 3
9999 9999,GPML,nolabel,none,black,none,1,0
 301 4500.0   -inf UN   0   0   0     0
   8.6178   30.8143 3
   7.7630   31.3385 2
  99.0000   99.0000 3
9999 9999,GPML,nolabel,none,black,none,1,0
 301 4500.0   -inf UN   0   0   0     0
   8.4497   31.5088 3
   7.9308   30.6451 2
  99.0000   99.0000 3
9999 9999,GPML,nolabel,none,black,none,1,0
 301 4500.0   -inf UN   0   0   0     0
  10.3500   33.5179 3
   9.5275   34.0952 2
  99.0000   99.0000 3
9999 9999,GPML,nolabel,none,black,none,1,0
 301 4500.0   -inf UN   0   0   0     0
  10.2230   34.2249 3
   9.6543   33.3898 2
  99.0000   99.0000 3
9999 9999,GPML,nolabel,none,black,none,1,0
 301 4500.0   -inf UN   0   0   0     0
  12.2365   36.1283 3
  11.4483   36.7573 2
  99.0000   99.0000 3
9999 9999,GPML,nolabel,none,black,none,1,0
 301 4500.0   -inf UN   0   0   0     0
  12.1500   36.8463 3
  11.5346   36.0411 2
  99.0000   99.0000 3
9999 9999,GPML,nolabel,none,black,none,1,0
 301 4500.0   -inf UN   0   0   0     0
  14.2678   38.6418 3
  13.5160   39.3211 2
  99.0000   99.0000 3
9999 9999,GPML,nolabel,none,black,none,1,0
 301 4500.0   -inf UN   0   0   0     0
  14.2215   39.3698 3
  13.5621   38.5953 2
  99.0000   99.0000 3
9999 9999,GPML,nolabel,none,black,none,1,0
 301 4500.0   -inf UN   0   0   0     0
  16.4346   41.0553 3
  15.7208   41.7842 2
  99.0000   99.0000 3
9999 9999,GPML,nolabel,none,black,none,1,0
 301 4500.0   -inf UN   0   0   0     0
  16.4279   41.7925 3
  15.7276   41.0496 2
  99.0000   99.0000 3
9999 9999,GPML,nolabel,none,black,none,1,0
 301 4500.0   -inf UN   0   0   0     0
  18.7276   43.3665 3
  18.0532   44.1446 2
  99.0000   99.0000 3
9999 9999,GPML,nolabel,none,black,none,1,0
 301 4500.0   -inf UN   0   0   0     0
  18.7597   44.1124 3
  18.0213   43.4017 2
  99.0000   99.0000 3
9999 9999,GPML,nolabel,none,black,none,1,0
 402  120.0   -inf UN   0   0   0     0
  26.6981   51.6041 3
  26.2444   52.5997 2
  99.0000   99.0000 3
9999 9999,GPML,nolabel,none,black,none,1,0
 402  120.0   -inf UN   0   0   0     0
  26.9175   52.3573 3
  26.0263   51.8504 2
  99.0000   99.0000 3
9999 9999,GPML,nolabel,none,black,none,1,0
 402  120.0   -inf UN   0   0   0     0
  29.5757   53.1387 3
  29.1708   54.1880 2
  99.0000   99.0000 3
9999 9999,GPML,nolabel,none,black,none,1,0
 402  120.0   -inf UN   0   0   0     0
  29.8313   53.8978 3
  28.9169   53.4332 2
  99.0000   99.0000 3
9999 9999,GPML,nolabel,none,black,none,1,0
 402  120.0   -inf UN   0   0   0     0
  32.5230   54.5321 3
  32.1682   55.6388 2
  99.0000   99.0000 3
9999 9999,GPML,nolabel,none,black,none,1,0
 402  120.0   -inf UN   0   0   0     0
  32.8141   55.2976 3
  31.8792   54.8777 2
  99.0000   99.0000 3
9999 9999,GPML,nolabel,none,black,none,1,0
 402  120.0   -inf UN   0   0   0     0
  35.5315   55.7748 3
  35.2281   56.9436 2
  99.0000   99.0000 3
9999 9999,GPML,nolabel,none,black,none,1,0
 402  120.0   -inf UN   0   0   0     0
  35.8575   56.5474 3
  34.9046   56.1753 2
  99.0000   99.0000 3
9999 9999,GPML,nolabel,none,black,none,1,0
 401 4500.0   -inf UN   0   0   0     0
  38.5925   56.8540 3
  38.3422   58.0906 2
  99.0000   99.0000 3
9999 9999,GPML,nolabel,none,black,none,1,0
 401 4500.0   -inf UN   0   0   0     0
  38.9529   57.6343 3
  37.9847   57.3145 2
  99.0000   99.0000 3
9999 9999,GPML,nolabel,none,black,none,1,0
 401 4500.0   -inf UN   0   0   0     0
  41.6973   57.7522 3
  41.5020   59.0636 2
  99.0000   99.0000 3
9999 9999,GPML,nolabel,none,black,none,1,0
 401 4500.0   -inf UN   0   0   0     0
  42.0918   58.5405 3
  41.1110   58.2792 2
  99.0000   99.0000 3
9999 9999,GPML,nolabel,none,black,none,1,0
 401 4500.0   -inf UN   0   0   0     0
  44.8368   58.4457 3
  44.6987   59.8407 2
  99.0000   99.0000 3
9999 9999,GPML,nolabel,none,black,none,1,0
 401 4500.0   -inf UN   0   0   0     0
  45.2650   59.2421 3
  44.2746   59.0475 2
  99.0000   99.0000 3
9999 9999,GPML,nolabel,none,black,none,1,0
 401 4500.0   -inf UN   0   0   0     0
  48.0010   58.9024 3
  47.9230   60.3912 2
  99.0000   99.0000 3
9999 9999,GPML,nolabel,none,black,none,1,0
 401 4500.0   -inf UN   0   0   0     0
  48.4628   59.7061 3
  47.4659   59.5897 2
  99.0000   99.0000 3
9999 9999,GPML,nolabel,none,black,none,1,0
 401 4500.0   -inf UN   0   0   0     0
  51.1787   59.0783 3
  51.1645   60.6731 2
  99.0000   99.0000 3
9999 9999,GPML,nolabel,none,black,none,1,0
 401 4500.0   -inf UN   0   0   0     0
  51.6742   59.8873 3
  50.6743   59.8646 2
  99.0000   99.0000 3
9999 9999,GPML,nolabel,none,black,none,1,0
 401 4500.0   -inf UN   0   0   0     0
  54.3569   58.9132 3
  54.4110   60.6279 2
  99.0000   99.0000 3
9999 9999,GPML,nolabel,none,black,none,1,0
 401 4500.0   -inf UN   0   0   0     0
  54.8862   59.7229 3
  53.8877   59.8158 2
  99.0000   99.0000 3
9999 9999,GPML,nolabel,none,black,none,1,0
 401 4500.0   -inf UN   0   0   0     0
  57.5195   58.3227 3
  57.6477   60.1728 2
  99.0000   99.0000 3
9999 9999,GPML,nolabel,none,black,none,1,0
 401 4500.0   -inf UN   0   0   0     0
  58.0828   59.1248 3
  57.0910   59.3641 2
  99.0000   99.0000 3
9999 9999,GPML,nolabel,none,black,none,1,0
 628   60.0   -inf UN   0   0   0     0
  43.6567   99.6846 3
  42.6657   99.5012 2
  99.0000   99.0000 3
9999 9999,GPML,nolabel,none,black,none,1,0
 628   60.0   -inf UN   0   0   0     0
  43.0923  100.2707 3
  43.2261   98.9121 2
  99.0000   99.0000 3
9999 9999,GPML,nolabel,none,black,none,1,0
 628   60.0   -inf UN   0   0   0     0
  43.2515  104.0297 3
  42.2586  103.8679 2
  99.0000   99.0000 3
9999 9999,GPML,nolabel,none,black,none,1,0
 628   60.0   -inf UN   0   0   0     0
  42.6937  104.6237 3
  42.8125  103.2714 2
  99.0000   99.0000 3
9999 9999,GPML,nolabel,none,black,none,1,0
 628   60.0   -inf UN   0   0   0     0
  42.8953  108.3558 3
  41.9006  108.2159 2
  99.0000   99.0000 3
9999 9999,GPML,nolabel,none,black,none,1,0
 628   60.0   -inf UN   0   0   0     0
  42.3444  108.9583 3
  42.4477  107.6114 2
  99.0000   99.0000 3
9999 9999,GPML,nolabel,none,black,none,1,0
 628   60.0   -inf UN   0   0   0     0
  42.5897  112.6660 3
  41.5936  112.5484 2
  99.0000   99.0000 3
9999 9999,GPML,nolabel,none,black,none,1,0
 628   60.0   -inf UN   0   0   0     0
  42.0461  113.2775 3
  42.1333  111.9351 2
  99.0000   99.0000 3
9999 9999,GPML,nolabel,none,black,none,1,0
 628   60.0   -inf UN   0   0   0     0
  42.3365  116.9631 3
  41.3390  116.8682 2
  99.0000   99.0000 3
9999 9999,GPML,nolabel,none,black,none,1,0
 628   60.0   -inf UN   0   0   0     0
  41.8005  117.5844 3
  41.8712  116.2455 2
  99.0000   99.0000 3
9999 9999,GPML,nolabel,none,black,none,1,0
 124 4500.0   -inf UN   0   0   0     0
  17.7131  -34.0350 3
  17.0202  -34.7904 2
  99.0000   99.0000 3
9999 9999,GPML,nolabel,none,black,none,1,0
 124 4500.0   -inf UN   0   0   0     0
  17.0062  -34.0511 3
  17.7271  -34.7772 2
  99.0000   99.0000 3
9999 9999,GPML,nolabel,none,black,none,1,0
 101 4500.0   -inf UN   0   0   0     0
  13.6666  -28.7007 3
  12.9170  -29.3808 2
  99.0000   99.0000 3
9999 9999,GPML,nolabel,none,black,none,1,0
 101 4500.0   -inf UN   0   0   0     0
  12.9608  -28.6566 3
  13.6227  -29.4269 2
  99.0000   99.0000 3
9999 9999,GPML,nolabel,none,black,none,1,0
 101 4500.0   -inf UN   0   0   0     0
  11.6280  -26.1995 3
  10.8416  -26.8293 2
  99.0000   99.0000 3
9999 9999,GPML,nolabel,none,black,none,1,0
 101 4500.0   -inf UN   0   0   0     0
  10.9259  -26.1144 3
  11.5436  -26.9162 2
  99.0000   99.0000 3
9999 9999,GPML,nolabel,none,black,none,1,0
 101 4500.0   -inf UN   0   0   0     0
   9.7353  -23.5993 3
   8.9140  -24.1774 2
  99.0000   99.0000 3
9999 9999,GPML,nolabel,none,black,none,1,0
 101 4500.0   -inf UN   0   0   0     0
   9.0392  -23.4728 3
   9.6097  -24.3051 2
  99.0000   99.0000 3
9999 9999,GPML,nolabel,none,black,none,1,0
 101 4500.0   -inf UN   0   0   0     0
   7.9979  -20.9038 3
   7.1439  -21.4287 2
  99.0000   99.0000 3
9999 9999,GPML,nolabel,none,black,none,1,0
 101 4500.0   -inf UN   0   0   0     0
   7.3106  -20.7360 3
   7.8309  -21.5975 2
  99.0000   99.0000 3
9999 9999,GPML,nolabel,none,black,none,1,0
 101 4500.0   -inf UN   0   0   0     0
   6.4252  -18.1180 3
   5.5410  -18.5878 2
  99.0000   99.0000 3
9999 9999,GPML,nolabel,none,black,none,1,0
 101 4500.0   -inf UN   0   0   0     0
   5.7493  -17.9088 3
   6.2166  -18.7978 2
  99.0000   99.0000 3
9999 9999,GPML,nolabel,none,black,none,1,0
 101 4500.0   -inf UN   0   0   0     0
   5.0262  -15.2481 3
   4.1147  -15.6608 2
  99.0000   99.0000 3
9999 9999,GPML,nolabel,none,black,none,1,0
 101 4500.0   -inf UN   0   0   0     0
   4.3647  -14.9976 3
   4.7760  -15.9119 2
  99.0000   99.0000 3
9999 9999,GPML,nolabel,none,black,none,1,0
 101 4500.0   -inf UN   0   0   0     0
   3.8094  -12.3015 3
   2.8738  -12.6550 2
  99.0000   99.0000 3
9999 9999,GPML,nolabel,none,black,none,1,0
 101 4500.0   -inf UN   0   0   0     0
   3.1650  -12.0099 3
   3.5179  -12.9471 2
  99.0000   99.0000 3
9999 9999,GPML,nolabel,none,black,none,1,0
 101 4500.0   -inf UN   0   0   0     0
   2.7827   -9.2870 3
   1.8263   -9.5794 2
  99.0000   99.0000 3
9999 9999,GPML,nolabel,none,black,none,1,0
 101 4500.0   -inf UN   0   0   0     0
   2.1583   -8.9548 3
   2.4504   -9.9119 2
  99.0000   99.0000 3
9999 9999,GPML,nolabel,none,black,none,1,0
 101 4500.0   -inf UN   0   0   0     0
   1.9528   -6.2148 3
   0.9794   -6.4442 2
  99.0000   99.0000 3
9999 9999,GPML,nolabel,none,black,none,1,0
 101 4500.0   -inf UN   0   0   0     0
   1.3514   -5.8427 3
   1.5807   -6.8164 2
  99.0000   99.0000 3
9999 9999,GPML,nolabel,none,black,none,1,0
 101 4500.0   -inf UN   0   0   0     0
   1.3255   -3.0962 3
   0.3392   -3.2611 2
  99.0000   99.0000 3
9999 9999,GPML,nolabel,none,black,none,1,0
 101 4500.0   -inf UN   0   0   0     0
   0.7499   -2.6855 3
   0.9147   -3.6719 2
  99.0000   99.0000 3
9999 9999,GPML,nolabel,none,black,none,1,0
 101 4500.0   -inf UN   0   0   0     0
   0.9054    0.0563 3
  -0.0897   -0.0429 2
  99.0000   99.0000 3
9999 9999,GPML,nolabel,none,black,none,1,0
 101 4500.0   -inf UN   0   0   0     0
   0.3583    0.5042 3
   0.4574   -0.4908 2
  99.0000   99.0000 3
9999 9999,GPML,nolabel,none,black,none,1,0
 101 4500.0   -inf UN   0   0   0     0
   0.6955    3.2294 3
  -0.3040    3.1967 2
  99.0000   99.0000 3
9999 9999,GPML,nolabel,none,black,none,1,0
 101 4500.0   -inf UN   0   0   0     0
   0.1794    3.7128 3
   0.2121    2.7134 2
  99.0000   99.0000 3
9999 9999,GPML,nolabel,none,black,none,1,0
 315  300.0   -inf UN   0   0   0     0
   1.3006    6.6640 3
   0.3012    6.6996 2
  99.0000   99.0000 3
9999 9999,GPML,nolabel,none,black,none,1,0
 315  300.0   -inf UN   0   0   0     0
   0.8187    7.1815 3
   0.7830    6.1820 2
  99.0000   99.0000 3
9999 9999,GPML,nolabel,none,black,none,1,0
 315  300.0   -inf UN   0   0   0     0
   1.5187    9.8372 3
   0.5239    9.9386 2
  99.0000   99.0000 3
9999 9999,GPML,nolabel,none,black,none,1,0
 315  300.0   -inf UN   0   0   0     0
   1.0720   10.3855 3
   0.9705    9.3905 2
  99.0000   99.0000 3
9999 9999,GPML,nolabel,none,black,none,1,0
 305  300.0   -inf UN   0   0   0     0
   1.9452   12.9897 3
   0.9591   13.1563 2
  99.0000   99.0000 3
9999 9999,GPML,nolabel,none,black,none,1,0
 305  300.0   -inf UN   0   0   0     0
   1.5353   13.5662 3
   1.3688   12.5799 2
  99.0000   99.0000 3
9999 9999,GPML,nolabel,none,black,none,1,0
 305  300.0   -inf UN   0   0   0     0
  -2.9850   13.8227 3
  -3.9710   13.9898 2
  99.0000   99.0000 3
9999 9999,GPML,nolabel,none,black,none,1,0
 305  300.0   -inf UN   0   0   0     0
  -3.3945   14.4001 3
  -3.5613   13.4123 2
  99.0000   99.0000 3
9999 9999,GPML,nolabel,none,black,none,1,0
 305  300.0   -inf UN   0   0   0     0
  -2.2888   17.2605 3
  -3.2618   17.4913 2
  99.0000   99.0000 3
9999 9999,GPML,nolabel,none,black,none,1,0
 305  300.0   -inf UN   0   0   0     0
  -2.6600   17.8629 3
  -2.8904   16.8887 2
  99.0000   99.0000 3
9999 9999,GPML,nolabel,none,black,none,1,0
 307  300.0   -inf UN   0   0   0     0
  -9.8112   21.3622 3
 -10.4737   20.6013 2
  99.0000   99.0000 3
9999 9999,GPML,nolabel,none,black,none,1,0
 307  300.0   -inf UN   0   0   0     0
 -10.5171   21.3190 3
  -9.7680   20.6460 2
  99.0000   99.0000 3
9999 9999,GPML,nolabel,none,black,none,1,0
 307  300.0   -inf UN   0   0   0     0
 -12.3501   23.8232 3
 -13.0636   23.1049 2
  99.0000   99.0000 3
9999 9999,GPML,nolabel,none,black,none,1,0
 307  300.0   -inf UN   0   0   0     0
 -13.0572   23.8308 3
 -12.3565   23.0994 2
  99.0000   99.0000 3
9999 9999,GPML,nolabel,none,black,none,1,0
 319   60.0   -inf UN   0   0   0     0
   2.6222   30.3555 3
   1.7361   30.8193 2
  99.0000   99.0000 3
9999 9999,GPML,nolabel,none,black,none,1,0
 319   60.0   -inf UN   0   0   0     0
   2.4108   31.0309 3
   1.9473   30.1441 2
  99.0000   99.0000 3
9999 9999,GPML,nolabel,none,black,none,1,0
 301 4500.0   -inf UN   0   0   0     0
   4.3379   33.4165 3
   3.4805   33.9324 2
  99.0000   99.0000 3
9999 9999,GPML,nolabel,none,black,none,1,0
 301 4500.0   -inf UN   0   0   0     0
   4.1665   34.1044 3
   3.6517   33.2450 2
  99.0000   99.0000 3
9999 9999,GPML,nolabel,none,black,none,1,0
 301 4500.0   -inf UN   0   0   0     0
   6.2286   36.3793 3
   5.4021   36.9452 2
  99.0000   99.0000 3
9999 9999,GPML,nolabel,none,black,none,1,0
 301 4500.0   -inf UN   0   0   0     0
   6.0968   37.0781 3
   5.5337   36.2473 2
  99.0000   99.0000 3
9999 9999,GPML,nolabel,none,black,none,1,0
 301 4500.0   -inf UN   0   0   0     0
   8.2835   39.2405 3
   7.4897   39.8545 2
  99.0000   99.0000 3
9999 9999,GPML,nolabel,none,black,none,1,0
 301 4500.0   -inf UN   0   0   0     0
   8.1906   39.9488 3
   7.5824   39.1474 2
  99.0000   99.0000 3
9999 9999,GPML,nolabel,none,black,none,1,0
 301 4500.0   -inf UN   0   0   0     0
  10.4919   41.9981 3
   9.7321   42.6586 2
  99.0000   99.0000 3
9999 9999,GPML,nolabel,none,black,none,1,0
 301 4500.0   -inf UN   0   0   0     0
  10.4370   42.7150 3
   9.7868   41.9433 2
  99.0000   99.0000 3
9999 9999,GPML,nolabel,none,black,none,1,0
 402  120.0   -inf UN   0   0   0     0
  21.3373   54.5877 3
  20.8095   55.4979 2
  99.0000   99.0000 3
9999 9999,GPML,nolabel,none,black,none,1,0
 402  120.0   -inf UN   0   0   0     0
  21.4985   55.3273 3
  20.6491   54.7616 2
  99.0000   99.0000 3
9999 9999,GPML,nolabel,none,black,none,1,0
 402  120.0   -inf UN   0   0   0     0
  24.3635   56.5049 3
  23.8776   57.4626 2
  99.0000   99.0000 3
9999 9999,GPML,nolabel,none,black,none,1,0
 402  120.0   -inf UN   0   0   0     0
  24.5581   57.2518 3
  23.6840   56.7194 2
  99.0000   99.0000 3
9999 9999,GPML,nolabel,none,black,none,1,0
 402  120.0   -inf UN   0   0   0     0
  27.4724   58.3024 3
  27.0289   59.3107 2
  99.0000   99.0000 3
9999 9999,GPML,nolabel,none,black,none,1,0
 402  120.0   -inf UN   0   0   0     0
  27.6995   59.0580 3
  26.8032   58.5592 2
  99.0000   99.0000 3
9999 9999,GPML,nolabel,none,black,none,1,0
 402  120.0   -inf UN   0   0   0     0
  30.6556   59.9782 3
  30.2552   61.0412 2
  99.0000   99.0000 3
9999 9999,GPML,nolabel,none,black,none,1,0
 402  120.0   -inf UN   0   0   0     0
  30.9144   60.7442 3
  29.9981   60.2796 2
  99.0000   99.0000 3
9999 9999,GPML,nolabel,none,black,none,1,0
 402  120.0   -inf UN   0   0   0     0
  33.9054   61.5285 3
  33.5485   62.6516 2
  99.0000   99.0000 3
9999 9999,GPML,nolabel,none,black,none,1,0
 402  120.0   -inf UN   0   0   0     0
  34.1951   62.3070 3
  33.2610   61.8778 2
  99.0000   99.0000 3
9999 9999,GPML,nolabel,none,black,none,1,0
 402  120.0   -inf UN   0   0   0     0
  37.2142   62.9467 3
  36.9016   64.1370 2
  99.0000   99.0000 3
9999 9999,GPML,nolabel,none,black,none,1,0
 402  120.0   -inf UN   0   0   0     0
  37.5341   63.7402 3
  36.5842   63.3485 2
  99.0000   99.0000 3
9999 9999,GPML,nolabel,none,black,none,1,0
 401 4500.0   -inf UN   0   0   0     0
  40.5745   64.2232 3
  40.3072   65.4893 2
  99.0000   99.0000 3
9999 9999,GPML,nolabel,none,black,none,1,0
 401 4500.0   -inf UN   0   0   0     0
  40.9242   65.0344 3
  39.9606   64.6832 2
  99.0000   99.0000 3
9999 9999,GPML,nolabel,none,black,none,1,0
 401 4500.0   -inf UN   0   0   0     0
  43.9791   65.3433 3
  43.7585   66.6962 2
  99.0000   99.0000 3
9999 9999,GPML,nolabel,none,black,none,1,0
 401 4500.0   -inf UN   0   0   0     0
  44.3584   66.1754 3
  43.3830   65.8693 2
  99.0000   99.0000 3
9999 9999,GPML,nolabel,none,black,none,1,0
 401 4500.0   -inf UN   0   0   0     0
  47.4208   66.2859 3
  47.2485   67.7394 2
  99.0000   99.0000 3
9999 9999,GPML,nolabel,none,black,none,1,0
 401 4500.0   -inf UN   0   0   0     0
  47.8293   67.1422 3
  46.8443   66.8879 2
  99.0000   99.0000 3
9999 9999,GPML,nolabel,none,black,none,1,0
 628   60.0   -inf UN   0   0   0     0
  40.2147   85.3534 3
  39.2277   85.1442 2
  99.0000   99.0000 3
9999 9999,GPML,nolabel,none,black,none,1,0
 628   60.0   -inf UN   0   0   0     0
  39.6390   85.8888 3
  39.7999   84.6057 2
  99.0000   99.0000 3
9999 9999,GPML,nolabel,none,black,none,1,0
 628   60.0   -inf UN   0   0   0     0
  39.6666   89.8678 3
  38.6778   89.6750 2
  99.0000   99.0000 3
9999 9999,GPML,nolabel,none,black,none,1,0
 628   60.0   -inf UN   0   0   0     0
  39.0958   90.4077 3
  39.2453   89.1323 2
  99.0000   99.0000 3
9999 9999,GPML,nolabel,none,black,none,1,0
 628   60.0   -inf UN   0   0   0     0
  39.1604   94.3561 3
  38.1699   94.1803 2
  99.0000   99.0000 3
9999 9999,GPML,nolabel,none,black,none,1,0
 628   60.0   -inf UN   0   0   0     0
  38.5948   94.9013 3
  38.7321   93.6327 2
  99.0000   99.0000 3
9999 9999,GPML,nolabel,none,black,none,1,0
 628   60.0   -inf UN   0   0   0     0
  38.6990   98.8216 3
  37.7067   98.6636 2
  99.0000   99.0000 3
9999 9999,GPML,nolabel,none,black,none,1,0
 628   60.0   -inf UN   0   0   0     0
  38.1391   99.3729 3
  38.2633   98.1103 2
  99.0000   99.0000 3
9999 9999,GPML,nolabel,none,black,none,1,0
 628   60.0   -inf UN   0   0   0     0
  38.2849  103.2675 3
  37.2910  103.1278 2
  99.0000   99.0000 3
9999 9999,GPML,nolabel,none,black,none,1,0
 628   60.0   -inf UN   0   0   0     0
  37.7311  103.8255 3
  37.8415  102.5680 2
  99.0000   99.0000 3
9999 9999,GPML,nolabel,none,black,none,1,0
 628   60.0   -inf UN   0   0   0     0
  37.9205  107.6966 3
  36.9251  107.5757 2
  99.0000   99.0000 3
9999 9999,GPML,nolabel,none,black,none,1,0
 628   60.0   -inf UN   0   0   0     0
  37.3731  108.2620 3
  37.4692  107.0087 2
  99.0000   99.0000 3
9999 9999,GPML,nolabel,none,black,none,1,0
 628   60.0   -inf UN   0   0   0     0
  37.6077  112.1118 3
  36.6110  112.0100 2
  99.0000   99.0000 3
9999 9999,GPML,nolabel,none,black,none,1,0
 628   60.0   -inf UN   0   0   0     0
  37.0671  112.6851 3
  37.1483  111.4353 2
  99.0000   99.0000 3
9999 9999,GPML,nolabel,none,black,none,1,0
 131 4500.0   -inf UN   0   0   0     0
  11.2946  -36.9446 3
  10.5201  -37.5889 2
  99.0000   99.0000 3
9999 9999,GPML,nolabel,none,black,none,1,0
 131 4500.0   -inf UN   0   0   0     0
  10.5910  -36.8732 3
  11.2236  -37.6620 2
  99.0000   99.0000 3
9999 9999,GPML,nolabel,none,black,none,1,0
 101 4500.0   -inf UN   0   0   0     0
   9.9023  -32.0631 3
   9.1451  -32.7254 2
  99.0000   99.0000 3
9999 9999,GPML,nolabel,none,black,none,1,0
 101 4500.0   -inf UN   0   0   0     0
   9.1970  -32.0110 3
   9.8502  -32.7789 2
  99.0000   99.0000 3
9999 9999,GPML,nolabel,none,black,none,1,0
 101 4500.0   -inf UN   0   0   0     0
   7.6843  -29.3180 3
   6.8925  -29.9338 2
  99.0000   99.0000 3
9999 9999,GPML,nolabel,none,black,none,1,0
 101 4500.0   -inf UN   0   0   0     0
   6.9829  -29.2273 3
   7.5937  -30.0255 2
  99.0000   99.0000 3
9999 9999,GPML,nolabel,none,black,none,1,0
 101 4500.0   -inf UN   0   0   0     0
   5.6208  -26.4667 3
   4.7960  -27.0343 2
  99.0000   99.0000 3
9999 9999,GPML,nolabel,none,black,none,1,0
 101 4500.0   -inf UN   0   0   0     0
   4.9257  -26.3367 3
   5.4910  -27.1650 2
  99.0000   99.0000 3
9999 9999,GPML,nolabel,none,black,none,1,0
 101 4500.0   -inf UN   0   0   0     0
   3.7229  -23.5112 3
   2.8667  -24.0288 2
  99.0000   99.0000 3
9999 9999,GPML,nolabel,none,black,none,1,0
 101 4500.0   -inf UN   0   0   0     0
   3.0364  -23.3414 3
   3.5531  -24.1991 2
  99.0000   99.0000 3
9999 9999,GPML,nolabel,none,black,none,1,0
 101 4500.0   -inf UN   0   0   0     0
   2.0015  -20.4554 3
   1.1161  -20.9204 2
  99.0000   99.0000 3
9999 9999,GPML,nolabel,none,black,none,1,0
 101 4500.0   -inf UN   0   0   0     0
   1.3263  -20.2451 3
   1.7912  -21.1309 2
  99.0000   99.0000 3
9999 9999,GPML,nolabel,none,black,none,1,0
 101 4500.0   -inf UN   0   0   0     0
   0.4672  -17.3043 3
  -0.4448  -17.7144 2
  99.0000   99.0000 3
9999 9999,GPML,nolabel,none,black,none,1,0
 101 4500.0   -inf UN   0   0   0     0
  -0.1939  -17.0533 3
   0.2162  -17.9654 2
  99.0000   99.0000 3
9999 9999,GPML,nolabel,none,black,none,1,0
 101 4500.0   -inf UN   0   0   0     0
  -0.8696  -14.0653 3
  -1.8054  -14.4178 2
  99.0000   99.0000 3
9999 9999,GPML,nolabel,none,black,none,1,0
 101 4500.0   -inf UN   0   0   0     0
  -1.5137  -13.7734 3
  -1.1613  -14.7095 2
  99.0000   99.0000 3
9999 9999,GPML,nolabel,none,black,none,1,0
 101 4500.0   -inf UN   0   0   0     0
  -1.9995  -10.7474 3
  -2.9558  -11.0398 2
  99.0000   99.0000 3
9999 9999,GPML,nolabel,none,black,none,1,0
 101 4500.0   -inf UN   0   0   0     0
  -2.6237  -10.4148 3
  -2.3315  -11.3721 2
  99.0000   99.0000 3
9999 9999,GPML,nolabel,none,black,none,1,0
 101 4500.0   -inf UN   0   0   0     0
  -2.9140   -7.3617 3
  -3.8873   -7.5917 2
  99.0000   99.0000 3
9999 9999,GPML,nolabel,none,black,none,1,0
 101 4500.0   -inf UN   0   0   0     0
  -3.5154   -6.9891 3
  -3.2857   -7.9641 2
  99.0000   99.0000 3
9999 9999,GPML,nolabel,none,black,none,1,0
 108  300.0   -inf UN   0   0   0     0
  -3.6060   -3.9211 3
  -4.5923   -4.0868 2
  99.0000   99.0000 3
9999 9999,GPML,nolabel,none,black,none,1,0
 108  300.0   -inf UN   0   0   0     0
  -4.1817   -3.5095 3
  -4.0164   -4.4983 2
  99.0000   99.0000 3
9999 9999,GPML,nolabel,none,black,none,1,0
 305  300.0   -inf UN   0   0   0     0
  -2.9850   13.8225 3
  -3.9710   13.9896 2
  99.0000   99.0000 3
9999 9999,GPML,nolabel,none,black,none,1,0
 305  300.0   -inf UN   0   0   0     0
  -3.3946   14.3999 3
  -3.5613   13.4121 2
  99.0000   99.0000 3
9999 9999,GPML,nolabel,none,black,none,1,0
 304  300.0   -inf UN   0   0   0     0
  -8.0107   13.8159 3
  -8.9086   13.3708 2
  99.0000   99.0000 3
9999 9999,GPML,nolabel,none,black,none,1,0
 304  300.0   -inf UN   0   0   0     0
  -8.6796   14.0478 3
  -8.2393   13.1400 2
  99.0000   99.0000 3
9999 9999,GPML,nolabel,none,black,none,1,0
 307  300.0   -inf UN   0   0   0     0
 -18.5011   23.0865 3
 -19.2523   22.3890 2
  99.0000   99.0000 3
9999 9999,GPML,nolabel,none,black,none,1,0
 307  300.0   -inf UN   0   0   0     0
 -19.2066   23.1364 3
 -18.5466   22.3424 2
  99.0000   99.0000 3
9999 9999,GPML,nolabel,none,black,none,1,0
 510 4500.0   -inf UN   0   0   0     0
   3.5423   34.8867 3
   2.7228   35.4607 2
  99.0000   99.0000 3
9999 9999,GPML,nolabel,none,black,none,1,0
 510 4500.0   -inf UN   0   0   0     0
   3.4191   35.5843 3
   2.8460   34.7636 2
  99.0000   99.0000 3
9999 9999,GPML,nolabel,none,black,none,1,0
 504  300.0   -inf UN   0   0   0     0
 -24.9186   32.8790 3
 -25.7037   32.1938 2
  99.0000   99.0000 3
9999 9999,GPML,nolabel,none,black,none,1,0
 504  300.0   -inf UN   0   0   0     0
 -25.6205   32.9729 3
 -25.0012   32.1044 2
  99.0000   99.0000 3
9999 9999,GPML,nolabel,none,black,none,1,0
 512 4500.0   -inf UN   0   0   0     0
 -31.6206   51.0570 3
 -32.6205   51.0732 2
  99.0000   99.0000 3
9999 9999,GPML,nolabel,none,black,none,1,0
 512 4500.0   -inf UN   0   0   0     0
 -32.1123   51.6553 3
 -32.1260   50.4747 2
  99.0000   99.0000 3
9999 9999,GPML,nolabel,none,black,none,1,0
 402  120.0   -inf UN   0   0   0     0
  21.8772   61.2226 3
  21.3637   62.1456 2
  99.0000   99.0000 3
9999 9999,GPML,nolabel,none,black,none,1,0
 402  120.0   -inf UN   0   0   0     0
  22.0499   61.9619 3
  21.1918   61.4095 2
  99.0000   99.0000 3
9999 9999,GPML,nolabel,none,black,none,1,0
 402  120.0   -inf UN   0   0   0     0
  25.1860   63.2646 3
  24.7088   64.2339 2
  99.0000   99.0000 3
9999 9999,GPML,nolabel,none,black,none,1,0
 402  120.0   -inf UN   0   0   0     0
  25.3874   64.0142 3
  24.5085   63.4880 2
  99.0000   99.0000 3
9999 9999,GPML,nolabel,none,black,none,1,0
 402  120.0   -inf UN   0   0   0     0
  28.5702   65.2064 3
  28.1293   66.2262 2
  99.0000   99.0000 3
9999 9999,GPML,nolabel,none,black,none,1,0
 402  120.0   -inf UN   0   0   0     0
  28.7993   65.9689 3
  27.9017   65.4678 2
  99.0000   99.0000 3
9999 9999,GPML,nolabel,none,black,none,1,0
 601 4500.0   -inf UN   0   0   0     0
  25.4770   71.6910 3
  24.9288   70.7667 2
  99.0000   99.0000 3
9999 9999,GPML,nolabel,none,black,none,1,0
 601 4500.0   -inf UN   0   0   0     0
  24.7851   71.5298 3
  25.6215   70.9239 2
  99.0000   99.0000 3
9999 9999,GPML,nolabel,none,black,none,1,0
 601 4500.0   -inf UN   0   0   0     0
  22.3322   74.0278 3
  21.7513   73.1496 2
  99.0000   99.0000 3
9999 9999,GPML,nolabel,none,black,none,1,0
 601 4500.0   -inf UN   0   0   0     0
  21.6351   73.9003 3
  22.4491   73.2736 2
  99.0000   99.0000 3
9999 9999,GPML,nolabel,none,black,none,1,0
 601 4500.0   -inf UN   0   0   0     0
  19.2775   76.4488 3
  18.6636   75.6141 2
  99.0000   99.0000 3
9999 9999,GPML,nolabel,none,black,none,1,0
 601 4500.0   -inf UN   0   0   0     0
  18.5760   76.3546 3
  19.3654   75.7054 2
  99.0000   99.0000 3
9999 9999,GPML,nolabel,none,black,none,1,0
 604 4500.0   -inf UN   0   0   0     0
  26.8864   79.3305 3
  26.0728   78.6809 2
  99.0000   99.0000 3
9999 9999,GPML,nolabel,none,black,none,1,0
 604 4500.0   -inf UN   0   0   0     0
  26.1886   79.4579 3
  26.7700   78.5489 2
  99.0000   99.0000 3
9999 9999,GPML,nolabel,none,black,none,1,0
 604 4500.0   -inf UN   0   0   0     0
  24.7147   82.7965 3
  23.8840   82.1857 2
  99.0000   99.0000 3
9999 9999,GPML,nolabel,none,black,none,1,0
 604 4500.0   -inf UN   0   0   0     0
  24.0207   82.9448 3
  24.5774   82.0334 2
  99.0000   99.0000 3
9999 9999,GPML,nolabel,none,black,none,1,0
 604 4500.0   -inf UN   0   0   0     0
  22.6418   86.2764 3
  21.7938   85.7040 2
  99.0000   99.0000 3
9999 9999,GPML,nolabel,none,black,none,1,0
 604 4500.0   -inf UN   0   0   0     0
  21.9525   86.4466 3
  22.4823   85.5305 2
  99.0000   99.0000 3
9999 9999,GPML,nolabel,none,black,none,1,0
 604 4500.0   -inf UN   0   0   0     0
  20.6760   89.7777 3
  19.8104   89.2438 2
  99.0000   99.0000 3
9999 9999,GPML,nolabel,none,black,none,1,0
 604 4500.0   -inf UN   0   0   0     0
  19.9924   89.9705 3
  20.4932   89.0481 2
  99.0000   99.0000 3
9999 9999,GPML,nolabel,none,black,none,1,0
 604 4500.0   -inf UN   0   0   0     0
  18.8252   93.3061 3
  17.9424   92.8111 2
  99.0000   99.0000 3
9999 9999,GPML,nolabel,none,black,none,1,0
 604 4500.0   -inf UN   0   0   0     0
  18.1486   93.5225 3
  18.6183   92.5922 2
  99.0000   99.0000 3
9999 9999,GPML,nolabel,none,black,none,1,0
 604 4500.0   -inf UN   0   0   0     0
  17.0976   96.8661 3
  16.1979   96.4105 2
  99.0000   99.0000 3
9999 9999,GPML,nolabel,none,black,none,1,0
 604 4500.0   -inf UN   0   0   0     0
  16.4292   97.1068 3
  16.8656   96.1677 2
  99.0000   99.0000 3
9999 9999,GPML,nolabel,none,black,none,1,0
 131 4500.0   -inf UN   0   0   0     0
   9.8638  -43.0732 3
   9.1152  -43.7455 2
  99.0000   99.0000 3
9999 9999,GPML,nolabel,none,black,none,1,0
 131 4500.0   -inf UN   0   0   0     0
   9.1579  -43.0306 3
   9.8210  -43.7895 2
  99.0000   99.0000 3
9999 9999,GPML,nolabel,none,black,none,1,0
 132 4500.0   -inf UN   0   0   0     0
   9.7455  -41.0254 3
   8.9840  -41.6823 2
  99.0000   99.0000 3
9999 9999,GPML,nolabel,none,black,none,1,0
 132 4500.0   -inf UN   0   0   0     0
   9.0407  -40.9687 3
   9.6888  -41.7405 2
  99.0000   99.0000 3
9999 9999,GPML,nolabel,none,black,none,1,0
 133 4500.0   -inf UN   0   0   0     0
   8.0795  -38.5532 3
   7.3319  -39.2233 2
  99.0000   99.0000 3
9999 9999,GPML,nolabel,none,black,none,1,0
 133 4500.0   -inf UN   0   0   0     0
   7.3737  -38.5116 3
   8.0377  -39.2661 2
  99.0000   99.0000 3
9999 9999,GPML,nolabel,none,black,none,1,0
 101 4500.0   -inf UN   0   0   0     0
   3.7185  -32.3788 3
   2.9237  -32.9867 2
  99.0000   99.0000 3
9999 9999,GPML,nolabel,none,black,none,1,0
 101 4500.0   -inf UN   0   0   0     0
   3.0177  -32.2849 3
   3.6245  -33.0811 2
  99.0000   99.0000 3
9999 9999,GPML,nolabel,none,black,none,1,0
 101 4500.0   -inf UN   0   0   0     0
   1.4926  -29.2937 3
   0.6662  -29.8569 2
  99.0000   99.0000 3
9999 9999,GPML,nolabel,none,black,none,1,0
 101 4500.0   -inf UN   0   0   0     0
   0.7979  -29.1621 3
   1.3610  -29.9886 2
  99.0000   99.0000 3
9999 9999,GPML,nolabel,none,black,none,1,0
 101 4500.0   -inf UN   0   0   0     0
  -0.5596  -26.0935 3
  -1.4163  -26.6094 2
  99.0000   99.0000 3
9999 9999,GPML,nolabel,none,black,none,1,0
 101 4500.0   -inf UN   0   0   0     0
  -1.2459  -25.9230 3
  -0.7300  -26.7798 2
  99.0000   99.0000 3
9999 9999,GPML,nolabel,none,black,none,1,0
 101 4500.0   -inf UN   0   0   0     0
  -2.4255  -22.7801 3
  -3.3107  -23.2460 2
  99.0000   99.0000 3
9999 9999,GPML,nolabel,none,black,none,1,0
 101 4500.0   -inf UN   0   0   0     0
  -3.1007  -22.5697 3
  -2.6354  -23.4560 2
  99.0000   99.0000 3
9999 9999,GPML,nolabel,none,black,none,1,0
 101 4500.0   -inf UN   0   0   0     0
  -4.0923  -19.3578 3
  -5.0038  -19.7705 2
  99.0000   99.0000 3
9999 9999,GPML,nolabel,none,black,none,1,0
 101 4500.0   -inf UN   0   0   0     0
  -4.7536  -19.1067 3
  -4.3422  -20.0211 2
  99.0000   99.0000 3
9999 9999,GPML,nolabel,none,black,none,1,0
 101 4500.0   -inf UN   0   0   0     0
  -5.5477  -15.8334 3
  -6.4829  -16.1896 2
  99.0000   99.0000 3
9999 9999,GPML,nolabel,none,black,none,1,0
 101 4500.0   -inf UN   0   0   0     0
  -6.1923  -15.5410 3
  -5.8380  -16.4813 2
  99.0000   99.0000 3
9999 9999,GPML,nolabel,none,black,none,1,0
 109  300.0   -inf UN   0   0   0     0
  -6.7950  -11.4973 3
  -7.7321  -11.8490 2
  99.0000   99.0000 3
9999 9999,GPML,nolabel,none,black,none,1,0
 109  300.0   -inf UN   0   0   0     0
  -7.4377  -11.2004 3
  -7.0889  -12.1452 2
  99.0000   99.0000 3
9999 9999,GPML,nolabel,none,black,none,1,0
 304  300.0   -inf UN   0   0   0     0
  -6.2297   10.4309 3
  -7.0976    9.9307 2
  99.0000   99.0000 3
9999 9999,GPML,nolabel,none,black,none,1,0
 304  300.0   -inf UN   0   0   0     0
  -6.9119   10.6182 3
  -6.4151    9.7444 2
  99.0000   99.0000 3
9999 9999,GPML,nolabel,none,black,none,1,0
 304  300.0   -inf UN   0   0   0     0
  -8.0106   13.8157 3
  -8.9085   13.3706 2
  99.0000   99.0000 3
9999 9999,GPML,nolabel,none,black,none,1,0
 304  300.0   -inf UN   0   0   0     0
  -8.6795   14.0475 3
  -8.2392   13.1398 2
  99.0000   99.0000 3
9999 9999,GPML,nolabel,none,black,none,1,0
 707  300.0   -inf UN   0   0   0     0
 -10.7037    6.7856 3
 -11.4325    6.0880 2
  99.0000   99.0000 3
9999 9999,GPML,nolabel,none,black,none,1,0
 707  300.0   -inf UN   0   0   0     0
 -11.4104    6.8090 3
 -10.7258    6.0664 2
  99.0000   99.0000 3
9999 9999,GPML,nolabel,none,black,none,1,0
 714  300.0   -inf UN   0   0   0     0
 -13.8084   12.5161 3
 -14.6068   11.8950 2
  99.0000   99.0000 3
9999 9999,GPML,nolabel,none,black,none,1,0
 714  300.0   -inf UN   0   0   0     0
 -14.5085   12.6185 3
 -13.9064   11.7949 2
  99.0000   99.0000 3
9999 9999,GPML,nolabel,none,black,none,1,0
 714  300.0   -inf UN   0   0   0     0
 -16.1465   15.9651 3
 -16.9829   15.3934 2
  99.0000   99.0000 3
9999 9999,GPML,nolabel,none,black,none,1,0
 714  300.0   -inf UN   0   0   0     0
 -16.8384   16.1169 3
 -16.2904   15.2442 2
  99.0000   99.0000 3
9999 9999,GPML,nolabel,none,black,none,1,0
 503  300.0   -inf UN   0   0   0     0
 -29.0798   38.4846 3
 -30.0182   38.0874 2
  99.0000   99.0000 3
9999 9999,GPML,nolabel,none,black,none,1,0
 503  300.0   -inf UN   0   0   0     0
 -29.7208   38.8272 3
 -29.3753   37.7485 2
  99.0000   99.0000 3
9999 9999,GPML,nolabel,none,black,none,1,0
 503  300.0   -inf UN   0   0   0     0
 -30.3084   42.9519 3
 -31.2740   42.6491 2
  99.0000   99.0000 3
9999 9999,GPML,nolabel,none,black,none,1,0
 503  300.0   -inf UN   0   0   0     0
 -30.9201   43.3641 3
 -30.6600   42.2400 2
  99.0000   99.0000 3
9999 9999,GPML,nolabel,none,black,none,1,0
 512 4500.0   -inf UN   0   0   0     0
 -36.3512   56.1938 3
 -37.3442   56.3414 2
  99.0000   99.0000 3
9999 9999,GPML,nolabel,none,black,none,1,0
 512 4500.0   -inf UN   0   0   0     0
 -36.7871   56.8871 3
 -36.9052   55.6461 2
  99.0000   99.0000 3
9999 9999,GPML,nolabel,none,black,none,1,0
 505 4500.0   -inf UN   0   0   0     0
 -49.4450   62.4078 3
 -49.2065   60.9177 2
  99.0000   99.0000 3
9999 9999,GPML,nolabel,none,black,none,1,0
 505 4500.0   -inf UN   0   0   0     0
 -49.8136   61.4762 3
 -48.8424   61.8422 2
  99.0000   99.0000 3
9999 9999,GPML,nolabel,none,black,none,1,0
 505 4500.0   -inf UN   0   0   0     0
 -53.4216   61.0146 3
 -53.2124   59.3776 2
  99.0000   99.0000 3
9999 9999,GPML,nolabel,none,black,none,1,0
 505 4500.0   -inf UN   0   0   0     0
 -53.8086   60.0170 3
 -52.8307   60.3673 2
  99.0000   99.0000 3
9999 9999,GPML,nolabel,none,black,none,1,0
 506 4500.0   -inf UN   0   0   0     0
 -41.6224   74.1412 3
 -42.2990   73.1510 2
  99.0000   99.0000 3
9999 9999,GPML,nolabel,none,black,none,1,0
 506 4500.0   -inf UN   0   0   0     0
 -42.3290   74.1064 3
 -41.5927   73.1964 2
  99.0000   99.0000 3
9999 9999,GPML,nolabel,none,black,none,1,0
 507 4500.0   -inf UN   0   0   0     0
 -48.2574   77.5135 3
 -48.7664   76.2142 2
  99.0000   99.0000 3
9999 9999,GPML,nolabel,none,black,none,1,0
 507 4500.0   -inf UN   0   0   0     0
 -48.9434   77.2547 3
 -48.0827   76.4861 2
  99.0000   99.0000 3
9999 9999,GPML,nolabel,none,black,none,1,0
 501 4500.0   -inf UN   0   0   0     0
 -54.8504   66.4198 3
 -55.6053   65.2698 2
  99.0000   99.0000 3
9999 9999,GPML,nolabel,none,black,none,1,0
 501 4500.0   -inf UN   0   0   0     0
 -55.5553   66.5177 3
 -54.8995   65.1938 2
  99.0000   99.0000 3
9999 9999,GPML,nolabel,none,black,none,1,0
 601 4500.0   -inf UN   0   0   0     0
  22.6814   67.1496 3
  22.1068   66.2644 2
  99.0000   99.0000 3
9999 9999,GPML,nolabel,none,black,none,1,0
 601 4500.0   -inf UN   0   0   0     0
  21.9853   67.0159 3
  22.8037   66.3944 2
  99.0000   99.0000 3
9999 9999,GPML,nolabel,none,black,none,1,0
 612 4500.0   -inf UN   0   0   0     0
 -42.6114   85.3988 3
 -43.5859   85.7059 2
  99.0000   99.0000 3
9999 9999,GPML,nolabel,none,black,none,1,0
 612 4500.0   -inf UN   0   0   0     0
 -42.9847   86.2171 3
 -43.2089   84.8825 2
  99.0000   99.0000 3
9999 9999,GPML,nolabel,none,black,none,1,0
 612 4500.0   -inf UN   0   0   0     0
 -41.4839   90.6665 3
 -42.4269   91.1139 2
  99.0000   99.0000 3
9999 9999,GPML,nolabel,none,black,none,1,0
 612 4500.0   -inf UN   0   0   0     0
 -41.7875   91.5208 3
 -42.1202   90.2528 2
  99.0000   99.0000 3
9999 9999,GPML,nolabel,none,black,none,1,0
 604 4500.0   -inf UN   0   0   0     0
  20.5387   79.8165 3
  19.6972   79.2410 2
  99.0000   99.0000 3
9999 9999,GPML,nolabel,none,black,none,1,0
 604 4500.0   -inf UN   0   0   0     0
  19.8474   79.9753 3
  20.3878   79.0792 2
  99.0000   99.0000 3
9999 9999,GPML,nolabel,none,black,none,1,0
 604 4500.0   -inf UN   0   0   0     0
  18.3830   83.4785 3
  17.5262   82.9364 2
  99.0000   99.0000 3
9999 9999,GPML,nolabel,none,black,none,1,0
 604 4500.0   -inf UN   0   0   0     0
  17.6965   83.6565 3
  18.2121   82.7559 2
  99.0000   99.0000 3
9999 9999,GPML,nolabel,none,black,none,1,0
 604 4500.0   -inf UN   0   0   0     0
  16.3335   87.1631 3
  15.4610   86.6550 2
  99.0000   99.0000 3
9999 9999,GPML,nolabel,none,black,none,1,0
 604 4500.0   -inf UN   0   0   0     0
  15.6527   87.3616 3
  16.1413   86.4544 2
  99.0000   99.0000 3
9999 9999,GPML,nolabel,none,black,none,1,0
 604 4500.0   -inf UN   0   0   0     0
  14.3995   90.8774 3
  13.5112   90.4041 2
  99.0000   99.0000 3
9999 9999,GPML,nolabel,none,black,none,1,0
 604 4500.0   -inf UN   0   0   0     0
  13.7254   91.0975 3
  14.1847   90.1822 2
  99.0000   99.0000 3
9999 9999,GPML,nolabel,none,black,none,1,0
 611 4500.0   -inf UN   0   0   0     0
   8.7785   98.6542 3
   8.3014   99.5429 2
  99.0000   99.0000 3
9999 9999,GPML,nolabel,none,black,none,1,0
 611 4500.0   -inf UN   0   0   0     0
   8.9796   99.3403 3
   8.1008   98.8578 2
  99.0000   99.0000 3
9999 9999,GPML,nolabel,none,black,none,1,0
 105 4500.0   -inf UN   0   0   0     0
   9.3973  -43.1210 3
   8.8920  -43.9951 2
  99.0000   99.0000 3
9999 9999,GPML,nolabel,none,black,none,1,0
 105 4500.0   -inf UN   0   0   0     0
   8.7133  -43.3027 3
   9.5763  -43.8145 2
  99.0000   99.0000 3
9999 9999,GPML,nolabel,none,black,none,1,0
 134 4500.0   -inf UN   0   0   0     0
   4.9860  -41.6425 3
   4.2525  -42.3245 2
  99.0000   99.0000 3
9999 9999,GPML,nolabel,none,black,none,1,0
 134 4500.0   -inf UN   0   0   0     0
   4.2794  -41.6159 3
   4.9591  -42.3518 2
  99.0000   99.0000 3
9999 9999,GPML,nolabel,none,black,none,1,0
 133 4500.0   -inf UN   0   0   0     0
   4.3323  -41.8837 3
   3.5807  -42.5449 2
  99.0000   99.0000 3
9999 9999,GPML,nolabel,none,black,none,1,0
 133 4500.0   -inf UN   0   0   0     0
   3.6267  -41.8379 3
   4.2864  -42.5913 2
  99.0000   99.0000 3
9999 9999,GPML,nolabel,none,black,none,1,0
 101 4500.0   -inf UN   0   0   0     0
  -0.2578  -35.4122 3
  -1.0533  -36.0181 2
  99.0000   99.0000 3
9999 9999,GPML,nolabel,none,black,none,1,0
 101 4500.0   -inf UN   0   0   0     0
  -0.9585  -35.3173 3
  -0.3526  -36.1129 2
  99.0000   99.0000 3
9999 9999,GPML,nolabel,none,black,none,1,0
 101 4500.0   -inf UN   0   0   0     0
  -2.6392  -32.1101 3
  -3.4651  -32.6747 2
  99.0000   99.0000 3
9999 9999,GPML,nolabel,none,black,none,1,0
 101 4500.0   -inf UN   0   0   0     0
  -3.3340  -31.9786 3
  -2.7702  -32.8057 2
  99.0000   99.0000 3
9999 9999,GPML,nolabel,none,black,none,1,0
 101 4500.0   -inf UN   0   0   0     0
  -4.8411  -28.6795 3
  -5.6964  -29.1997 2
  99.0000   99.0000 3
9999 9999,GPML,nolabel,none,black,none,1,0
 101 4500.0   -inf UN   0   0   0     0
  -5.5276  -28.5097 3
  -5.0096  -29.3687 2
  99.0000   99.0000 3
9999 9999,GPML,nolabel,none,black,none,1,0
 101 4500.0   -inf UN   0   0   0     0
  -6.8485  -25.1201 3
  -7.7320  -25.5925 2
  99.0000   99.0000 3
9999 9999,GPML,nolabel,none,black,none,1,0
 101 4500.0   -inf UN   0   0   0     0
  -7.5243  -24.9105 3
  -7.0558  -25.8012 2
  99.0000   99.0000 3
9999 9999,GPML,nolabel,none,black,none,1,0
 101 4500.0   -inf UN   0   0   0     0
  -8.6466  -21.4349 3
  -9.5563  -21.8555 2
  99.0000   99.0000 3
9999 9999,GPML,nolabel,none,black,none,1,0
 101 4500.0   -inf UN   0   0   0     0
  -9.3088  -21.1840 3
  -8.8935  -22.1053 2
  99.0000   99.0000 3
9999 9999,GPML,nolabel,none,black,none,1,0
 109  300.0   -inf UN   0   0   0     0
  -9.9204  -17.1005 3
 -10.8316  -17.5194 2
  99.0000   99.0000 3
9999 9999,GPML,nolabel,none,black,none,1,0
 109  300.0   -inf UN   0   0   0     0
 -10.5817  -16.8462 3
 -10.1697  -17.7725 2
  99.0000   99.0000 3
9999 9999,GPML,nolabel,none,black,none,1,0
 707  300.0   -inf UN   0   0   0     0
  -7.8334    3.8610 3
  -8.5208    3.1273 2
  99.0000   99.0000 3
9999 9999,GPML,nolabel,none,black,none,1,0
 707  300.0   -inf UN   0   0   0     0
  -8.5402    3.8421 3
  -7.8141    3.1476 2
  99.0000   99.0000 3
9999 9999,GPML,nolabel,none,black,none,1,0
 707  300.0   -inf UN   0   0   0     0
 -10.7035    6.7854 3
 -11.4324    6.0878 2
  99.0000   99.0000 3
9999 9999,GPML,nolabel,none,black,none,1,0
 707  300.0   -inf UN   0   0   0     0
 -11.4102    6.8089 3
 -10.7256    6.0662 2
  99.0000   99.0000 3
9999 9999,GPML,nolabel,none,black,none,1,0
 714  300.0   -inf UN   0   0   0     0
 -15.0380    5.9007 3
 -15.7880    5.2145 2
  99.0000   99.0000 3
9999 9999,GPML,nolabel,none,black,none,1,0
 714  300.0   -inf UN   0   0   0     0
 -15.7437    5.9479 3
 -15.0822    5.1699 2
  99.0000   99.0000 3
9999 9999,GPML,nolabel,none,black,none,1,0
 714  300.0   -inf UN   0   0   0     0
 -17.7827    9.3623 3
 -18.5718    8.7157 2
  99.0000   99.0000 3
9999 9999,GPML,nolabel,none,black,none,1,0
 714  300.0   -inf UN   0   0   0     0
 -18.4842    9.4558 3
 -17.8699    8.6253 2
  99.0000   99.0000 3
9999 9999,GPML,nolabel,none,black,none,1,0
 715  300.0   -inf UN   0   0   0     0
 -20.5511   12.2776 3
 -21.3246   11.5990 2
  99.0000   99.0000 3
9999 9999,GPML,nolabel,none,black,none,1,0
 715  300.0   -inf UN   0   0   0     0
 -21.2546   12.3542 3
 -20.6208   11.5260 2
  99.0000   99.0000 3
9999 9999,GPML,nolabel,none,black,none,1,0
 715  300.0   -inf UN   0   0   0     0
 -23.1597   15.9718 3
 -23.9746   15.3395 2
  99.0000   99.0000 3
9999 9999,GPML,nolabel,none,black,none,1,0
 715  300.0   -inf UN   0   0   0     0
 -23.8566   16.1022 3
 -23.2770   15.2131 2
  99.0000   99.0000 3
9999 9999,GPML,nolabel,none,black,none,1,0
 715  300.0   -inf UN   0   0   0     0
 -25.5201   19.9275 3
 -26.3750   19.3506 2
  99.0000   99.0000 3
9999 9999,GPML,nolabel,none,black,none,1,0
 715  300.0   -inf UN   0   0   0     0
 -26.2064   20.1166 3
 -25.6876   19.1658 2
  99.0000   99.0000 3
9999 9999,GPML,nolabel,none,black,none,1,0
 715  300.0   -inf UN   0   0   0     0
 -27.6038   24.1433 3
 -28.4962   23.6321 2
  99.0000   99.0000 3
9999 9999,GPML,nolabel,none,black,none,1,0
 715  300.0   -inf UN   0   0   0     0
 -28.2748   24.3955 3
 -27.8237   23.3843 2
  99.0000   99.0000 3
9999 9999,GPML,nolabel,none,black,none,1,0
 715  300.0   -inf UN   0   0   0     0
 -29.3819   28.6084 3
 -30.3082   28.1739 2
  99.0000   99.0000 3
9999 9999,GPML,nolabel,none,black,none,1,0
 715  300.0   -inf UN   0   0   0     0
 -30.0325   28.9272 3
 -29.6557   27.8593 2
  99.0000   99.0000 3
9999 9999,GPML,nolabel,none,black,none,1,0
 508  300.0   -inf UN   0   0   0     0
 -30.8724   32.7891 3
 -31.8053   32.3676 2
  99.0000   99.0000 3
9999 9999,GPML,nolabel,none,black,none,1,0
 508  300.0   -inf UN   0   0   0     0
 -31.5178   33.1266 3
 -31.1579   32.0344 2
  99.0000   99.0000 3
9999 9999,GPML,nolabel,none,black,none,1,0
 503  300.0   -inf UN   0   0   0     0
 -33.7589   36.4182 3
 -34.6905   35.9785 2
  99.0000   99.0000 3
9999 9999,GPML,nolabel,none,black,none,1,0
 503  300.0   -inf UN   0   0   0     0
 -34.4053   36.7641 3
 -34.0418   35.6375 2
  99.0000   99.0000 3
9999 9999,GPML,nolabel,none,black,none,1,0
 503  300.0   -inf UN   0   0   0     0
 -35.1286   41.3715 3
 -36.0901   41.0335 2
  99.0000   99.0000 3
9999 9999,GPML,nolabel,none,black,none,1,0
 503  300.0   -inf UN   0   0   0     0
 -35.7454   41.7958 3
 -35.4705   40.6132 2
  99.0000   99.0000 3
9999 9999,GPML,nolabel,none,black,none,1,0
 503  300.0   -inf UN   0   0   0     0
 -36.1043   46.5336 3
 -37.0880   46.3093 2
  99.0000   99.0000 3
9999 9999,GPML,nolabel,none,black,none,1,0
 503  300.0   -inf UN   0   0   0     0
 -36.6846   47.0354 3
 -36.5045   45.8103 2
  99.0000   99.0000 3
9999 9999,GPML,nolabel,none,black,none,1,0
 512 4500.0   -inf UN   0   0   0     0
 -40.5405   62.5840 3
 -41.5127   62.8945 2
  99.0000   99.0000 3
9999 9999,GPML,nolabel,none,black,none,1,0
 512 4500.0   -inf UN   0   0   0     0
 -40.9077   63.3812 3
 -41.1419   62.0926 2
  99.0000   99.0000 3
9999 9999,GPML,nolabel,none,black,none,1,0
 505 4500.0   -inf UN   0   0   0     0
 -52.1580   53.0098 3
 -51.8423   51.4686 2
  99.0000   99.0000 3
9999 9999,GPML,nolabel,none,black,none,1,0
 505 4500.0   -inf UN   0   0   0     0
 -52.4768   51.9774 3
 -51.5279   52.4903 2
  99.0000   99.0000 3
9999 9999,GPML,nolabel,none,black,none,1,0
 507 4500.0   -inf UN   0   0   0     0
 -46.7024   68.1325 3
 -47.0598   66.7660 2
  99.0000   99.0000 3
9999 9999,GPML,nolabel,none,black,none,1,0
 507 4500.0   -inf UN   0   0   0     0
 -47.3497   67.7153 3
 -46.4158   67.1924 2
  99.0000   99.0000 3
9999 9999,GPML,nolabel,none,black,none,1,0
 501 4500.0   -inf UN   0   0   0     0
 -55.2442   55.0411 3
 -55.8439   53.6265 2
  99.0000   99.0000 3
9999 9999,GPML,nolabel,none,black,none,1,0
 501 4500.0   -inf UN   0   0   0     0
 -55.9450   54.8747 3
 -55.1448   53.8146 2
  99.0000   99.0000 3
9999 9999,GPML,nolabel,none,black,none,1,0
 501 4500.0   -inf UN   0   0   0     0
 -58.5054   60.1984 3
 -59.1962   58.8004 2
  99.0000   99.0000 3
9999 9999,GPML,nolabel,none,black,none,1,0
 501 4500.0   -inf UN   0   0   0     0
 -59.2124   60.1812 3
 -58.4894   58.8455 2
  99.0000   99.0000 3
9999 9999,GPML,nolabel,none,black,none,1,0
 501 4500.0   -inf UN   0   0   0     0
 -61.3730   66.6251 3
 -62.1590   65.3183 2
  99.0000   99.0000 3
9999 9999,GPML,nolabel,none,black,none,1,0
 501 4500.0   -inf UN   0   0   0     0
 -62.0740   66.8193 3
 -61.4560   65.1574 2
  99.0000   99.0000 3
9999 9999,GPML,nolabel,none,black,none,1,0
 613 4500.0   -inf UN   0   0   0     0
 -50.9519   84.1458 3
 -51.9468   84.3072 2
  99.0000   99.0000 3
9999 9999,GPML,nolabel,none,black,none,1,0
 613 4500.0   -inf UN   0   0   0     0
 -51.3963   85.0229 3
 -51.4969   83.4264 2
  99.0000   99.0000 3
9999 9999,GPML,nolabel,none,black,none,1,0
 613 4500.0   -inf UN   0   0   0     0
 -50.2349   90.8395 3
 -51.2071   91.2100 2
  99.0000   99.0000 3
9999 9999,GPML,nolabel,none,black,none,1,0
 613 4500.0   -inf UN   0   0   0     0
 -50.6013   91.7886 3
 -50.8358   90.2531 2
  99.0000   99.0000 3
9999 9999,GPML,nolabel,none,black,none,1,0
 613 4500.0   -inf UN   0   0   0     0
 -48.9657   97.1937 3
 -49.8992   97.7450 2
  99.0000   99.0000 3
9999 9999,GPML,nolabel,none,black,none,1,0
 613 4500.0   -inf UN   0   0   0     0
 -49.2513   98.1817 3
 -49.6098   96.7463 2
  99.0000   99.0000 3
9999 9999,GPML,nolabel,none,black,none,1,0
 611 4500.0   -inf UN   0   0   0     0
  -7.8942   93.4289 3
  -8.5278   94.2106 2
  99.0000   99.0000 3
9999 9999,GPML,nolabel,none,black,none,1,0
 611 4500.0   -inf UN   0   0   0     0
  -7.8242   94.1392 3
  -8.5978   93.4990 2
  99.0000   99.0000 3
9999 9999,GPML,nolabel,none,black,none,1,0
 611 4500.0   -inf UN   0   0   0     0
  -4.4972   96.0940 3
  -5.0922   96.9005 2
  99.0000   99.0000 3
9999 9999,GPML,nolabel,none,black,none,1,0
 611 4500.0   -inf UN   0   0   0     0
  -4.3928   96.7954 3
  -5.1965   96.1983 2
  99.0000   99.0000 3
9999 9999,GPML,nolabel,none,black,none,1,0
 611 4500.0   -inf UN   0   0   0     0
  -0.9773   98.5807 3
  -1.5348   99.4111 2
  99.0000   99.0000 3
9999 9999,GPML,nolabel,none,black,none,1,0
 611 4500.0   -inf UN   0   0   0     0
  -0.8409   99.2746 3
  -1.6711   98.7170 2
  99.0000   99.0000 3
9999 9999,GPML,nolabel,none,black,none,1,0
 611 4500.0   -inf UN   0   0   0     0
   2.6508  100.9038 3
   2.1297  101.7581 2
  99.0000   99.0000 3
9999 9999,GPML,nolabel,none,black,none,1,0
 611 4500.0   -inf UN   0   0   0     0
   2.8171  101.5919 3
   1.9636  101.0703 2
  99.0000   99.0000 3
9999 9999,GPML,nolabel,none,black,none,1,0
 611 4500.0   -inf UN   0   0   0     0
   6.3743  103.0772 3
   5.8885  103.9563 2
  99.0000   99.0000 3
9999 9999,GPML,nolabel,none,black,none,1,0
 611 4500.0   -inf UN   0   0   0     0
   6.5686  103.7614 3
   5.6945  103.2728 2
  99.0000   99.0000 3
9999 9999,GPML,nolabel,none,black,none,1,0
 105 4500.0   -inf UN   0   0   0     0
   3.2006  -45.1733 3
   2.6523  -46.0106 2
  99.0000   99.0000 3
9999 9999,GPML,nolabel,none,black,none,1,0
 105 4500.0   -inf UN   0   0   0     0
   2.5084  -45.3176 3
   3.3446  -45.8667 2
  99.0000   99.0000 3
9999 9999,GPML,nolabel,none,black,none,1,0
 134 4500.0   -inf UN   0   0   0     0
  -1.5353  -41.8102 3
  -2.2999  -42.4551 2
  99.0000   99.0000 3
9999 9999,GPML,nolabel,none,black,none,1,0
 134 4500.0   -inf UN   0   0   0     0
  -2.2399  -41.7499 3
  -1.5953  -42.5150 2
  99.0000   99.0000 3
9999 9999,GPML,nolabel,none,black,none,1,0
 134 4500.0   -inf UN   0   0   0     0
  -4.2334  -38.4474 3
  -5.0274  -39.0573 2
  99.0000   99.0000 3
9999 9999,GPML,nolabel,none,black,none,1,0
 134 4500.0   -inf UN   0   0   0     0
  -4.9342  -38.3536 3
  -4.3264  -39.1503 2
  99.0000   99.0000 3
9999 9999,GPML,nolabel,none,black,none,1,0
 101 4500.0   -inf UN   0   0   0     0
  -6.7646  -34.9453 3
  -7.5880  -35.5173 2
  99.0000   99.0000 3
9999 9999,GPML,nolabel,none,black,none,1,0
 101 4500.0   -inf UN   0   0   0     0
  -7.4599  -34.8157 3
  -6.8925  -35.6457 2
  99.0000   99.0000 3
9999 9999,GPML,nolabel,none,black,none,1,0
 109  300.0   -inf UN   0   0   0     0
 -12.5489  -23.1884 3
 -13.4297  -23.6743 2
  99.0000   99.0000 3
9999 9999,GPML,nolabel,none,black,none,1,0
 109  300.0   -inf UN   0   0   0     0
 -13.2257  -22.9785 3
 -12.7522  -23.8824 2
  99.0000   99.0000 3
9999 9999,GPML,nolabel,none,black,none,1,0
 714  300.0   -inf UN   0   0   0     0
  -8.9922   -0.3756 3
  -9.6642   -1.1261 2
  99.0000   99.0000 3
9999 9999,GPML,nolabel,none,black,none,1,0
 714  300.0   -inf UN   0   0   0     0
  -9.6985   -0.4096 3
  -8.9579   -1.0906 2
  99.0000   99.0000 3
9999 9999,GPML,nolabel,none,black,none,1,0
 714  300.0   -inf UN   0   0   0     0
 -12.1006    2.6585 3
 -12.8114    1.9381 2
  99.0000   99.0000 3
9999 9999,GPML,nolabel,none,black,none,1,0
 714  300.0   -inf UN   0   0   0     0
 -12.8077    2.6633 3
 -12.1043    1.9354 2
  99.0000   99.0000 3
9999 9999,GPML,nolabel,none,black,none,1,0
 714  300.0   -inf UN   0   0   0     0
 -15.0379    5.9005 3
 -15.7878    5.2143 2
  99.0000   99.0000 3
9999 9999,GPML,nolabel,none,black,none,1,0
 714  300.0   -inf UN   0   0   0     0
 -15.7435    5.9477 3
 -15.0820    5.1697 2
  99.0000   99.0000 3
9999 9999,GPML,nolabel,none,black,none,1,0
 714  300.0   -inf UN   0   0   0     0
 -18.7648    2.4161 3
 -19.5027    1.7016 2
  99.0000   99.0000 3
9999 9999,GPML,nolabel,none,black,none,1,0
 714  300.0   -inf UN   0   0   0     0
 -19.4712    2.4510 3
 -18.7962    1.6700 2
  99.0000   99.0000 3
9999 9999,GPML,nolabel,none,black,none,1,0
 714  300.0   -inf UN   0   0   0     0
 -21.7043    6.0659 3
 -22.4810    5.3860 2
  99.0000   99.0000 3
9999 9999,GPML,nolabel,none,black,none,1,0
 714  300.0   -inf UN   0   0   0     0
 -22.4074    6.1469 3
 -21.7775    5.3087 2
  99.0000   99.0000 3
9999 9999,GPML,nolabel,none,black,none,1,0
 715  300.0   -inf UN   0   0   0     0
 -24.3897    8.8094 3
 -25.1480    8.0914 2
  99.0000   99.0000 3
9999 9999,GPML,nolabel,none,black,none,1,0
 715  300.0   -inf UN   0   0   0     0
 -25.0947    8.8702 3
 -24.4428    8.0350 2
  99.0000   99.0000 3
9999 9999,GPML,nolabel,none,black,none,1,0
 715  300.0   -inf UN   0   0   0     0
 -27.2067   12.7259 3
 -28.0071   12.0494 2
  99.0000   99.0000 3
9999 9999,GPML,nolabel,none,black,none,1,0
 715  300.0   -inf UN   0   0   0     0
 -27.9063   12.8418 3
 -27.3068   11.9385 2
  99.0000   99.0000 3
9999 9999,GPML,nolabel,none,black,none,1,0
 715  300.0   -inf UN   0   0   0     0
 -29.7699   16.9525 3
 -30.6118   16.3281 2
  99.0000   99.0000 3
9999 9999,GPML,nolabel,none,black,none,1,0
 715  300.0   -inf UN   0   0   0     0
 -30.4601   17.1300 3
 -29.9205   16.1560 2
  99.0000   99.0000 3
9999 9999,GPML,nolabel,none,black,none,1,0
 715  300.0   -inf UN   0   0   0     0
 -32.0454   21.4954 3
 -32.9270   20.9357 2
  99.0000   99.0000 3
9999 9999,GPML,nolabel,none,black,none,1,0
 715  300.0   -inf UN   0   0   0     0
 -32.7214   21.7409 3
 -32.2494   20.6957 2
  99.0000   99.0000 3
9999 9999,GPML,nolabel,none,black,none,1,0
 715  300.0   -inf UN   0   0   0     0
 -33.9978   26.3486 3
 -34.9159   25.8678 2
  99.0000   99.0000 3
9999 9999,GPML,nolabel,none,black,none,1,0
 715  300.0   -inf UN   0   0   0     0
 -34.6540   26.6676 3
 -34.2576   25.5541 2
  99.0000   99.0000 3
9999 9999,GPML,nolabel,none,black,none,1,0
 715  300.0   -inf UN   0   0   0     0
 -35.5922   31.4903 3
 -36.5419   31.1031 2
  99.0000   99.0000 3
9999 9999,GPML,nolabel,none,black,none,1,0
 715  300.0   -inf UN   0   0   0     0
 -36.2222   31.8866 3
 -35.9092   30.7116 2
  99.0000   99.0000 3
9999 9999,GPML,nolabel,none,black,none,1,0
 503  300.0   -inf UN   0   0   0     0
 -38.3997   34.1138 3
 -39.3222   33.6180 2
  99.0000   99.0000 3
9999 9999,GPML,nolabel,none,black,none,1,0
 503  300.0   -inf UN   0   0   0     0
 -39.0527   34.4615 3
 -38.6666   33.2767 2
  99.0000   99.0000 3
9999 9999,GPML,nolabel,none,black,none,1,0
 503  300.0   -inf UN   0   0   0     0
 -39.9257   39.5923 3
 -40.8817   39.2070 2
  99.0000   99.0000 3
9999 9999,GPML,nolabel,none,black,none,1,0
 503  300.0   -inf UN   0   0   0     0
 -40.5489   40.0301 3
 -40.2554   38.7747 2
  99.0000   99.0000 3
9999 9999,GPML,nolabel,none,black,none,1,0
 503  300.0   -inf UN   0   0   0     0
 -41.0180   45.3493 3
 -41.9992   45.0915 2
  99.0000   99.0000 3
9999 9999,GPML,nolabel,none,black,none,1,0
 503  300.0   -inf UN   0   0   0     0
 -41.6033   45.8775 3
 -41.4102   44.5672 2
  99.0000   99.0000 3
9999 9999,GPML,nolabel,none,black,none,1,0
 503  300.0   -inf UN   0   0   0     0
 -41.6469   51.3016 3
 -42.6431   51.1841 2
  99.0000   99.0000 3
9999 9999,GPML,nolabel,none,black,none,1,0
 503  300.0   -inf UN   0   0   0     0
 -42.1866   51.9156 3
 -42.0995   50.5720 2
  99.0000   99.0000 3
9999 9999,GPML,nolabel,none,black,none,1,0
 501 4500.0   -inf UN   0   0   0     0
 -58.0661   47.5222 3
 -58.5728   45.8805 2
  99.0000   99.0000 3
9999 9999,GPML,nolabel,none,black,none,1,0
 501 4500.0   -inf UN   0   0   0     0
 -58.7522   47.1957 3
 -57.8901   46.2306 2
  99.0000   99.0000 3
9999 9999,GPML,nolabel,none,black,none,1,0
 501 4500.0   -inf UN   0   0   0     0
 -61.7920   52.6135 3
 -62.3931   50.9060 2
  99.0000   99.0000 3
9999 9999,GPML,nolabel,none,black,none,1,0
 501 4500.0   -inf UN   0   0   0     0
 -62.4931   52.4190 3
 -61.6941   51.1342 2
  99.0000   99.0000 3
9999 9999,GPML,nolabel,none,black,none,1,0
 501 4500.0   -inf UN   0   0   0     0
 -65.1617   59.3507 3
 -65.8703   57.6479 2
  99.0000   99.0000 3
9999 9999,GPML,nolabel,none,black,none,1,0
 501 4500.0   -inf UN   0   0   0     0
 -65.8686   59.3775 3
 -65.1632   57.6673 2
  99.0000   99.0000 3
9999 9999,GPML,nolabel,none,black,none,1,0
 501 4500.0   -inf UN   0   0   0     0
 -68.0082   68.1851 3
 -68.8318   66.6426 2
  99.0000   99.0000 3
9999 9999,GPML,nolabel,none,black,none,1,0
 501 4500.0   -inf UN   0   0   0     0
 -68.7015   68.5616 3
 -68.1345   66.3220 2
  99.0000   99.0000 3
9999 9999,GPML,nolabel,none,black,none,1,0
 501 4500.0   -inf UN   0   0   0     0
 -70.1037   79.3949 3
 -71.0326   78.2815 2
  99.0000   99.0000 3
9999 9999,GPML,nolabel,none,black,none,1,0
 501 4500.0   -inf UN   0   0   0     0
 -70.7487   80.2597 3
 -70.3786   77.4677 2
  99.0000   99.0000 3
9999 9999,GPML,nolabel,none,black,none,1,0
 616 4500.0   -inf UN   0   0   0     0
 -43.8189  106.1386 3
 -43.2971  107.3158 2
  99.0000   99.0000 3
9999 9999,GPML,nolabel,none,black,none,1,0
 616 4500.0   -inf UN   0   0   0     0
 -43.1324  106.3722 3
 -43.9854  107.0922 2
  99.0000   99.0000 3
9999 9999,GPML,nolabel,none,black,none,1,0
 611 4500.0   -inf UN   0   0   0     0
 -11.0454   97.3651 3
 -11.6700   98.1617 2
  99.0000   99.0000 3
9999 9999,GPML,nolabel,none,black,none,1,0
 611 4500.0   -inf UN   0   0   0     0
 -10.9673   98.0810 3
 -11.7482   97.4440 2
  99.0000   99.0000 3
9999 9999,GPML,nolabel,none,black,none,1,0
 611 4500.0   -inf UN   0   0   0     0
  -7.4610  100.1433 3
  -8.0498  100.9590 2
  99.0000   99.0000 3
9999 9999,GPML,nolabel,none,black,none,1,0
 611 4500.0   -inf UN   0   0   0     0
  -7.3514  100.8477 3
  -8.1597  100.2535 2
  99.0000   99.0000 3
9999 9999,GPML,nolabel,none,black,none,1,0
 611 4500.0   -inf UN   0   0   0     0
  -3.7603  102.7386 3
  -4.3150  103.5727 2
  99.0000   99.0000 3
9999 9999,GPML,nolabel,none,black,none,1,0
 611 4500.0   -inf UN   0   0   0     0
  -3.6217  103.4334 3
  -4.4537  102.8773 2
  99.0000   99.0000 3
9999 9999,GPML,nolabel,none,black,none,1,0
 611 4500.0   -inf UN   0   0   0     0
   0.0419  105.1708 3
  -0.4804  106.0236 2
  99.0000   99.0000 3
9999 9999,GPML,nolabel,none,black,none,1,0
 611 4500.0   -inf UN   0   0   0     0
   0.2072  105.8583 3
  -0.6456  105.3360 2
  99.0000   99.0000 3
9999 9999,GPML,nolabel,none,black,none,1,0
 104 4500.0   -inf UN   0   0   0     0
  -2.7716  -44.1982 3
  -3.3047  -45.0454 2
  99.0000   99.0000 3
9999 9999,GPML,nolabel,none,black,none,1,0
 104 4500.0   -inf UN   0   0   0     0
  -3.4612  -44.3547 3
  -2.6151  -44.8885 2
  99.0000   99.0000 3
9999 9999,GPML,nolabel,none,black,none,1,0
 104 4500.0   -inf UN   0   0   0     0
  -6.5390  -41.7054 3
  -7.1060  -42.5350 2
  99.0000   99.0000 3
9999 9999,GPML,nolabel,none,black,none,1,0
 104 4500.0   -inf UN   0   0   0     0
  -7.2344  -41.8341 3
  -6.4107  -42.4052 2
  99.0000   99.0000 3
9999 9999,GPML,nolabel,none,black,none,1,0
 714  300.0   -inf UN   0   0   0     0
  -8.8886   -7.1251 3
  -9.5155   -7.9144 2
  99.0000   99.0000 3
9999 9999,GPML,nolabel,none,black,none,1,0
 714  300.0   -inf UN   0   0   0     0
  -9.5917   -7.2015 3
  -8.8126   -7.8365 2
  99.0000   99.0000 3
9999 9999,GPML,nolabel,none,black,none,1,0
 714  300.0   -inf UN   0   0   0     0
 -12.3346   -4.1602 3
 -12.9972   -4.9279 2
  99.0000   99.0000 3
9999 9999,GPML,nolabel,none,black,none,1,0
 714  300.0   -inf UN   0   0   0     0
 -13.0404   -4.2035 3
 -12.2915   -4.8826 2
  99.0000   99.0000 3
9999 9999,GPML,nolabel,none,black,none,1,0
 714  300.0   -inf UN   0   0   0     0
 -15.6336   -0.9865 3
 -16.3333   -1.7297 2
  99.0000   99.0000 3
9999 9999,GPML,nolabel,none,black,none,1,0
 714  300.0   -inf UN   0   0   0     0
 -16.3407   -0.9929 3
 -15.6262   -1.7207 2
  99.0000   99.0000 3
9999 9999,GPML,nolabel,none,black,none,1,0
 714  300.0   -inf UN   0   0   0     0
 -18.7647    2.4159 3
 -19.5025    1.7014 2
  99.0000   99.0000 3
9999 9999,GPML,nolabel,none,black,none,1,0
 714  300.0   -inf UN   0   0   0     0
 -19.4710    2.4507 3
 -18.7960    1.6697 2
  99.0000   99.0000 3
9999 9999,GPML,nolabel,none,black,none,1,0
 714  300.0   -inf UN   0   0   0     0
 -22.4242   -1.2247 3
 -23.1464   -1.9749 2
  99.0000   99.0000 3
9999 9999,GPML,nolabel,none,black,none,1,0
 714  300.0   -inf UN   0   0   0     0
 -23.1311   -1.2061 3
 -22.4394   -1.9895 2
  99.0000   99.0000 3
9999 9999,GPML,nolabel,none,black,none,1,0
 714  300.0   -inf UN   0   0   0     0
 -25.5572    2.5863 3
 -26.3179    1.8644 2
  99.0000   99.0000 3
9999 9999,GPML,nolabel,none,black,none,1,0
 714  300.0   -inf UN   0   0   0     0
 -26.2619    2.6507 3
 -25.6128    1.8047 2
  99.0000   99.0000 3
9999 9999,GPML,nolabel,none,black,none,1,0
 714  300.0   -inf UN   0   0   0     0
 -28.4742    6.6997 3
 -29.2744    6.0147 2
  99.0000   99.0000 3
9999 9999,GPML,nolabel,none,black,none,1,0
 714  300.0   -inf UN   0   0   0     0
 -29.1739    6.8167 3
 -28.5740    5.9029 2
  99.0000   99.0000 3
9999 9999,GPML,nolabel,none,black,none,1,0
 715  300.0   -inf UN   0   0   0     0
 -31.1733    9.2377 3
 -31.9552    8.5060 2
  99.0000   99.0000 3
9999 9999,GPML,nolabel,none,black,none,1,0
 715  300.0   -inf UN   0   0   0     0
 -31.8757    9.3337 3
 -31.2522    8.4161 2
  99.0000   99.0000 3
9999 9999,GPML,nolabel,none,black,none,1,0
 715  300.0   -inf UN   0   0   0     0
 -33.9473   13.7159 3
 -34.7723   13.0314 2
  99.0000   99.0000 3
9999 9999,GPML,nolabel,none,black,none,1,0
 715  300.0   -inf UN   0   0   0     0
 -34.6418   13.8767 3
 -34.0767   12.8772 2
  99.0000   99.0000 3
9999 9999,GPML,nolabel,none,black,none,1,0
 715  300.0   -inf UN   0   0   0     0
 -36.4264   18.5788 3
 -37.2938   17.9568 2
  99.0000   99.0000 3
9999 9999,GPML,nolabel,none,black,none,1,0
 715  300.0   -inf UN   0   0   0     0
 -37.1081   18.8134 3
 -36.6105   17.7293 2
  99.0000   99.0000 3
9999 9999,GPML,nolabel,none,black,none,1,0
 715  300.0   -inf UN   0   0   0     0
 -38.5677   23.8299 3
 -39.4749   23.2884 2
  99.0000   99.0000 3
9999 9999,GPML,nolabel,none,black,none,1,0
 715  300.0   -inf UN   0   0   0     0
 -39.2305   24.1465 3
 -38.8098   22.9788 2
  99.0000   99.0000 3
9999 9999,GPML,nolabel,none,black,none,1,0
 715  300.0   -inf UN   0   0   0     0
 -40.3272   29.4519 3
 -41.2697   29.0103 2
  99.0000   99.0000 3
9999 9999,GPML,nolabel,none,black,none,1,0
 715  300.0   -inf UN   0   0   0     0
 -40.9641   29.8568 3
 -40.6299   28.6117 2
  99.0000   99.0000 3
9999 9999,GPML,nolabel,none,black,none,1,0
 503  300.0   -inf UN   0   0   0     0
 -42.9891   31.4944 3
 -43.8994   30.9241 2
  99.0000   99.0000 3
9999 9999,GPML,nolabel,none,black,none,1,0
 503  300.0   -inf UN   0   0   0     0
 -43.6499   31.8404 3
 -43.2359   30.5867 2
  99.0000   99.0000 3
9999 9999,GPML,nolabel,none,black,none,1,0
 503  300.0   -inf UN   0   0   0     0
 -44.6915   37.5453 3
 -45.6400   37.0958 2
  99.0000   99.0000 3
9999 9999,GPML,nolabel,none,black,none,1,0
 503  300.0   -inf UN   0   0   0     0
 -45.3225   37.9969 3
 -45.0056   36.6517 2
  99.0000   99.0000 3
9999 9999,GPML,nolabel,none,black,none,1,0
 503  300.0   -inf UN   0   0   0     0
 -45.9175   43.9738 3
 -46.8953   43.6697 2
  99.0000   99.0000 3
9999 9999,GPML,nolabel,none,black,none,1,0
 503  300.0   -inf UN   0   0   0     0
 -46.5092   44.5335 3
 -46.2995   43.1155 2
  99.0000   99.0000 3
9999 9999,GPML,nolabel,none,black,none,1,0
 503  300.0   -inf UN   0   0   0     0
 -46.6266   50.6730 3
 -47.6221   50.5334 2
  99.0000   99.0000 3
9999 9999,GPML,nolabel,none,black,none,1,0
 503  300.0   -inf UN   0   0   0     0
 -47.1695   51.3360 3
 -47.0746   49.8730 2
  99.0000   99.0000 3
9999 9999,GPML,nolabel,none,black,none,1,0
 501 4500.0   -inf UN   0   0   0     0
 -60.3739   38.8429 3
 -60.7625   36.9677 2
  99.0000   99.0000 3
9999 9999,GPML,nolabel,none,black,none,1,0
 501 4500.0   -inf UN   0   0   0     0
 -61.0316   38.3121 3
 -60.1102   37.5210 2
  99.0000   99.0000 3
9999 9999,GPML,nolabel,none,black,none,1,0
 501 4500.0   -inf UN   0   0   0     0
 -64.5657   43.3741 3
 -65.0432   41.3100 2
  99.0000   99.0000 3
9999 9999,GPML,nolabel,none,black,none,1,0
 501 4500.0   -inf UN   0   0   0     0
 -65.2462   42.9214 3
 -64.3677   41.7992 2
  99.0000   99.0000 3
9999 9999,GPML,nolabel,none,black,none,1,0
 501 4500.0   -inf UN   0   0   0     0
 -68.4863   49.8289 3
 -69.0754   47.5961 2
  99.0000   99.0000 3
9999 9999,GPML,nolabel,none,black,none,1,0
 501 4500.0   -inf UN   0   0   0     0
 -69.1864   49.5563 3
 -68.3786   47.9276 2
  99.0000   99.0000 3
9999 9999,GPML,nolabel,none,black,none,1,0
 501 4500.0   -inf UN   0   0   0     0
 -71.9555   59.1691 3
 -72.6822   56.9067 2
  99.0000   99.0000 3
9999 9999,GPML,nolabel,none,black,none,1,0
 501 4500.0   -inf UN   0   0   0     0
 -72.6617   59.2797 3
 -71.9751   56.8858 2
  99.0000   99.0000 3
9999 9999,GPML,nolabel,none,black,none,1,0
 616 4500.0   -inf UN   0   0   0     0
 -41.0954  111.8250 3
 -40.5184  112.9040 2
  99.0000   99.0000 3
9999 9999,GPML,nolabel,none,black,none,1,0
 616 4500.0   -inf UN   0   0   0     0
 -40.3992  111.9880 3
 -41.2158  112.7504 2
  99.0000   99.0000 3
9999 9999,GPML,nolabel,none,black,none,1,0
 615 4500.0   -inf UN   0   0   0     0
 -16.1053   99.2016 3
 -16.4977  100.1599 2
  99.0000   99.0000 3
9999 9999,GPML,nolabel,none,black,none,1,0
 615 4500.0   -inf UN   0   0   0     0
 -15.8420   99.8842 3
 -16.7618   99.4754 2
  99.0000   99.0000 3
9999 9999,GPML,nolabel,none,black,none,1,0
 611 4500.0   -inf UN   0   0   0     0
 -10.3876  104.2475 3
 -10.9670  105.0769 2
  99.0000   99.0000 3
9999 9999,GPML,nolabel,none,black,none,1,0
 611 4500.0   -inf UN   0   0   0     0
 -10.2699  104.9563 3
 -11.0850  104.3666 2
  99.0000   99.0000 3
9999 9999,GPML,nolabel,none,black,none,1,0
 104 4500.0   -inf UN   0   0   0     0
  -5.4286  -48.4451 3
  -5.9569  -49.2983 2
  99.0000   99.0000 3
9999 9999,GPML,nolabel,none,black,none,1,0
 104 4500.0   -inf UN   0   0   0     0
  -6.1174  -48.6058 3
  -5.2683  -49.1368 2
  99.0000   99.0000 3
9999 9999,GPML,nolabel,none,black,none,1,0
 104 4500.0   -inf UN   0   0   0     0
  -9.3581  -45.8754 3
  -9.9165  -46.7169 2
  99.0000   99.0000 3
9999 9999,GPML,nolabel,none,black,none,1,0
 104 4500.0   -inf UN   0   0   0     0
 -10.0522  -46.0122 3
  -9.2226  -46.5787 2
  99.0000   99.0000 3
9999 9999,GPML,nolabel,none,black,none,1,0
 205  300.0   -inf UN   0   0   0     0
  -9.0936  -29.9649 3
  -9.1057  -30.9775 2
  99.0000   99.0000 3
9999 9999,GPML,nolabel,none,black,none,1,0
 205  300.0   -inf UN   0   0   0     0
  -9.6000  -30.4650 3
  -8.6000  -30.4773 2
  99.0000   99.0000 3
9999 9999,GPML,nolabel,none,black,none,1,0
 714  300.0   -inf UN   0   0   0     0
 -12.0039  -11.1025 3
 -12.6205  -11.9082 2
  99.0000   99.0000 3
9999 9999,GPML,nolabel,none,black,none,1,0
 714  300.0   -inf UN   0   0   0     0
 -12.7059  -11.1888 3
 -11.9187  -11.8200 2
  99.0000   99.0000 3
9999 9999,GPML,nolabel,none,black,none,1,0
 714  300.0   -inf UN   0   0   0     0
 -15.6235   -8.0418 3
 -16.2735   -8.8323 2
  99.0000   99.0000 3
9999 9999,GPML,nolabel,none,black,none,1,0
 714  300.0   -inf UN   0   0   0     0
 -16.3286   -8.0978 3
 -15.5686   -8.7738 2
  99.0000   99.0000 3
9999 9999,GPML,nolabel,none,black,none,1,0
 714  300.0   -inf UN   0   0   0     0
 -19.1043   -4.7585 3
 -19.7895   -5.5309 2
  99.0000   99.0000 3
9999 9999,GPML,nolabel,none,black,none,1,0
 714  300.0   -inf UN   0   0   0     0
 -19.8112   -4.7798 3
 -19.0828   -5.5064 2
  99.0000   99.0000 3
9999 9999,GPML,nolabel,none,black,none,1,0
 714  300.0   -inf UN   0   0   0     0
 -22.4240   -1.2249 3
 -23.1462   -1.9751 2
  99.0000   99.0000 3
9999 9999,GPML,nolabel,none,black,none,1,0
 714  300.0   -inf UN   0   0   0     0
 -23.1309   -1.2064 3
 -22.4392   -1.9897 2
  99.0000   99.0000 3
9999 9999,GPML,nolabel,none,black,none,1,0
 714  300.0   -inf UN   0   0   0     0
 -25.9976   -5.0603 3
 -26.7002   -5.8545 2
  99.0000   99.0000 3
9999 9999,GPML,nolabel,none,black,none,1,0
 714  300.0   -inf UN   0   0   0     0
 -26.7047   -5.0628 3
 -25.9931   -5.8469 2
  99.0000   99.0000 3
9999 9999,GPML,nolabel,none,black,none,1,0
 714  300.0   -inf UN   0   0   0     0
 -29.3223   -1.1221 3
 -30.0629   -1.8956 2
  99.0000   99.0000 3
9999 9999,GPML,nolabel,none,black,none,1,0
 714  300.0   -inf UN   0   0   0     0
 -30.0284   -1.0797 3
 -29.3565   -1.9322 2
  99.0000   99.0000 3
9999 9999,GPML,nolabel,none,black,none,1,0
 714  300.0   -inf UN   0   0   0     0
 -32.4375    3.1618 3
 -33.2181    2.4179 2
  99.0000   99.0000 3
9999 9999,GPML,nolabel,none,black,none,1,0
 714  300.0   -inf UN   0   0   0     0
 -33.1400    3.2576 3
 -32.5149    2.3288 2
  99.0000   99.0000 3
9999 9999,GPML,nolabel,none,black,none,1,0
 715  300.0   -inf UN   0   0   0     0
 -35.0378    5.4483 3
 -35.7961    4.6484 2
  99.0000   99.0000 3
9999 9999,GPML,nolabel,none,black,none,1,0
 715  300.0   -inf UN   0   0   0     0
 -35.7426    5.5174 3
 -35.0908    4.5869 2
  99.0000   99.0000 3
9999 9999,GPML,nolabel,none,black,none,1,0
 715  300.0   -inf UN   0   0   0     0
 -38.0313   10.1487 3
 -38.8347    9.3884 2
  99.0000   99.0000 3
9999 9999,GPML,nolabel,none,black,none,1,0
 715  300.0   -inf UN   0   0   0     0
 -38.7301   10.2856 3
 -38.1347    9.2601 2
  99.0000   99.0000 3
9999 9999,GPML,nolabel,none,black,none,1,0
 715  300.0   -inf UN   0   0   0     0
 -40.7280   15.3162 3
 -41.5768   14.6139 2
  99.0000   99.0000 3
9999 9999,GPML,nolabel,none,black,none,1,0
 715  300.0   -inf UN   0   0   0     0
 -41.4159   15.5332 3
 -40.8871   14.4061 2
  99.0000   99.0000 3
9999 9999,GPML,nolabel,none,black,none,1,0
 715  300.0   -inf UN   0   0   0     0
 -43.0763   20.9710 3
 -43.9690   20.3494 2
  99.0000   99.0000 3
9999 9999,GPML,nolabel,none,black,none,1,0
 715  300.0   -inf UN   0   0   0     0
 -43.7467   21.2803 3
 -43.2960   20.0494 2
  99.0000   99.0000 3
9999 9999,GPML,nolabel,none,black,none,1,0
 716  300.0   -inf UN   0   0   0     0
 -44.9007   26.7467 3
 -45.8345   26.2373 2
  99.0000   99.0000 3
9999 9999,GPML,nolabel,none,black,none,1,0
 716  300.0   -inf UN   0   0   0     0
 -45.5448   27.1607 3
 -45.1870   25.8317 2
  99.0000   99.0000 3
9999 9999,GPML,nolabel,none,black,none,1,0
 709  300.0   -inf UN   0   0   0     0
 -45.8889   31.6144 3
 -46.8571   31.2522 2
  99.0000   99.0000 3
9999 9999,GPML,nolabel,none,black,none,1,0
 709  300.0   -inf UN   0   0   0     0
 -46.4958   32.1382 3
 -46.2460   30.7348 2
  99.0000   99.0000 3
9999 9999,GPML,nolabel,none,black,none,1,0
 503  300.0   -inf UN   0   0   0     0
 -49.4142   35.1322 3
 -50.3522   34.5940 2
  99.0000   99.0000 3
9999 9999,GPML,nolabel,none,black,none,1,0
 503  300.0   -inf UN   0   0   0     0
 -50.0545   35.5961 3
 -49.7078   34.1405 2
  99.0000   99.0000 3
9999 9999,GPML,nolabel,none,black,none,1,0
 503  300.0   -inf UN   0   0   0     0
 -50.7974   42.3318 3
 -51.7703   41.9622 2
  99.0000   99.0000 3
9999 9999,GPML,nolabel,none,black,none,1,0
 503  300.0   -inf UN   0   0   0     0
 -51.3969   42.9287 3
 -51.1658   41.3731 2
  99.0000   99.0000 3
9999 9999,GPML,nolabel,none,black,none,1,0
 501 4500.0   -inf UN   0   0   0     0
 -66.6422   32.3384 3
 -66.9560   29.9281 2
  99.0000   99.0000 3
9999 9999,GPML,nolabel,none,black,none,1,0
 501 4500.0   -inf UN   0   0   0     0
 -67.2778   31.5475 3
 -66.3284   30.7502 2
  99.0000   99.0000 3
9999 9999,GPML,nolabel,none,black,none,1,0
 501 4500.0   -inf UN   0   0   0     0
 -71.0994   37.4416 3
 -71.5086   34.5948 2
  99.0000   99.0000 3
9999 9999,GPML,nolabel,none,black,none,1,0
 501 4500.0   -inf UN   0   0   0     0
 -71.7644   36.6876 3
 -70.8521   35.4095 2
  99.0000   99.0000 3
9999 9999,GPML,nolabel,none,black,none,1,0
 616 4500.0   -inf UN   0   0   0     0
 -38.1153  117.0386 3
 -37.4926  118.0288 2
  99.0000   99.0000 3
9999 9999,GPML,nolabel,none,black,none,1,0
 616 4500.0   -inf UN   0   0   0     0
 -37.4131  117.1436 3
 -38.1955  117.9319 2
  99.0000   99.0000 3
9999 9999,GPML,nolabel,none,black,none,1,0
 615 4500.0   -inf UN   0   0   0     0
 -18.0222  104.0326 3
 -18.3914  105.0109 2
  99.0000   99.0000 3
9999 9999,GPML,nolabel,none,black,none,1,0
 615 4500.0   -inf UN   0   0   0     0
 -17.7425  104.7150 3
 -18.6719  104.3263 2
  99.0000   99.0000 3
9999 9999,GPML,nolabel,none,black,none,1,0
 204 4500.0   -inf UN   0   0   0     0
  -9.7942  -49.8396 3
  -9.9014  -50.8487 2
  99.0000   99.0000 3
9999 9999,GPML,nolabel,none,black,none,1,0
 204 4500.0   -inf UN   0   0   0     0
 -10.3452  -50.2895 3
  -9.3511  -50.3983 2
  99.0000   99.0000 3
9999 9999,GPML,nolabel,none,black,none,1,0
 204 4500.0   -inf UN   0   0   0     0
 -14.5767  -49.2415 3
 -14.7085  -50.2660 2
  99.0000   99.0000 3
9999 9999,GPML,nolabel,none,black,none,1,0
 204 4500.0   -inf UN   0   0   0     0
 -15.1387  -49.6853 3
 -14.1474  -49.8215 2
  99.0000   99.0000 3
9999 9999,GPML,nolabel,none,black,none,1,0
 714  300.0   -inf UN   0   0   0     0
 -15.0616  -15.1721 3
 -15.6648  -15.9993 2
  99.0000   99.0000 3
9999 9999,GPML,nolabel,none,black,none,1,0
 714  300.0   -inf UN   0   0   0     0
 -15.7622  -15.2716 3
 -14.9645  -15.8972 2
  99.0000   99.0000 3
9999 9999,GPML,nolabel,none,black,none,1,0
 714  300.0   -inf UN   0   0   0     0
 -18.8421  -12.0488 3
 -19.4758  -12.8678 2
  99.0000   99.0000 3
9999 9999,GPML,nolabel,none,black,none,1,0
 714  300.0   -inf UN   0   0   0     0
 -19.5459  -12.1212 3
 -18.7723  -12.7920 2
  99.0000   99.0000 3
9999 9999,GPML,nolabel,none,black,none,1,0
 714  300.0   -inf UN   0   0   0     0
 -22.4950   -8.6902 3
 -23.1619   -9.4988 2
  99.0000   99.0000 3
9999 9999,GPML,nolabel,none,black,none,1,0
 714  300.0   -inf UN   0   0   0     0
 -23.2011   -8.7307 3
 -22.4559   -9.4542 2
  99.0000   99.0000 3
9999 9999,GPML,nolabel,none,black,none,1,0
 714  300.0   -inf UN   0   0   0     0
 -25.9974   -5.0605 3
 -26.7000   -5.8547 2
  99.0000   99.0000 3
9999 9999,GPML,nolabel,none,black,none,1,0
 714  300.0   -inf UN   0   0   0     0
 -26.7044   -5.0631 3
 -25.9929   -5.8471 2
  99.0000   99.0000 3
9999 9999,GPML,nolabel,none,black,none,1,0
 714  300.0   -inf UN   0   0   0     0
 -29.4636   -9.1330 3
 -30.1418   -9.9799 2
  99.0000   99.0000 3
9999 9999,GPML,nolabel,none,black,none,1,0
 714  300.0   -inf UN   0   0   0     0
 -30.1702   -9.1627 3
 -29.4353   -9.9443 2
  99.0000   99.0000 3
9999 9999,GPML,nolabel,none,black,none,1,0
 714  300.0   -inf UN   0   0   0     0
 -32.9772   -5.1105 3
 -33.6927   -5.9468 2
  99.0000   99.0000 3
9999 9999,GPML,nolabel,none,black,none,1,0
 714  300.0   -inf UN   0   0   0     0
 -33.6842   -5.0970 3
 -32.9856   -5.9533 2
  99.0000   99.0000 3
9999 9999,GPML,nolabel,none,black,none,1,0
 714  300.0   -inf UN   0   0   0     0
 -36.2929   -0.6971 3
 -37.0486   -1.5136 2
  99.0000   99.0000 3
9999 9999,GPML,nolabel,none,black,none,1,0
 714  300.0   -inf UN   0   0   0     0
 -36.9979   -0.6301 3
 -36.3431   -1.5724 2
  99.0000   99.0000 3
9999 9999,GPML,nolabel,none,black,none,1,0
 715  300.0   -inf UN   0   0   0     0
 -38.7729    1.2890 3
 -39.5015    0.4060 2
  99.0000   99.0000 3
9999 9999,GPML,nolabel,none,black,none,1,0
 715  300.0   -inf UN   0   0   0     0
 -39.4795    1.3219 3
 -38.7946    0.3824 2
  99.0000   99.0000 3
9999 9999,GPML,nolabel,none,black,none,1,0
 715  300.0   -inf UN   0   0   0     0
 -41.9950    6.1664 3
 -42.7703    5.3114 2
  99.0000   99.0000 3
9999 9999,GPML,nolabel,none,black,none,1,0
 715  300.0   -inf UN   0   0   0     0
 -42.6979    6.2691 3
 -42.0664    5.2194 2
  99.0000   99.0000 3
9999 9999,GPML,nolabel,none,black,none,1,0
 701  300.0   -inf UN   0   0   0     0
 -45.0850   12.9592 3
 -45.9027   12.1380 2
  99.0000   99.0000 3
9999 9999,GPML,nolabel,none,black,none,1,0
 701  300.0   -inf UN   0   0   0     0
 -45.7808   13.1379 3
 -45.2052   11.9714 2
  99.0000   99.0000 3
9999 9999,GPML,nolabel,none,black,none,1,0
 716  300.0   -inf UN   0   0   0     0
 -47.4052   17.3333 3
 -48.2800   16.6114 2
  99.0000   99.0000 3
9999 9999,GPML,nolabel,none,black,none,1,0
 716  300.0   -inf UN   0   0   0     0
 -48.0834   17.6302 3
 -47.5990   16.3268 2
  99.0000   99.0000 3
9999 9999,GPML,nolabel,none,black,none,1,0
 716  300.0   -inf UN   0   0   0     0
 -49.5445   24.0141 3
 -50.4648   23.4054 2
  99.0000   99.0000 3
9999 9999,GPML,nolabel,none,black,none,1,0
 716  300.0   -inf UN   0   0   0     0
 -50.1983   24.4315 3
 -49.8072   22.9997 2
  99.0000   99.0000 3
9999 9999,GPML,nolabel,none,black,none,1,0
 716  300.0   -inf UN   0   0   0     0
 -51.1917   31.2802 3
 -52.1507   30.8233 2
  99.0000   99.0000 3
9999 9999,GPML,nolabel,none,black,none,1,0
 716  300.0   -inf UN   0   0   0     0
 -51.8105   31.8298 3
 -51.5272   30.2835 2
  99.0000   99.0000 3
9999 9999,GPML,nolabel,none,black,none,1,0
 709  300.0   -inf UN   0   0   0     0
 -51.7711   37.3355 3
 -52.7588   37.0799 2
  99.0000   99.0000 3
9999 9999,GPML,nolabel,none,black,none,1,0
 709  300.0   -inf UN   0   0   0     0
 -52.3404   38.0174 3
 -52.1840   36.4037 2
  99.0000   99.0000 3
9999 9999,GPML,nolabel,none,black,none,1,0
 709  300.0   -inf UN   0   0   0     0
 -52.2269   45.2903 3
 -53.2264   45.2403 2
  99.0000   99.0000 3
9999 9999,GPML,nolabel,none,black,none,1,0
 709  300.0   -inf UN   0   0   0     0
 -52.7388   46.0911 3
 -52.7086   44.4407 2
  99.0000   99.0000 3
9999 9999,GPML,nolabel,none,black,none,1,0
 502 4500.0   -inf UN   0   0   0     0
 -72.7520   23.5835 3
 -72.6192   20.2527 2
  99.0000   99.0000 3
9999 9999,GPML,nolabel,none,black,none,1,0
 502 4500.0   -inf UN   0   0   0     0
 -73.1880   21.6826 3
 -72.1968   22.1293 2
  99.0000   99.0000 3
9999 9999,GPML,nolabel,none,black,none,1,0
 616 4500.0   -inf UN   0   0   0     0
 -34.9233  121.8295 3
 -34.2630  122.7418 2
  99.0000   99.0000 3
9999 9999,GPML,nolabel,none,black,none,1,0
 616 4500.0   -inf UN   0   0   0     0
 -34.2180  121.8881 3
 -34.9689  122.6903 2
  99.0000   99.0000 3
9999 9999,GPML,nolabel,none,black,none,1,0
 615 4500.0   -inf UN   0   0   0     0
 -19.8167  108.9664 3
 -20.1595  109.9661 2
  99.0000   99.0000 3
9999 9999,GPML,nolabel,none,black,none,1,0
 615 4500.0   -inf UN   0   0   0     0
 -19.5190  109.6475 3
 -20.4584  109.2827 2
  99.0000   99.0000 3
9999 9999,GPML,nolabel,none,black,none,1,0
 621 4500.0   -inf UN   0   0   0     0
  -5.5111  106.9929 3
  -6.1811  107.7391 2
  99.0000   99.0000 3
9999 9999,GPML,nolabel,none,black,none,1,0
 621 4500.0   -inf UN   0   0   0     0
  -5.4749  107.7023 3
  -6.2172  107.0287 2
  99.0000   99.0000 3
9999 9999,GPML,nolabel,none,black,none,1,0
 204 4500.0   -inf UN   0   0   0     0
 -15.1902  -54.3761 3
 -15.2990  -55.4064 2
  99.0000   99.0000 3
9999 9999,GPML,nolabel,none,black,none,1,0
 204 4500.0   -inf UN   0   0   0     0
 -15.7422  -54.8345 3
 -14.7481  -54.9473 2
  99.0000   99.0000 3
9999 9999,GPML,nolabel,none,black,none,1,0
 203  300.0   -inf UN   0   0   0     0
  -7.5584  -41.8558 3
  -8.4099  -42.3852 2
  99.0000   99.0000 3
9999 9999,GPML,nolabel,none,black,none,1,0
 203  300.0   -inf UN   0   0   0     0
  -8.2461  -41.6900 3
  -7.7218  -42.5498 2
  99.0000   99.0000 3
9999 9999,GPML,nolabel,none,black,none,1,0
 203  300.0   -inf UN   0   0   0     0
 -10.0769  -37.5828 3
 -10.9424  -38.0923 2
  99.0000   99.0000 3
9999 9999,GPML,nolabel,none,black,none,1,0
 203  300.0   -inf UN   0   0   0     0
 -10.7598  -37.3967 3
 -10.2589  -38.2769 2
  99.0000   99.0000 3
9999 9999,GPML,nolabel,none,black,none,1,0
 201  300.0   -inf UN   0   0   0     0
 -11.6079  -31.8852 3
 -12.5073  -32.3322 2
  99.0000   99.0000 3
9999 9999,GPML,nolabel,none,black,none,1,0
 201  300.0   -inf UN   0   0   0     0
 -12.2758  -31.6481 3
 -11.8387  -32.5677 2
  99.0000   99.0000 3
9999 9999,GPML,nolabel,none,black,none,1,0
 201  300.0   -inf UN   0   0   0     0
 -13.6805  -27.3160 3
 -14.5939  -27.7357 2
  99.0000   99.0000 3
9999 9999,GPML,nolabel,none,black,none,1,0
 201  300.0   -inf UN   0   0   0     0
 -14.3402  -27.0540 3
 -13.9332  -27.9961 2
  99.0000   99.0000 3
9999 9999,GPML,nolabel,none,black,none,1,0
 714  300.0   -inf UN   0   0   0     0
 -18.0448  -19.3588 3
 -18.6308  -20.2125 2
  99.0000   99.0000 3
9999 9999,GPML,nolabel,none,black,none,1,0
 714  300.0   -inf UN   0   0   0     0
 -18.7431  -19.4754 3
 -17.9329  -20.0928 2
  99.0000   99.0000 3
9999 9999,GPML,nolabel,none,black,none,1,0
 714  300.0   -inf UN   0   0   0     0
 -21.9717  -16.2102 3
 -22.5852  -17.0636 2
  99.0000   99.0000 3
9999 9999,GPML,nolabel,none,black,none,1,0
 714  300.0   -inf UN   0   0   0     0
 -22.6735  -16.3035 3
 -21.8838  -16.9664 2
  99.0000   99.0000 3
9999 9999,GPML,nolabel,none,black,none,1,0
 714  300.0   -inf UN   0   0   0     0
 -25.7857  -12.8166 3
 -26.4298  -13.6684 2
  99.0000   99.0000 3
9999 9999,GPML,nolabel,none,black,none,1,0
 714  300.0   -inf UN   0   0   0     0
 -26.4903  -12.8814 3
 -25.7254  -13.5988 2
  99.0000   99.0000 3
9999 9999,GPML,nolabel,none,black,none,1,0
 714  300.0   -inf UN   0   0   0     0
 -29.4634   -9.1332 3
 -30.1416   -9.9801 2
  99.0000   99.0000 3
9999 9999,GPML,nolabel,none,black,none,1,0
 714  300.0   -inf UN   0   0   0     0
 -30.1700   -9.1629 3
 -29.4351   -9.9445 2
  99.0000   99.0000 3
9999 9999,GPML,nolabel,none,black,none,1,0
 714  300.0   -inf UN   0   0   0     0
 -36.4945   -9.4367 3
 -37.1787  -10.3479 2
  99.0000   99.0000 3
9999 9999,GPML,nolabel,none,black,none,1,0
 714  300.0   -inf UN   0   0   0     0
 -37.2014   -9.4608 3
 -36.4721  -10.3157 2
  99.0000   99.0000 3
9999 9999,GPML,nolabel,none,black,none,1,0
 701  300.0   -inf UN   0   0   0     0
 -38.6686   -6.3124 3
 -39.3085   -7.3010 2
  99.0000   99.0000 3
9999 9999,GPML,nolabel,none,black,none,1,0
 701  300.0   -inf UN   0   0   0     0
 -39.3731   -6.3906 3
 -38.6047   -7.2139 2
  99.0000   99.0000 3
9999 9999,GPML,nolabel,none,black,none,1,0
 701  300.0   -inf UN   0   0   0     0
 -42.3837   -1.9525 3
 -43.0667   -2.9468 2
  99.0000   99.0000 3
9999 9999,GPML,nolabel,none,black,none,1,0
 701  300.0   -inf UN   0   0   0     0
 -43.0905   -1.9793 3
 -42.3601   -2.9090 2
  99.0000   99.0000 3
9999 9999,GPML,nolabel,none,black,none,1,0
 701  300.0   -inf UN   0   0   0     0
 -45.8829    2.9824 3
 -46.6139    1.9957 2
  99.0000   99.0000 3
9999 9999,GPML,nolabel,none,black,none,1,0
 701  300.0   -inf UN   0   0   0     0
 -46.5894    3.0242 3
 -45.9071    1.9670 2
  99.0000   99.0000 3
9999 9999,GPML,nolabel,none,black,none,1,0
 701  300.0   -inf UN   0   0   0     0
 -49.1092    8.5959 3
 -49.8928    7.6392 2
  99.0000   99.0000 3
9999 9999,GPML,nolabel,none,black,none,1,0
 701  300.0   -inf UN   0   0   0     0
 -49.8110    8.7285 3
 -49.1898    7.5219 2
  99.0000   99.0000 3
9999 9999,GPML,nolabel,none,black,none,1,0
 701  300.0   -inf UN   0   0   0     0
 -51.9920   14.9867 3
 -52.8308   14.0941 2
  99.0000   99.0000 3
9999 9999,GPML,nolabel,none,black,none,1,0
 701  300.0   -inf UN   0   0   0     0
 -52.6824   15.2365 3
 -52.1381   13.8613 2
  99.0000   99.0000 3
9999 9999,GPML,nolabel,none,black,none,1,0
 712  300.0   -inf UN   0   0   0     0
 -54.0938   20.6356 3
 -54.9953   19.8893 2
  99.0000   99.0000 3
9999 9999,GPML,nolabel,none,black,none,1,0
 712  300.0   -inf UN   0   0   0     0
 -54.7590   21.0477 3
 -54.3263   19.4937 2
  99.0000   99.0000 3
9999 9999,GPML,nolabel,none,black,none,1,0
 709  300.0   -inf UN   0   0   0     0
 -55.5059   27.2588 3
 -56.4572   26.7079 2
  99.0000   99.0000 3
9999 9999,GPML,nolabel,none,black,none,1,0
 709  300.0   -inf UN   0   0   0     0
 -56.1330   27.8403 3
 -55.8249   26.1399 2
  99.0000   99.0000 3
9999 9999,GPML,nolabel,none,black,none,1,0
 709  300.0   -inf UN   0   0   0     0
 -56.7032   35.9281 3
 -57.6874   35.6018 2
  99.0000   99.0000 3
9999 9999,GPML,nolabel,none,black,none,1,0
 709  300.0   -inf UN   0   0   0     0
 -57.2805   36.6776 3
 -57.1038   34.8610 2
  99.0000   99.0000 3
9999 9999,GPML,nolabel,none,black,none,1,0
 616 4500.0   -inf UN   0   0   0     0
 -35.1156  130.4197 3
 -34.4017  131.2722 2
  99.0000   99.0000 3
9999 9999,GPML,nolabel,none,black,none,1,0
 616 4500.0   -inf UN   0   0   0     0
 -34.4085  130.4152 3
 -35.1087  131.2841 2
  99.0000   99.0000 3
9999 9999,GPML,nolabel,none,black,none,1,0
 616 4500.0   -inf UN   0   0   0     0
 -31.5578  126.2522 3
 -30.8667  127.0974 2
  99.0000   99.0000 3
9999 9999,GPML,nolabel,none,black,none,1,0
 616 4500.0   -inf UN   0   0   0     0
 -30.8509  126.2739 3
 -31.5737  127.0819 2
  99.0000   99.0000 3
9999 9999,GPML,nolabel,none,black,none,1,0
 619 4500.0   -inf UN   0   0   0     0
 -28.8577  122.0463 3
 -28.1664  122.8686 2
  99.0000   99.0000 3
9999 9999,GPML,nolabel,none,black,none,1,0
 619 4500.0   -inf UN   0   0   0     0
 -28.1508  122.0668 3
 -28.8734  122.8535 2
  99.0000   99.0000 3
9999 9999,GPML,nolabel,none,black,none,1,0
 621 4500.0   -inf UN   0   0   0     0
 -12.5380  107.3438 3
 -13.2157  108.0981 2
  99.0000   99.0000 3
9999 9999,GPML,nolabel,none,black,none,1,0
 621 4500.0   -inf UN   0   0   0     0
 -12.5093  108.0675 3
 -13.2446  107.3723 2
  99.0000   99.0000 3
9999 9999,GPML,nolabel,none,black,none,1,0
 203  300.0   -inf UN   0   0   0     0
 -11.8081  -44.5287 3
 -12.6553  -45.0723 2
  99.0000   99.0000 3
9999 9999,GPML,nolabel,none,black,none,1,0
 203  300.0   -inf UN   0   0   0     0
 -12.4971  -44.3662 3
 -11.9659  -45.2331 2
  99.0000   99.0000 3
9999 9999,GPML,nolabel,none,black,none,1,0
 201  300.0   -inf UN   0   0   0     0
 -13.8167  -38.7335 3
 -14.6984  -39.2201 2
  99.0000   99.0000 3
9999 9999,GPML,nolabel,none,black,none,1,0
 201  300.0   -inf UN   0   0   0     0
 -14.4931  -38.5210 3
 -14.0214  -39.4308 2
  99.0000   99.0000 3
9999 9999,GPML,nolabel,none,black,none,1,0
 201  300.0   -inf UN   0   0   0     0
 -16.0968  -34.1540 3
 -16.9918  -34.6192 2
  99.0000   99.0000 3
9999 9999,GPML,nolabel,none,black,none,1,0
 201  300.0   -inf UN   0   0   0     0
 -16.7669  -33.9187 3
 -16.3209  -34.8525 2
  99.0000   99.0000 3
9999 9999,GPML,nolabel,none,black,none,1,0
 201  300.0   -inf UN   0   0   0     0
 -18.2395  -29.4519 3
 -19.1486  -29.8917 2
  99.0000   99.0000 3
9999 9999,GPML,nolabel,none,black,none,1,0
 201  300.0   -inf UN   0   0   0     0
 -18.9018  -29.1908 3
 -18.4852  -30.1506 2
  99.0000   99.0000 3
9999 9999,GPML,nolabel,none,black,none,1,0
 201  300.0   -inf UN   0   0   0     0
 -20.2264  -24.6186 3
 -21.1499  -25.0286 2
  99.0000   99.0000 3
9999 9999,GPML,nolabel,none,black,none,1,0
 201  300.0   -inf UN   0   0   0     0
 -20.8794  -24.3287 3
 -20.4958  -25.3160 2
  99.0000   99.0000 3
9999 9999,GPML,nolabel,none,black,none,1,0
 714  300.0   -inf UN   0   0   0     0
 -28.9533  -17.1739 3
 -29.5698  -18.0764 2
  99.0000   99.0000 3
9999 9999,GPML,nolabel,none,black,none,1,0
 714  300.0   -inf UN   0   0   0     0
 -29.6555  -17.2691 3
 -28.8682  -17.9759 2
  99.0000   99.0000 3
9999 9999,GPML,nolabel,none,black,none,1,0
 701  300.0   -inf UN   0   0   0     0
 -41.7794  -11.4418 3
 -42.3731  -12.5260 2
  99.0000   99.0000 3
9999 9999,GPML,nolabel,none,black,none,1,0
 701  300.0   -inf UN   0   0   0     0
 -42.4792  -11.5789 3
 -41.6745  -12.3788 2
  99.0000   99.0000 3
9999 9999,GPML,nolabel,none,black,none,1,0
 701  300.0   -inf UN   0   0   0     0
 -45.7062   -7.1543 3
 -46.3409   -8.2673 2
  99.0000   99.0000 3
9999 9999,GPML,nolabel,none,black,none,1,0
 701  300.0   -inf UN   0   0   0     0
 -46.4104   -7.2474 3
 -45.6376   -8.1614 2
  99.0000   99.0000 3
9999 9999,GPML,nolabel,none,black,none,1,0
 701  300.0   -inf UN   0   0   0     0
 -49.4462   -2.2306 3
 -50.1287   -3.3627 2
  99.0000   99.0000 3
9999 9999,GPML,nolabel,none,black,none,1,0
 701  300.0   -inf UN   0   0   0     0
 -50.1530   -2.2600 3
 -49.4222   -3.3173 2
  99.0000   99.0000 3
9999 9999,GPML,nolabel,none,black,none,1,0
 701  300.0   -inf UN   0   0   0     0
 -52.9405    3.4819 3
 -53.6780    2.3516 2
  99.0000   99.0000 3
9999 9999,GPML,nolabel,none,black,none,1,0
 701  300.0   -inf UN   0   0   0     0
 -53.6467    3.5437 3
 -52.9714    2.3092 2
  99.0000   99.0000 3
9999 9999,GPML,nolabel,none,black,none,1,0
 712  300.0   -inf UN   0   0   0     0
 -55.8885    8.7067 3
 -56.6993    7.6518 2
  99.0000   99.0000 3
9999 9999,GPML,nolabel,none,black,none,1,0
 712  300.0   -inf UN   0   0   0     0
 -56.5855    8.9210 3
 -56.0002    7.4598 2
  99.0000   99.0000 3
9999 9999,GPML,nolabel,none,black,none,1,0
 712  300.0   -inf UN   0   0   0     0
 -58.5493   16.5349 3
 -59.4225   15.5891 2
  99.0000   99.0000 3
9999 9999,GPML,nolabel,none,black,none,1,0
 712  300.0   -inf UN   0   0   0     0
 -59.2276   16.9214 3
 -58.7404   15.2266 2
  99.0000   99.0000 3
9999 9999,GPML,nolabel,none,black,none,1,0
 709  300.0   -inf UN   0   0   0     0
 -60.2344   24.1953 3
 -61.1702   23.4751 2
  99.0000   99.0000 3
9999 9999,GPML,nolabel,none,black,none,1,0
 709  300.0   -inf UN   0   0   0     0
 -60.8755   24.8019 3
 -60.5233   22.8894 2
  99.0000   99.0000 3
9999 9999,GPML,nolabel,none,black,none,1,0
 616 4500.0   -inf UN   0   0   0     0
 -28.0506  130.3606 3
 -27.3347  131.1491 2
  99.0000   99.0000 3
9999 9999,GPML,nolabel,none,black,none,1,0
 616 4500.0   -inf UN   0   0   0     0
 -27.3436  130.3532 3
 -28.0417  131.1618 2
  99.0000   99.0000 3
9999 9999,GPML,nolabel,none,black,none,1,0
 619 4500.0   -inf UN   0   0   0     0
 -25.3548  126.0557 3
 -24.6413  126.8287 2
  99.0000   99.0000 3
9999 9999,GPML,nolabel,none,black,none,1,0
 619 4500.0   -inf UN   0   0   0     0
 -24.6477  126.0508 3
 -25.3483  126.8382 2
  99.0000   99.0000 3
9999 9999,GPML,nolabel,none,black,none,1,0
 201  300.0   -inf UN   0   0   0     0
 -13.1997  -50.1999 3
 -14.0537  -50.7354 2
  99.0000   99.0000 3
9999 9999,GPML,nolabel,none,black,none,1,0
 201  300.0   -inf UN   0   0   0     0
 -13.8866  -50.0273 3
 -13.3663  -50.9060 2
  99.0000   99.0000 3
9999 9999,GPML,nolabel,none,black,none,1,0
 201  300.0   -inf UN   0   0   0     0
 -15.7549  -45.7609 3
 -16.6191  -46.2849 2
  99.0000   99.0000 3
9999 9999,GPML,nolabel,none,black,none,1,0
 201  300.0   -inf UN   0   0   0     0
 -16.4383  -45.5718 3
 -15.9351  -46.4717 2
  99.0000   99.0000 3
9999 9999,GPML,nolabel,none,black,none,1,0
 201  300.0   -inf UN   0   0   0     0
 -18.2146  -41.2089 3
 -19.0906  -41.7181 2
  99.0000   99.0000 3
9999 9999,GPML,nolabel,none,black,none,1,0
 201  300.0   -inf UN   0   0   0     0
 -18.8934  -41.0000 3
 -18.4110  -41.9245 2
  99.0000   99.0000 3
9999 9999,GPML,nolabel,none,black,none,1,0
 201  300.0   -inf UN   0   0   0     0
 -20.5606  -36.5277 3
 -21.4496  -37.0182 2
  99.0000   99.0000 3
9999 9999,GPML,nolabel,none,black,none,1,0
 201  300.0   -inf UN   0   0   0     0
 -21.2336  -36.2953 3
 -20.7757  -37.2476 2
  99.0000   99.0000 3
9999 9999,GPML,nolabel,none,black,none,1,0
 201  300.0   -inf UN   0   0   0     0
 -22.7736  -31.7029 3
 -23.6767  -32.1702 2
  99.0000   99.0000 3
9999 9999,GPML,nolabel,none,black,none,1,0
 201  300.0   -inf UN   0   0   0     0
 -23.4393  -31.4436 3
 -23.0099  -32.4263 2
  99.0000   99.0000 3
9999 9999,GPML,nolabel,none,black,none,1,0
 201  300.0   -inf UN   0   0   0     0
 -24.8335  -26.7229 3
 -25.7514  -27.1617 2
  99.0000   99.0000 3
9999 9999,GPML,nolabel,none,black,none,1,0
 201  300.0   -inf UN   0   0   0     0
 -25.4901  -26.4330 3
 -25.0933  -27.4483 2
  99.0000   99.0000 3
9999 9999,GPML,nolabel,none,black,none,1,0
 201  300.0   -inf UN   0   0   0     0
 -26.7195  -21.5800 3
 -27.6525  -21.9847 2
  99.0000   99.0000 3
9999 9999,GPML,nolabel,none,black,none,1,0
 201  300.0   -inf UN   0   0   0     0
 -27.3651  -21.2562 3
 -27.0052  -22.3051 2
  99.0000   99.0000 3
9999 9999,GPML,nolabel,none,black,none,1,0
 201  300.0   -inf UN   0   0   0     0
 -28.4106  -16.2716 3
 -29.3584  -16.6357 2
  99.0000   99.0000 3
9999 9999,GPML,nolabel,none,black,none,1,0
 201  300.0   -inf UN   0   0   0     0
 -29.0429  -15.9108 3
 -28.7241  -16.9933 2
  99.0000   99.0000 3
9999 9999,GPML,nolabel,none,black,none,1,0
 802 4500.0   -inf UN   0   0   0     0
 -84.5838 -133.3043 3
 -84.0418 -141.8031 2
  99.0000   99.0000 3
9999 9999,GPML,nolabel,none,black,none,1,0
 802 4500.0   -inf UN   0   0   0     0
 -84.7411 -140.7221 3
 -83.9025 -135.1967 2
  99.0000   99.0000 3
9999 9999,GPML,nolabel,none,black,none,1,0
 802 4500.0   -inf UN   0   0   0     0
 -84.6667  -77.8022 3
 -85.0370  -88.1753 2
  99.0000   99.0000 3
9999 9999,GPML,nolabel,none,black,none,1,0
 802 4500.0   -inf UN   0   0   0     0
 -85.3332  -80.5162 3
 -84.4056  -84.7095 2
  99.0000   99.0000 3
9999 9999,GPML,nolabel,none,black,none,1,0
 802 4500.0   -inf UN   0   0   0     0
 -85.0993  -75.4920 3
 -85.4166  -86.9892 2
  99.0000   99.0000 3
9999 9999,GPML,nolabel,none,black,none,1,0
 802 4500.0   -inf UN   0   0   0     0
 -85.7526  -78.8945 3
 -84.8053  -82.8091 2
  99.0000   99.0000 3
9999 9999,GPML,nolabel,none,black,none,1,0
 802 4500.0   -inf UN   0   0   0     0
 -85.5412  -73.2185 3
 -85.8020  -86.0421 2
  99.0000   99.0000 3
9999 9999,GPML,nolabel,none,black,none,1,0
 802 4500.0   -inf UN   0   0   0     0
 -86.1788  -77.4661 3
 -85.2143  -81.0100 2
  99.0000   99.0000 3
9999 9999,GPML,nolabel,none,black,none,1,0
 802 4500.0   -inf UN   0   0   0     0
 -85.9913  -70.9944 3
 -86.1917  -85.4103 2
  99.0000   99.0000 3
9999 9999,GPML,nolabel,none,black,none,1,0
 802 4500.0   -inf UN   0   0   0     0
 -86.6105  -76.3076 3
 -85.6314  -79.3429 2
  99.0000   99.0000 3
9999 9999,GPML,nolabel,none,black,none,1,0
 802 4500.0   -inf UN   0   0   0     0
 -86.4490  -68.8393 3
 -86.5837  -85.2051 2
  99.0000   99.0000 3
9999 9999,GPML,nolabel,none,black,none,1,0
 802 4500.0   -inf UN   0   0   0     0
 -87.0463  -75.5410 3
 -86.0558  -77.8526 2
  99.0000   99.0000 3
9999 9999,GPML,nolabel,none,black,none,1,0
 802 4500.0   -inf UN   0   0   0     0
 -86.9131  -66.7851 3
 -86.9753  -85.5931 2
  99.0000   99.0000 3
9999 9999,GPML,nolabel,none,black,none,1,0
 802 4500.0   -inf UN   0   0   0     0
 -87.4840  -75.3739 3
 -86.4861  -76.6066 2
  99.0000   99.0000 3
9999 9999,GPML,nolabel,none,black,none,1,0
 802 4500.0   -inf UN   0   0   0     0
 -87.3829  -64.8869 3
 -87.3627  -86.8332 2
  99.0000   99.0000 3
9999 9999,GPML,nolabel,none,black,none,1,0
 802 4500.0   -inf UN   0   0   0     0
 -87.9206  -76.1849 3
 -86.9208  -75.7111 2
  99.0000   99.0000 3
9999 9999,GPML,nolabel,none,black,none,1,0
 802 4500.0   -inf UN   0   0   0     0
 -87.8572  -63.2498 3
 -87.7401  -89.3390 2
  99.0000   99.0000 3
9999 9999,GPML,nolabel,none,black,none,1,0
 802 4500.0   -inf UN   0   0   0     0
 -88.3506  -78.7344 3
 -87.3583  -75.3430 2
  99.0000   99.0000 3
9999 9999,GPML,nolabel,none,black,none,1,0
 802 4500.0   -inf UN   0   0   0     0
 -88.3348  -62.1002 3
 -88.0978  -93.7842 2
  99.0000   99.0000 3
9999 9999,GPML,nolabel,none,black,none,1,0
 802 4500.0   -inf UN   0   0   0     0
 -88.7622  -84.7300 3
 -87.7956  -75.8183 2
  99.0000   99.0000 3
9999 9999,GPML,nolabel,none,black,none,1,0
 802 4500.0   -inf UN   0   0   0     0
 -88.8139  -62.0315 3
 -88.4189 -101.2326 2
  99.0000   99.0000 3
9999 9999,GPML,nolabel,none,black,none,1,0
 802 4500.0   -inf UN   0   0   0     0
 -89.1235  -98.3620 3
 -88.2284  -77.7525 2
  99.0000   99.0000 3
9999 9999,GPML,nolabel,none,black,none,1,0
 802 4500.0   -inf UN   0   0   0     0
 -89.2902  -65.2281 3
 -88.6731 -113.0678 2
  99.0000   99.0000 3
9999 9999,GPML,nolabel,none,black,none,1,0
 802 4500.0   -inf UN   0   0   0     0
 -89.3411 -127.3179 3
 -88.6471  -82.4833 2
  99.0000   99.0000 3
9999 9999,GPML,nolabel,none,black,none,1,0
 802 4500.0   -inf UN   0   0   0     0
 -89.7346  -89.0275 3
 -88.8143 -129.8435 2
  99.0000   99.0000 3
9999 9999,GPML,nolabel,none,black,none,1,0
 802 4500.0   -inf UN   0   0   0     0
 -89.2703 -163.6277 3
 -89.0285  -93.2445 2
  99.0000   99.0000 3
9999 9999,GPML,nolabel,none,black,none,1,0
 802 4500.0   -inf UN   0   0   0     0
 -89.6681  164.7833 3
 -88.8007 -148.7641 2
  99.0000   99.0000 3
9999 9999,GPML,nolabel,none,black,none,1,0
 802 4500.0   -inf UN   0   0   0     0
 -88.9692  175.2536 3
 -89.3030 -117.1727 2
  99.0000   99.0000 3
9999 9999,GPML,nolabel,none,black,none,1,0
 802 4500.0   -inf UN   0   0   0     0
 -89.2109  148.6978 3
 -88.6370 -164.7891 2
  99.0000   99.0000 3
9999 9999,GPML,nolabel,none,black,none,1,0
 802 4500.0   -inf UN   0   0   0     0
 -88.5786  165.8790 3
 -89.3218 -154.2739 2
  99.0000   99.0000 3
9999 9999,GPML,nolabel,none,black,none,1,0
 802 4500.0   -inf UN   0   0   0     0
 -88.7335  146.3991 3
 -88.3687 -175.7997 2
  99.0000   99.0000 3
9999 9999,GPML,nolabel,none,black,none,1,0
 802 4500.0   -inf UN   0   0   0     0
 -88.1564  161.7675 3
 -89.0692  179.7122 2
  99.0000   99.0000 3
9999 9999,GPML,nolabel,none,black,none,1,0
 802 4500.0   -inf UN   0   0   0     0
 -88.2545  146.7257 3
 -88.0398  177.3481 2
  99.0000   99.0000 3
9999 9999,GPML,nolabel,none,black,none,1,0
 802 4500.0   -inf UN   0   0   0     0
 -87.7225  160.1431 3
 -88.6954  167.8383 2
  99.0000   99.0000 3
9999 9999,GPML,nolabel,none,black,none,1,0
 802 4500.0   -inf UN   0   0   0     0
 -87.7774  147.9829 3
 -87.6779  173.2901 2
  99.0000   99.0000 3
9999 9999,GPML,nolabel,none,black,none,1,0
 802 4500.0   -inf UN   0   0   0     0
 -87.2848  159.8409 3
 -88.2794  162.6156 2
  99.0000   99.0000 3
9999 9999,GPML,nolabel,none,black,none,1,0
 802 4500.0   -inf UN   0   0   0     0
 -87.3037  149.6748 3
 -87.2983  171.0347 2
  99.0000   99.0000 3
9999 9999,GPML,nolabel,none,black,none,1,0
 802 4500.0   -inf UN   0   0   0     0
 -86.8477  160.3144 3
 -87.8477  160.4395 2
  99.0000   99.0000 3
9999 9999,GPML,nolabel,none,black,none,1,0
 802 4500.0   -inf UN   0   0   0     0
 -86.8349  151.6046 3
 -86.9098  169.9611 2
  99.0000   99.0000 3
9999 9999,GPML,nolabel,none,black,none,1,0
 802 4500.0   -inf UN   0   0   0     0
 -86.4135  161.2785 3
 -87.4106  159.8310 2
  99.0000   99.0000 3
9999 9999,GPML,nolabel,none,black,none,1,0
 802 4500.0   -inf UN   0   0   0     0
 -86.3717  153.6788 3
 -86.5180  169.6874 2
  99.0000   99.0000 3
9999 9999,GPML,nolabel,none,black,none,1,0
 802 4500.0   -inf UN   0   0   0     0
 -85.9842  162.5716 3
 -86.9730  160.1188 2
  99.0000   99.0000 3
9999 9999,GPML,nolabel,none,black,none,1,0
 802 4500.0   -inf UN   0   0   0     0
 -85.9153  155.8472 3
 -86.1262  169.9740 2
  99.0000   99.0000 3
9999 9999,GPML,nolabel,none,black,none,1,0
 802 4500.0   -inf UN   0   0   0     0
 -85.5610  164.0954 3
 -86.5378  160.9625 2
  99.0000   99.0000 3
9999 9999,GPML,nolabel,none,black,none,1,0
 802 4500.0   -inf UN   0   0   0     0
 -85.4664  158.0808 3
 -85.7371  170.6652 2
  99.0000   99.0000 3
9999 9999,GPML,nolabel,none,black,none,1,0
 802 4500.0   -inf UN   0   0   0     0
 -85.1451  165.7874 3
 -86.1069  162.1732 2
  99.0000   99.0000 3
9999 9999,GPML,nolabel,none,black,none,1,0
 802 4500.0   -inf UN   0   0   0     0
 -85.0261  160.3612 3
 -85.3525  171.6570 2
  99.0000   99.0000 3
9999 9999,GPML,nolabel,none,black,none,1,0
 802 4500.0   -inf UN   0   0   0     0
 -84.7376  167.6054 3
 -85.6818  163.6385 2
  99.0000   99.0000 3
9999 9999,GPML,nolabel,none,black,none,1,0
 802 4500.0   -inf UN   0   0   0     0
 -84.5951  162.6766 3
 -84.9740  172.8774 2
  99.0000   99.0000 3
9999 9999,GPML,nolabel,none,black,none,1,0
 802 4500.0   -inf UN   0   0   0     0
 -84.3395  169.5203 3
 -85.2637  165.2872 2
  99.0000   99.0000 3
9999 9999,GPML,nolabel,none,black,none,1,0
 802 4500.0   -inf UN   0   0   0     0
 -84.1743  165.0189 3
 -84.6030  174.2753 2
  99.0000   99.0000 3
9999 9999,GPML,nolabel,none,black,none,1,0
 802 4500.0   -inf UN   0   0   0     0
 -83.9515  171.5114 3
 -84.8537  167.0724 2
  99.0000   99.0000 3
9999 9999,GPML,nolabel,none,black,none,1,0
 802 4500.0   -inf UN   0   0   0     0
 -83.7645  167.3823 3
 -84.2404  175.8138 2
  99.0000   99.0000 3
9999 9999,GPML,nolabel,none,black,none,1,0
 802 4500.0   -inf UN   0   0   0     0
 -83.5747  173.5633 3
 -84.4528  168.9619 2
  99.0000   99.0000 3
9999 9999,GPML,nolabel,none,black,none,1,0
 802 4500.0   -inf UN   0   0   0     0
 -83.3664  169.7627 3
 -83.8873  177.4650 2
  99.0000   99.0000 3
9999 9999,GPML,nolabel,none,black,none,1,0
 802 4500.0   -inf UN   0   0   0     0
 -83.2096  175.6647 3
 -84.0618  170.9329 2
  99.0000   99.0000 3
9999 9999,GPML,nolabel,none,black,none,1,0
 802 4500.0   -inf UN   0   0   0     0
 -82.9809  172.1569 3
 -83.5446  179.2081 2
  99.0000   99.0000 3
9999 9999,GPML,nolabel,none,black,none,1,0
 802 4500.0   -inf UN   0   0   0     0
 -82.8571  177.8068 3
 -83.6817  172.9687 2
  99.0000   99.0000 3
9999 9999,GPML,nolabel,none,black,none,1,0
 802 4500.0   -inf UN   0   0   0     0
 -82.6086  174.5627 3
 -83.2131 -178.9731 2
  99.0000   99.0000 3
9999 9999,GPML,nolabel,none,black,none,1,0
 802 4500.0   -inf UN   0   0   0     0
 -82.5180  179.9827 3
 -83.3132  175.0569 2
  99.0000   99.0000 3
9999 9999,GPML,nolabel,none,black,none,1,0
 802 4500.0   -inf UN   0   0   0     0
 -82.2504  176.9782 3
 -82.8937 -177.0912 2
  99.0000   99.0000 3
9999 9999,GPML,nolabel,none,black,none,1,0
 802 4500.0   -inf UN   0   0   0     0
 -82.1928 -177.8130 3
 -82.9570  177.1881 2
  99.0000   99.0000 3
9999 9999,GPML,nolabel,none,black,none,1,0
 802 4500.0   -inf UN   0   0   0     0
 -81.9069  179.4020 3
 -82.5870 -175.1565 2
  99.0000   99.0000 3
9999 9999,GPML,nolabel,none,black,none,1,0
 802 4500.0   -inf UN   0   0   0     0
 -81.8822 -175.5846 3
 -82.6139  179.3549 2
  99.0000   99.0000 3
9999 9999,GPML,nolabel,none,black,none,1,0
 802 4500.0   -inf UN   0   0   0     0
 -81.5787 -178.1672 3
 -82.2937 -173.1769 2
  99.0000   99.0000 3
9999 9999,GPML,nolabel,none,black,none,1,0
 802 4500.0   -inf UN   0   0   0     0
 -81.5869 -173.3356 3
 -82.2847 -178.4485 2
  99.0000   99.0000 3
9999 9999,GPML,nolabel,none,black,none,1,0
 802 4500.0   -inf UN   0   0   0     0
 -81.2664 -175.7301 3
 -82.0144 -171.1592 2
  99.0000   99.0000 3
9999 9999,GPML,nolabel,none,black,none,1,0
 802 4500.0   -inf UN   0   0   0     0
 -81.3074 -171.0691 3
 -81.9698 -176.2267 2
  99.0000   99.0000 3
9999 9999,GPML,nolabel,none,black,none,1,0
 802 4500.0   -inf UN   0   0   0     0
 -80.9708 -173.2877 3
 -81.7498 -169.1088 2
  99.0000   99.0000 3
9999 9999,GPML,nolabel,none,black,none,1,0
 802 4500.0   -inf UN   0   0   0     0
 -81.0443 -168.7873 3
 -81.6701 -173.9833 2
  99.0000   99.0000 3
9999 9999,GPML,nolabel,none,black,none,1,0
 802 4500.0   -inf UN   0   0   0     0
 -80.6923 -170.8406 3
 -81.5004 -167.0303 2
  99.0000   99.0000 3
9999 9999,GPML,nolabel,none,black,none,1,0
 802 4500.0   -inf UN   0   0   0     0
 -80.7982 -166.4924 3
 -81.3860 -171.7215 2
  99.0000   99.0000 3
9999 9999,GPML,nolabel,none,black,none,1,0
 802 4500.0   -inf UN   0   0   0     0
 -80.4315 -168.3892 3
 -81.2668 -164.9275 2
  99.0000   99.0000 3
9999 9999,GPML,nolabel,none,black,none,1,0
 802 4500.0   -inf UN   0   0   0     0
 -80.5694 -164.1861 3
 -81.1182 -169.4439 2
  99.0000   99.0000 3
9999 9999,GPML,nolabel,none,black,none,1,0
 802 4500.0   -inf UN   0   0   0     0
 -80.1890 -165.9343 3
 -81.0493 -162.8038 2
  99.0000   99.0000 3
9999 9999,GPML,nolabel,none,black,none,1,0
 802 4500.0   -inf UN   0   0   0     0
 -80.3584 -161.8699 3
 -80.8671 -167.1525 2
  99.0000   99.0000 3
9999 9999,GPML,nolabel,none,black,none,1,0
 802 4500.0   -inf UN   0   0   0     0
 -79.9650 -163.4760 3
 -80.8485 -160.6620 2
  99.0000   99.0000 3
9999 9999,GPML,nolabel,none,black,none,1,0
 802 4500.0   -inf UN   0   0   0     0
 -80.1658 -159.5452 3
 -80.6333 -164.8493 2
  99.0000   99.0000 3
9999 9999,GPML,nolabel,none,black,none,1,0
 802 4500.0   -inf UN   0   0   0     0
 -79.7602 -161.0149 3
 -80.6648 -158.5045 2
  99.0000   99.0000 3
9999 9999,GPML,nolabel,none,black,none,1,0
 802 4500.0   -inf UN   0   0   0     0
 -79.9918 -157.2131 3
 -80.4172 -162.5358 2
  99.0000   99.0000 3
9999 9999,GPML,nolabel,none,black,none,1,0
 802 4500.0   -inf UN   0   0   0     0
 -79.5750 -158.5513 3
 -80.4986 -156.3336 2
  99.0000   99.0000 3
9999 9999,GPML,nolabel,none,black,none,1,0
 802 4500.0   -inf UN   0   0   0     0
 -79.8367 -154.8748 3
 -80.2192 -160.2135 2
  99.0000   99.0000 3
9999 9999,GPML,nolabel,none,black,none,1,0
 802 4500.0   -inf UN   0   0   0     0
 -79.4095 -156.0855 3
 -80.3501 -154.1513 2
  99.0000   99.0000 3
9999 9999,GPML,nolabel,none,black,none,1,0
 802 4500.0   -inf UN   0   0   0     0
 -79.7010 -152.5311 3
 -80.0398 -157.8834 2
  99.0000   99.0000 3
9999 9999,GPML,nolabel,none,black,none,1,0
 802 4500.0   -inf UN   0   0   0     0
 -79.2643 -153.6179 3
 -80.2198 -151.9591 2
  99.0000   99.0000 3
9999 9999,GPML,nolabel,none,black,none,1,0
 802 4500.0   -inf UN   0   0   0     0
 -79.5848 -150.1829 3
 -79.8793 -155.5468 2
  99.0000   99.0000 3
9999 9999,GPML,nolabel,none,black,none,1,0
 802 4500.0   -inf UN   0   0   0     0
 -79.1395 -151.1486 3
 -80.1078 -149.7588 2
  99.0000   99.0000 3
9999 9999,GPML,nolabel,none,black,none,1,0
 802 4500.0   -inf UN   0   0   0     0
 -79.4884 -147.8310 3
 -79.7380 -153.2045 2
  99.0000   99.0000 3
9999 9999,GPML,nolabel,none,black,none,1,0
 802 4500.0   -inf UN   0   0   0     0
 -79.0355 -148.6780 3
 -80.0144 -147.5517 2
  99.0000   99.0000 3
9999 9999,GPML,nolabel,none,black,none,1,0
 802 4500.0   -inf UN   0   0   0     0
 -79.4120 -145.4762 3
 -79.6162 -150.8575 2
  99.0000   99.0000 3
9999 9999,GPML,nolabel,none,black,none,1,0
 802 4500.0   -inf UN   0   0   0     0
 -78.9524 -146.2064 3
 -79.9397 -145.3393 2
  99.0000   99.0000 3
9999 9999,GPML,nolabel,none,black,none,1,0
 802 4500.0   -inf UN   0   0   0     0
 -79.3558 -143.1192 3
 -79.5141 -148.5066 2
  99.0000   99.0000 3
9999 9999,GPML,nolabel,none,black,none,1,0
 802 4500.0   -inf UN   0   0   0     0
 -78.8904 -143.7339 3
 -79.8840 -143.1229 2
  99.0000   99.0000 3
9999 9999,GPML,nolabel,none,black,none,1,0
 802 4500.0   -inf UN   0   0   0     0
 -79.3197 -140.7607 3
 -79.4319 -146.1525 2
  99.0000   99.0000 3
9999 9999,GPML,nolabel,none,black,none,1,0
 802 4500.0   -inf UN   0   0   0     0
 -78.8495 -141.2608 3
 -79.8474 -140.9036 2
  99.0000   99.0000 3
9999 9999,GPML,nolabel,none,black,none,1,0
 802 4500.0   -inf UN   0   0   0     0
 -79.3040 -138.4013 3
 -79.3698 -143.7961 2
  99.0000   99.0000 3
9999 9999,GPML,nolabel,none,black,none,1,0
 802 4500.0   -inf UN   0   0   0     0
 -78.8300 -138.7874 3
 -79.8298 -138.6826 2
  99.0000   99.0000 3
9999 9999,GPML,nolabel,none,black,none,1,0
 802 4500.0   -inf UN   0   0   0     0
 -79.3086 -136.0418 3
 -79.3280 -141.4379 2
  99.0000   99.0000 3
9999 9999,GPML,nolabel,none,black,none,1,0
 802 4500.0   -inf UN   0   0   0     0
 -78.8318 -136.3139 3
 -79.8314 -136.4613 2
  99.0000   99.0000 3
9999 9999,GPML,nolabel,none,black,none,1,0
 802 4500.0   -inf UN   0   0   0     0
 -79.3336 -133.6828 3
 -79.3064 -139.0788 2
  99.0000   99.0000 3
9999 9999,GPML,nolabel,none,black,none,1,0
 802 4500.0   -inf UN   0   0   0     0
 -78.8549 -133.8405 3
 -79.8522 -134.2405 2
  99.0000   99.0000 3
9999 9999,GPML,nolabel,none,black,none,1,0
 802 4500.0   -inf UN   0   0   0     0
 -79.3788 -131.3248 3
 -79.3052 -136.7192 2
  99.0000   99.0000 3
9999 9999,GPML,nolabel,none,black,none,1,0
 802 4500.0   -inf UN   0   0   0     0
 -78.8993 -131.3675 3
 -79.8920 -132.0216 2
  99.0000   99.0000 3
9999 9999,GPML,nolabel,none,black,none,1,0
 802 4500.0   -inf UN   0   0   0     0
 -79.4443 -128.9687 3
 -79.3243 -134.3599 2
  99.0000   99.0000 3
9999 9999,GPML,nolabel,none,black,none,1,0
 802 4500.0   -inf UN   0   0   0     0
 -78.9649 -128.8952 3
 -79.9509 -129.8057 2
  99.0000   99.0000 3
9999 9999,GPML,nolabel,none,black,none,1,0
 802 4500.0   -inf UN   0   0   0     0
 -79.5298 -126.6152 3
 -79.3638 -132.0016 2
  99.0000   99.0000 3
9999 9999,GPML,nolabel,none,black,none,1,0
 802 4500.0   -inf UN   0   0   0     0
 -79.0515 -126.4237 3
 -80.0287 -127.5942 2
  99.0000   99.0000 3
9999 9999,GPML,nolabel,none,black,none,1,0
 802 4500.0   -inf UN   0   0   0     0
 -79.6352 -124.2649 3
 -79.4234 -129.6450 2
  99.0000   99.0000 3
9999 9999,GPML,nolabel,none,black,none,1,0
 802 4500.0   -inf UN   0   0   0     0
 -79.1590 -123.9533 3
 -80.1252 -125.3881 2
  99.0000   99.0000 3
9999 9999,GPML,nolabel,none,black,none,1,0
 802 4500.0   -inf UN   0   0   0     0
 -79.7603 -121.9186 3
 -79.5032 -127.2906 2
  99.0000   99.0000 3
9999 9999,GPML,nolabel,none,black,none,1,0
 802 4500.0   -inf UN   0   0   0     0
 -79.2872 -121.4843 3
 -80.2403 -123.1891 2
  99.0000   99.0000 3
9999 9999,GPML,nolabel,none,black,none,1,0
 802 4500.0   -inf UN   0   0   0     0
 -79.9049 -119.5772 3
 -79.6029 -124.9393 2
  99.0000   99.0000 3
9999 9999,GPML,nolabel,none,black,none,1,0
 802 4500.0   -inf UN   0   0   0     0
 -79.4359 -119.0169 3
 -80.3738 -120.9984 2
  99.0000   99.0000 3
9999 9999,GPML,nolabel,none,black,none,1,0
 802 4500.0   -inf UN   0   0   0     0
 -80.0686 -117.2416 3
 -79.7224 -122.5918 2
  99.0000   99.0000 3
9999 9999,GPML,nolabel,none,black,none,1,0
 802 4500.0   -inf UN   0   0   0     0
 -79.6046 -116.5515 3
 -80.5252 -118.8179 2
  99.0000   99.0000 3
9999 9999,GPML,nolabel,none,black,none,1,0
 802 4500.0   -inf UN   0   0   0     0
 -80.2511 -114.9128 3
 -79.8614 -120.2489 2
  99.0000   99.0000 3
9999 9999,GPML,nolabel,none,black,none,1,0
 802 4500.0   -inf UN   0   0   0     0
 -79.7932 -114.0883 3
 -80.6944 -116.6491 2
  99.0000   99.0000 3
9999 9999,GPML,nolabel,none,black,none,1,0
 802 4500.0   -inf UN   0   0   0     0
 -80.4521 -112.5918 3
 -80.0196 -117.9116 2
  99.0000   99.0000 3
9999 9999,GPML,nolabel,none,black,none,1,0
 802 4500.0   -inf UN   0   0   0     0
 -80.0013 -111.6277 3
 -80.8810 -114.4941 2
  99.0000   99.0000 3
9999 9999,GPML,nolabel,none,black,none,1,0
 802 4500.0   -inf UN   0   0   0     0
 -80.6712 -110.2799 3
 -80.1968 -115.5807 2
  99.0000   99.0000 3
9999 9999,GPML,nolabel,none,black,none,1,0
 802 4500.0   -inf UN   0   0   0     0
 -80.2283 -109.1700 3
 -81.0846 -112.3551 2
  99.0000   99.0000 3
9999 9999,GPML,nolabel,none,black,none,1,0
 802 4500.0   -inf UN   0   0   0     0
 -80.9080 -107.9786 3
 -80.3925 -113.2573 2
  99.0000   99.0000 3
9999 9999,GPML,nolabel,none,black,none,1,0
 802 4500.0   -inf UN   0   0   0     0
 -80.4740 -106.7156 3
 -81.3048 -110.2347 2
  99.0000   99.0000 3
9999 9999,GPML,nolabel,none,black,none,1,0
 802 4500.0   -inf UN   0   0   0     0
 -81.1619 -105.6894 3
 -80.6065 -110.9427 2
  99.0000   99.0000 3
9999 9999,GPML,nolabel,none,black,none,1,0
 802 4500.0   -inf UN   0   0   0     0
 -80.7378 -104.2649 3
 -81.5411 -108.1358 2
  99.0000   99.0000 3
9999 9999,GPML,nolabel,none,black,none,1,0
 802 4500.0   -inf UN   0   0   0     0
 -81.4325 -103.4143 3
 -80.8382 -108.6382 2
  99.0000   99.0000 3
9999 9999,GPML,nolabel,none,black,none,1,0
 802 4500.0   -inf UN   0   0   0     0
 -81.0192 -101.8185 3
 -81.7931 -106.0617 2
  99.0000   99.0000 3
9999 9999,GPML,nolabel,none,black,none,1,0
 802 4500.0   -inf UN   0   0   0     0
 -81.7192 -101.1554 3
 -81.0873 -106.3453 2
  99.0000   99.0000 3
9999 9999,GPML,nolabel,none,black,none,1,0
 802 4500.0   -inf UN   0   0   0     0
 -81.3176  -99.3769 3
 -82.0602 -104.0164 2
  99.0000   99.0000 3
9999 9999,GPML,nolabel,none,black,none,1,0
 802 4500.0   -inf UN   0   0   0     0
 -82.0216  -98.9154 3
 -81.3531 -104.0660 2
  99.0000   99.0000 3
9999 9999,GPML,nolabel,none,black,none,1,0
 802 4500.0   -inf UN   0   0   0     0
 -81.6326  -96.9408 3
 -82.3418 -102.0047 2
  99.0000   99.0000 3
9999 9999,GPML,nolabel,none,black,none,1,0
 802 4500.0   -inf UN   0   0   0     0
 -82.3389  -96.6975 3
 -81.6353 -101.8021 2
  99.0000   99.0000 3
9999 9999,GPML,nolabel,none,black,none,1,0
 802 4500.0   -inf UN   0   0   0     0
 -81.9634  -94.5111 3
 -82.6374 -100.0321 2
  99.0000   99.0000 3
9999 9999,GPML,nolabel,none,black,none,1,0
 802 4500.0   -inf UN   0   0   0     0
 -82.6705  -94.5055 3
 -81.9332  -99.5564 2
  99.0000   99.0000 3
9999 9999,GPML,nolabel,none,black,none,1,0
 802 4500.0   -inf UN   0   0   0     0
 -82.3095  -92.0886 3
 -82.9463  -98.1056 2
  99.0000   99.0000 3
9999 9999,GPML,nolabel,none,black,none,1,0
 802 4500.0   -inf UN   0   0   0     0
 -83.0158  -92.3443 3
 -82.2463  -97.3318 2
  99.0000   99.0000 3
9999 9999,GPML,nolabel,none,black,none,1,0
 802 4500.0   -inf UN   0   0   0     0
 -82.6701  -89.6746 3
 -83.2678  -96.2336 2
  99.0000   99.0000 3
9999 9999,GPML,nolabel,none,black,none,1,0
 802 4500.0   -inf UN   0   0   0     0
 -83.3741  -90.2197 3
 -82.5738  -95.1319 2
  99.0000   99.0000 3
9999 9999,GPML,nolabel,none,black,none,1,0
 802 4500.0   -inf UN   0   0   0     0
 -83.0446  -87.2706 3
 -83.6012  -94.4265 2
  99.0000   99.0000 3
9999 9999,GPML,nolabel,none,black,none,1,0
 802 4500.0   -inf UN   0   0   0     0
 -83.7446  -88.1396 3
 -82.9153  -92.9613 2
  99.0000   99.0000 3
9999 9999,GPML,nolabel,none,black,none,1,0
 802 4500.0   -inf UN   0   0   0     0
 -83.4323  -84.8785 3
 -83.9457  -92.6975 2
  99.0000   99.0000 3
9999 9999,GPML,nolabel,none,black,none,1,0
 802 4500.0   -inf UN   0   0   0     0
 -84.1266  -86.1137 3
 -83.2699  -90.8255 2
  99.0000   99.0000 3
9999 9999,GPML,nolabel,none,black,none,1,0
 802 4500.0   -inf UN   0   0   0     0
 -83.8324  -82.5008 3
 -84.3005  -91.0636 2
  99.0000   99.0000 3
9999 9999,GPML,nolabel,none,black,none,1,0
 802 4500.0   -inf UN   0   0   0     0
 -84.5193  -84.1551 3
 -83.6370  -88.7317 2
  99.0000   99.0000 3
9999 9999,GPML,nolabel,none,black,none,1,0
 802 4500.0   -inf UN   0   0   0     0
 -84.2441  -80.1406 3
 -84.6646  -89.5465 2
  99.0000   99.0000 3
9999 9999,GPML,nolabel,none,black,none,1,0
 802 4500.0   -inf UN   0   0   0     0
 -84.9218  -82.2812 3
 -84.0158  -86.6891 2
  99.0000   99.0000 3
9999 9999,GPML,nolabel,none,black,none,1,0
 802 4500.0   -inf UN   0   0   0     0
 -84.6667  -77.8024 3
 -85.0370  -88.1754 2
  99.0000   99.0000 3
9999 9999,GPML,nolabel,none,black,none,1,0
 802 4500.0   -inf UN   0   0   0     0
 -85.3332  -80.5163 3
 -84.4055  -84.7096 2
  99.0000   99.0000 3
9999 9999,GPML,nolabel,none,black,none,1,0
 802 4500.0   -inf UN   0   0   0     0
 -81.2001  -47.2392 3
 -82.0220  -51.1491 2
  99.0000   99.0000 3
9999 9999,GPML,nolabel,none,black,none,1,0
 802 4500.0   -inf UN   0   0   0     0
 -81.8899  -46.1830 3
 -81.3217  -51.8251 2
  99.0000   99.0000 3
9999 9999,GPML,nolabel,none,black,none,1,0
 802 4500.0   -inf UN   0   0   0     0
 -81.6933  -42.0863 3
 -82.5159  -46.2328 2
  99.0000   99.0000 3
9999 9999,GPML,nolabel,none,black,none,1,0
 802 4500.0   -inf UN   0   0   0     0
 -82.3826  -40.9459 3
 -81.8154  -46.9441 2
  99.0000   99.0000 3
9999 9999,GPML,nolabel,none,black,none,1,0
 802 4500.0   -inf UN   0   0   0     0
 -82.1820  -36.6004 3
 -83.0086  -40.9755 2
  99.0000   99.0000 3
9999 9999,GPML,nolabel,none,black,none,1,0
 802 4500.0   -inf UN   0   0   0     0
 -82.8696  -35.3325 3
 -82.3085  -41.7580 2
  99.0000   99.0000 3
9999 9999,GPML,nolabel,none,black,none,1,0
 802 4500.0   -inf UN   0   0   0     0
 -82.6611  -30.7205 3
 -83.4956  -35.3023 2
  99.0000   99.0000 3
9999 9999,GPML,nolabel,none,black,none,1,0
 802 4500.0   -inf UN   0   0   0     0
 -83.3458  -29.2677 3
 -82.7967  -36.2059 2
  99.0000   99.0000 3
9999 9999,GPML,nolabel,none,black,none,1,0
 802 4500.0   -inf UN   0   0   0     0
 -83.1247  -24.3763 3
 -83.9715  -29.1212 2
  99.0000   99.0000 3
9999 9999,GPML,nolabel,none,black,none,1,0
 802 4500.0   -inf UN   0   0   0     0
 -83.8045  -22.6635 3
 -83.2749  -30.2145 2
  99.0000   99.0000 3
9999 9999,GPML,nolabel,none,black,none,1,0
 802 4500.0   -inf UN   0   0   0     0
 -83.5656  -17.4900 3
 -84.4295  -22.3207 2
  99.0000   99.0000 3
9999 9999,GPML,nolabel,none,black,none,1,0
 802 4500.0   -inf UN   0   0   0     0
 -84.2378  -15.4217 3
 -83.7367  -23.6978 2
  99.0000   99.0000 3
9999 9999,GPML,nolabel,none,black,none,1,0
 802 4500.0   -inf UN   0   0   0     0
 -83.9751   -9.9822 3
 -84.8607  -14.7729 2
  99.0000   99.0000 3
9999 9999,GPML,nolabel,none,black,none,1,0
 802 4500.0   -inf UN   0   0   0     0
 -84.6359   -7.4414 3
 -84.1744  -16.5586 2
  99.0000   99.0000 3
9999 9999,GPML,nolabel,none,black,none,1,0
 802 4500.0   -inf UN   0   0   0     0
 -84.3431   -1.7829 3
 -85.2544   -6.3431 2
  99.0000   99.0000 3
9999 9999,GPML,nolabel,none,black,none,1,0
 802 4500.0   -inf UN   0   0   0     0
 -84.9871    1.3626 3
 -84.5786   -8.6958 2
  99.0000   99.0000 3
9999 9999,GPML,nolabel,none,black,none,1,0
 802 4500.0   -inf UN   0   0   0     0
 -84.6579    7.1490 3
 -85.5970    3.0846 2
  99.0000   99.0000 3
9999 9999,GPML,nolabel,none,black,none,1,0
 802 4500.0   -inf UN   0   0   0     0
 -85.2780   11.0297 3
 -84.9377   -0.0201 2
  99.0000   99.0000 3
9999 9999,GPML,nolabel,none,black,none,1,0
 802 4500.0   -inf UN   0   0   0     0
 -84.9071   16.7980 3
 -85.8730   13.5589 2
  99.0000   99.0000 3
9999 9999,GPML,nolabel,none,black,none,1,0
 802 4500.0   -inf UN   0   0   0     0
 -85.4946   21.5106 3
 -85.2386    9.5173 2
  99.0000   99.0000 3
9999 9999,GPML,nolabel,none,black,none,1,0
 802 4500.0   -inf UN   0   0   0     0
 -85.0787   27.0631 3
 -86.0660   24.9929 2
  99.0000   99.0000 3
9999 9999,GPML,nolabel,none,black,none,1,0
 802 4500.0   -inf UN   0   0   0     0
 -85.6241   32.6283 3
 -85.4672   19.8833 2
  99.0000   99.0000 3
9999 9999,GPML,nolabel,none,black,none,1,0
 802 4500.0   -inf UN   0   0   0     0
 -85.1632   37.7429 3
 -86.1621   37.1071 2
  99.0000   99.0000 3
9999 9999,GPML,nolabel,none,black,none,1,0
 802 4500.0   -inf UN   0   0   0     0
 -85.6576   44.0726 3
 -85.6105   30.9219 2
  99.0000   99.0000 3
9999 9999,GPML,nolabel,none,black,none,1,0
 802 4500.0   -inf UN   0   0   0     0
 -85.1554   48.5533 3
 -86.1532   49.4416 2
  99.0000   99.0000 3
9999 9999,GPML,nolabel,none,black,none,1,0
 802 4500.0   -inf UN   0   0   0     0
 -85.5929   55.4531 3
 -85.6589   42.3410 2
  99.0000   99.0000 3
9999 9999,GPML,nolabel,none,black,none,1,0
 802 4500.0   -inf UN   0   0   0     0
 -85.0557   59.1815 3
 -86.0400   61.4697 2
  99.0000   99.0000 3
9999 9999,GPML,nolabel,none,black,none,1,0
 802 4500.0   -inf UN   0   0   0     0
 -85.4344   66.3953 3
 -85.6088   53.7567 2
  99.0000   99.0000 3
9999 9999,GPML,nolabel,none,black,none,1,0
 802 4500.0   -inf UN   0   0   0     0
 -84.8703   69.3544 3
 -85.8320   72.7564 2
  99.0000   99.0000 3
9999 9999,GPML,nolabel,none,black,none,1,0
 802 4500.0   -inf UN   0   0   0     0
 -85.1927   76.6293 3
 -85.4640   64.7857 2
  99.0000   99.0000 3
9999 9999,GPML,nolabel,none,black,none,1,0
 802 4500.0   -inf UN   0   0   0     0
 -84.6092   78.8873 3
 -85.5437   83.0563 2
  99.0000   99.0000 3
9999 9999,GPML,nolabel,none,black,none,1,0
 802 4500.0   -inf UN   0   0   0     0
 -84.8810   86.0214 3
 -85.2339   75.1383 2
  99.0000   99.0000 3
9999 9999,GPML,nolabel,none,black,none,1,0
 802 4500.0   -inf UN   0   0   0     0
 -84.2846   87.6953 3
 -85.1914   92.3104 2
  99.0000   99.0000 3
9999 9999,GPML,nolabel,none,black,none,1,0
 802 4500.0   -inf UN   0   0   0     0
 -84.5135   94.5556 3
 -84.9319   84.6607 2
  99.0000   99.0000 3
9999 9999,GPML,nolabel,none,black,none,1,0
 802 4500.0   -inf UN   0   0   0     0
 -83.9089   95.7745 3
 -84.7906  100.5829 2
  99.0000   99.0000 3
9999 9999,GPML,nolabel,none,black,none,1,0
 802 4500.0   -inf UN   0   0   0     0
 -84.1030  102.2899 3
 -84.5719   93.3218 2
  99.0000   99.0000 3
9999 9999,GPML,nolabel,none,black,none,1,0
 802 4500.0   -inf UN   0   0   0     0
 -83.4935  103.1724 3
 -84.3542  107.9957 2
  99.0000   99.0000 3
9999 9999,GPML,nolabel,none,black,none,1,0
 802 4500.0   -inf UN   0   0   0     0
 -83.6606  109.3174 3
 -84.1672  101.1713 2
  99.0000   99.0000 3
9999 9999,GPML,nolabel,none,black,none,1,0
 802 4500.0   -inf UN   0   0   0     0
 -83.0482  109.9620 3
 -83.8926  114.6836 2
  99.0000   99.0000 3
9999 9999,GPML,nolabel,none,black,none,1,0
 802 4500.0   -inf UN   0   0   0     0
 -83.1955  115.7394 3
 -83.7289  108.2989 2
  99.0000   99.0000 3
9999 9999,GPML,nolabel,none,black,none,1,0
 802 4500.0   -inf UN   0   0   0     0
 -82.5815  116.2230 3
 -83.4144  120.7722 2
  99.0000   99.0000 3
9999 9999,GPML,nolabel,none,black,none,1,0
 802 4500.0   -inf UN   0   0   0     0
 -82.7153  121.6513 3
 -83.2668  114.8058 2
  99.0000   99.0000 3
9999 9999,GPML,nolabel,none,black,none,1,0
 802 4500.0   -inf UN   0   0   0     0
 -82.1004  122.0320 3
 -82.9261  126.3696 2
  99.0000   99.0000 3
9999 9999,GPML,nolabel,none,black,none,1,0
 802 4500.0   -inf UN   0   0   0     0
 -82.2259  127.1371 3
 -82.7884  120.7890 2
  99.0000   99.0000 3
9999 9999,GPML,nolabel,none,black,none,1,0
 802 4500.0   -inf UN   0   0   0     0
 -81.6107  127.4579 3
 -82.4329  131.5648 2
  99.0000   99.0000 3
9999 9999,GPML,nolabel,none,black,none,1,0
 802 4500.0   -inf UN   0   0   0     0
 -81.7324  132.2680 3
 -82.3001  126.3342 2
  99.0000   99.0000 3
9999 9999,GPML,nolabel,none,black,none,1,0
 802 4500.0   -inf UN   0   0   0     0
 -81.1171  132.5601 3
 -81.9391  136.4301 2
  99.0000   99.0000 3
9999 9999,GPML,nolabel,none,black,none,1,0
 802 4500.0   -inf UN   0   0   0     0
 -81.2389  137.1029 3
 -81.8069  131.5146 2
  99.0000   99.0000 3
9999 9999,GPML,nolabel,none,black,none,1,0
 802 4500.0   -inf UN   0   0   0     0
 -80.6237  137.3891 3
 -81.4483  141.0235 2
  99.0000   99.0000 3
9999 9999,GPML,nolabel,none,black,none,1,0
 802 4500.0   -inf UN   0   0   0     0
 -80.7488  141.6903 3
 -81.3132  136.3907 2
  99.0000   99.0000 3
9999 9999,GPML,nolabel,none,black,none,1,0
 802 4500.0   -inf UN   0   0   0     0
 -80.1338  141.9870 3
 -80.9634  145.3917 2
  99.0000   99.0000 3
9999 9999,GPML,nolabel,none,black,none,1,0
 802 4500.0   -inf UN   0   0   0     0
 -80.2649  146.0699 3
 -80.8223  141.0127 2
  99.0000   99.0000 3
9999 9999,GPML,nolabel,none,black,none,1,0
 802 4500.0   -inf UN   0   0   0     0
 -79.6506  146.3890 3
 -80.4868  149.5721 2
  99.0000   99.0000 3
9999 9999,GPML,nolabel,none,black,none,1,0
 802 4500.0   -inf UN   0   0   0     0
 -79.7899  150.2744 3
 -80.3374  145.4214 2
  99.0000   99.0000 3
9999 9999,GPML,nolabel,none,black,none,1,0
 802 4500.0   -inf UN   0   0   0     0
 -79.1763  150.6243 3
 -80.0206  153.5951 2
  99.0000   99.0000 3
9999 9999,GPML,nolabel,none,black,none,1,0
 802 4500.0   -inf UN   0   0   0     0
 -79.3259  154.3305 3
 -79.8609  149.6504 2
  99.0000   99.0000 3
9999 9999,GPML,nolabel,none,black,none,1,0
 802 4500.0   -inf UN   0   0   0     0
 -78.7134  154.7174 3
 -79.5669  157.4854 2
  99.0000   99.0000 3
9999 9999,GPML,nolabel,none,black,none,1,0
 802 4500.0   -inf UN   0   0   0     0
 -78.8748  158.2605 3
 -79.3951  153.7274 2
  99.0000   99.0000 3
9999 9999,GPML,nolabel,none,black,none,1,0
 802 4500.0   -inf UN   0   0   0     0
 -78.2638  158.6886 3
 -79.1273  161.2633 2
  99.0000   99.0000 3
9999 9999,GPML,nolabel,none,black,none,1,0
 802 4500.0   -inf UN   0   0   0     0
 -78.4383  162.0826 3
 -78.9419  157.6751 2
  99.0000   99.0000 3
9999 9999,GPML,nolabel,none,black,none,1,0
 802 4500.0   -inf UN   0   0   0     0
 -77.8291  162.5550 3
 -78.7032  164.9454 2
  99.0000   99.0000 3
9999 9999,GPML,nolabel,none,black,none,1,0
 802 4500.0   -inf UN   0   0   0     0
 -78.0181  165.8124 3
 -78.5031  161.5125 2
  99.0000   99.0000 3
9999 9999,GPML,nolabel,none,black,none,1,0
 802 4500.0   -inf UN   0   0   0     0
 -77.4111  166.3313 3
 -78.2961  168.5456 2
  99.0000   99.0000 3
9999 9999,GPML,nolabel,none,black,none,1,0
 802 4500.0   -inf UN   0   0   0     0
 -77.6153  169.4627 3
 -78.0803  165.2553 2
  99.0000   99.0000 3
9999 9999,GPML,nolabel,none,black,none,1,0
 802 4500.0   -inf UN   0   0   0     0
 -77.0111  170.0295 3
 -77.9072  172.0755 2
  99.0000   99.0000 3
9999 9999,GPML,nolabel,none,black,none,1,0
 802 4500.0   -inf UN   0   0   0     0
 -77.2315  173.0444 3
 -77.6749  168.9169 2
  99.0000   99.0000 3
9999 9999,GPML,nolabel,none,black,none,1,0
 802 4500.0   -inf UN   0   0   0     0
 -76.6305  173.6603 3
 -77.5376  175.5449 2
  99.0000   99.0000 3
9999 9999,GPML,nolabel,none,black,none,1,0
 802 4500.0   -inf UN   0   0   0     0
 -76.8676  176.5669 3
 -77.2881  172.5083 2
  99.0000   99.0000 3
9999 9999,GPML,nolabel,none,black,none,1,0
 802 4500.0   -inf UN   0   0   0     0
 -76.2704  177.2325 3
 -77.1883  178.9622 2
  99.0000   99.0000 3
9999 9999,GPML,nolabel,none,black,none,1,0
 802 4500.0   -inf UN   0   0   0     0
 -76.5248 -179.9619 3
 -76.9212  176.0392 2
  99.0000   99.0000 3
9999 9999,GPML,nolabel,none,black,none,1,0
 802 4500.0   -inf UN   0   0   0     0
 -75.9319 -179.2460 3
 -76.8604 -177.6656 2
  99.0000   99.0000 3
9999 9999,GPML,nolabel,none,black,none,1,0
 802 4500.0   -inf UN   0   0   0     0
 -76.2041 -176.5350 3
 -76.5751  179.5177 2
  99.0000   99.0000 3
9999 9999,GPML,nolabel,none,black,none,1,0
 802 4500.0   -inf UN   0   0   0     0
 -75.6161 -175.7686 3
 -76.5546 -174.3323 2
  99.0000   99.0000 3
9999 9999,GPML,nolabel,none,black,none,1,0
 802 4500.0   -inf UN   0   0   0     0
 -75.9062 -173.1466 3
 -76.2510 -177.0492 2
  99.0000   99.0000 3
9999 9999,GPML,nolabel,none,black,none,1,0
 802 4500.0   -inf UN   0   0   0     0
 -77.9010  -77.4283 3
 -78.7733  -79.8491 2
  99.0000   99.0000 3
9999 9999,GPML,nolabel,none,black,none,1,0
 802 4500.0   -inf UN   0   0   0     0
 -78.5758  -76.3910 3
 -78.0875  -80.7079 2
  99.0000   99.0000 3
9999 9999,GPML,nolabel,none,black,none,1,0
 802 4500.0   -inf UN   0   0   0     0
 -78.3383  -73.5453 3
 -79.2001  -76.1520 2
  99.0000   99.0000 3
9999 9999,GPML,nolabel,none,black,none,1,0
 802 4500.0   -inf UN   0   0   0     0
 -79.0171  -72.5363 3
 -78.5105  -76.9636 2
  99.0000   99.0000 3
9999 9999,GPML,nolabel,none,black,none,1,0
 802 4500.0   -inf UN   0   0   0     0
 -78.7903  -69.5549 3
 -79.6422  -72.3565 2
  99.0000   99.0000 3
9999 9999,GPML,nolabel,none,black,none,1,0
 802 4500.0   -inf UN   0   0   0     0
 -79.4725  -68.5683 3
 -78.9496  -73.1244 2
  99.0000   99.0000 3
9999 9999,GPML,nolabel,none,black,none,1,0
 802 4500.0   -inf UN   0   0   0     0
 -79.2553  -65.4395 3
 -80.0981  -68.4454 2
  99.0000   99.0000 3
9999 9999,GPML,nolabel,none,black,none,1,0
 802 4500.0   -inf UN   0   0   0     0
 -79.9402  -64.4675 3
 -79.4030  -69.1747 2
  99.0000   99.0000 3
9999 9999,GPML,nolabel,none,black,none,1,0
 802 4500.0   -inf UN   0   0   0     0
 -79.7312  -61.1780 3
 -80.5661  -64.3978 2
  99.0000   99.0000 3
9999 9999,GPML,nolabel,none,black,none,1,0
 802 4500.0   -inf UN   0   0   0     0
 -80.4183  -60.2103 3
 -79.8690  -65.0953 2
  99.0000   99.0000 3
9999 9999,GPML,nolabel,none,black,none,1,0
 802 4500.0   -inf UN   0   0   0     0
 -80.2157  -56.7453 3
 -81.0443  -60.1881 2
  99.0000   99.0000 3
9999 9999,GPML,nolabel,none,black,none,1,0
 802 4500.0   -inf UN   0   0   0     0
 -80.9044  -55.7683 3
 -80.3456  -60.8634 2
  99.0000   99.0000 3
9999 9999,GPML,nolabel,none,black,none,1,0
 802 4500.0   -inf UN   0   0   0     0
 -80.7064  -52.1113 3
 -81.5304  -55.7849 2
  99.0000   99.0000 3
9999 9999,GPML,nolabel,none,black,none,1,0
 802 4500.0   -inf UN   0   0   0     0
 -81.3960  -51.1068 3
 -80.8307  -56.4513 2
  99.0000   99.0000 3
9999 9999,GPML,nolabel,none,black,none,1,0
 802 4500.0   -inf UN   0   0   0     0
 -81.2001  -47.2395 3
 -82.0220  -51.1494 2
  99.0000   99.0000 3
9999 9999,GPML,nolabel,none,black,none,1,0
 802 4500.0   -inf UN   0   0   0     0
 -81.8899  -46.1833 3
 -81.3216  -51.8254 2
  99.0000   99.0000 3
9999 9999,GPML,nolabel,none,black,none,1,0
 802 4500.0   -inf UN   0   0   0     0
 -76.7216  -35.3644 3
 -77.6489  -37.0531 2
  99.0000   99.0000 3
9999 9999,GPML,nolabel,none,black,none,1,0
 802 4500.0   -inf UN   0   0   0     0
 -77.3652  -34.0582 3
 -76.9913  -38.2391 2
  99.0000   99.0000 3
9999 9999,GPML,nolabel,none,black,none,1,0
 802 4500.0   -inf UN   0   0   0     0
 -77.1983  -29.8310 3
 -78.1293  -31.5417 2
  99.0000   99.0000 3
9999 9999,GPML,nolabel,none,black,none,1,0
 802 4500.0   -inf UN   0   0   0     0
 -77.8388  -28.4442 3
 -77.4741  -32.8014 2
  99.0000   99.0000 3
9999 9999,GPML,nolabel,none,black,none,1,0
 802 4500.0   -inf UN   0   0   0     0
 -77.6601  -24.0685 3
 -78.5961  -25.7814 2
  99.0000   99.0000 3
9999 9999,GPML,nolabel,none,black,none,1,0
 802 4500.0   -inf UN   0   0   0     0
 -78.2960  -22.5838 3
 -77.9445  -27.1331 2
  99.0000   99.0000 3
9999 9999,GPML,nolabel,none,black,none,1,0
 802 4500.0   -inf UN   0   0   0     0
 -78.1015  -18.0595 3
 -79.0438  -19.7498 2
  99.0000   99.0000 3
9999 9999,GPML,nolabel,none,black,none,1,0
 802 4500.0   -inf UN   0   0   0     0
 -78.7312  -16.4581 3
 -78.3972  -21.2139 2
  99.0000   99.0000 3
9999 9999,GPML,nolabel,none,black,none,1,0
 802 4500.0   -inf UN   0   0   0     0
 -78.5166  -11.7896 3
 -79.4665  -13.4269 2
  99.0000   99.0000 3
9999 9999,GPML,nolabel,none,black,none,1,0
 802 4500.0   -inf UN   0   0   0     0
 -79.1383  -10.0516 3
 -78.8266  -15.0255 2
  99.0000   99.0000 3
9999 9999,GPML,nolabel,none,black,none,1,0
 802 4500.0   -inf UN   0   0   0     0
 -78.8992   -5.2491 3
 -79.8577   -6.7973 2
  99.0000   99.0000 3
9999 9999,GPML,nolabel,none,black,none,1,0
 802 4500.0   -inf UN   0   0   0     0
 -79.5109   -3.3549 3
 -79.2264   -8.5536 2
  99.0000   99.0000 3
9999 9999,GPML,nolabel,none,black,none,1,0
 802 4500.0   -inf UN   0   0   0     0
 -79.2429    1.5641 3
 -80.2105    0.1464 2
  99.0000   99.0000 3
9999 9999,GPML,nolabel,none,black,none,1,0
 802 4500.0   -inf UN   0   0   0     0
 -79.8421    3.6328 3
 -79.5901   -1.7903 2
  99.0000   99.0000 3
9999 9999,GPML,nolabel,none,black,none,1,0
 802 4500.0   -inf UN   0   0   0     0
 -79.5412    8.6424 3
 -80.5178    7.4002 2
  99.0000   99.0000 3
9999 9999,GPML,nolabel,none,black,none,1,0
 802 4500.0   -inf UN   0   0   0     0
 -80.1253   10.9002 3
 -79.9110    5.2625 2
  99.0000   99.0000 3
9999 9999,GPML,nolabel,none,black,none,1,0
 802 4500.0   -inf UN   0   0   0     0
 -79.7878   15.9654 3
 -80.7728   14.9442 2
  99.0000   99.0000 3
9999 9999,GPML,nolabel,none,black,none,1,0
 802 4500.0   -inf UN   0   0   0     0
 -80.3541   18.4214 3
 -80.1824   12.5906 2
  99.0000   99.0000 3
9999 9999,GPML,nolabel,none,black,none,1,0
 802 4500.0   -inf UN   0   0   0     0
 -79.9769   23.4985 3
 -80.9691   22.7413 2
  99.0000   99.0000 3
9999 9999,GPML,nolabel,none,black,none,1,0
 802 4500.0   -inf UN   0   0   0     0
 -80.5227   26.1537 3
 -80.3980   20.1641 2
  99.0000   99.0000 3
9999 9999,GPML,nolabel,none,black,none,1,0
 802 4500.0   -inf UN   0   0   0     0
 -80.1039   31.1929 3
 -81.1011   30.7346 2
  99.0000   99.0000 3
9999 9999,GPML,nolabel,none,black,none,1,0
 802 4500.0   -inf UN   0   0   0     0
 -80.6267   34.0387 3
 -80.5522   27.9368 2
  99.0000   99.0000 3
9999 9999,GPML,nolabel,none,black,none,1,0
 802 4500.0   -inf UN   0   0   0     0
 -80.1655   38.9871 3
 -81.1652   38.8503 2
  99.0000   99.0000 3
9999 9999,GPML,nolabel,none,black,none,1,0
 802 4500.0   -inf UN   0   0   0     0
 -80.6631   42.0049 3
 -80.6410   35.8470 2
  99.0000   99.0000 3
9999 9999,GPML,nolabel,none,black,none,1,0
 802 4500.0   -inf UN   0   0   0     0
 -80.1598   46.8116 3
 -81.1593   47.0031 2
  99.0000   99.0000 3
9999 9999,GPML,nolabel,none,black,none,1,0
 802 4500.0   -inf UN   0   0   0     0
 -80.6308   49.9736 3
 -80.6618   43.8208 2
  99.0000   99.0000 3
9999 9999,GPML,nolabel,none,black,none,1,0
 802 4500.0   -inf UN   0   0   0     0
 -80.0871   54.5938 3
 -81.0836   55.1040 2
  99.0000   99.0000 3
9999 9999,GPML,nolabel,none,black,none,1,0
 802 4500.0   -inf UN   0   0   0     0
 -80.5308   57.8655 3
 -80.6139   51.7788 2
  99.0000   99.0000 3
9999 9999,GPML,nolabel,none,black,none,1,0
 802 4500.0   -inf UN   0   0   0     0
 -79.9493   62.2650 3
 -80.9404   63.0690 2
  99.0000   99.0000 3
9999 9999,GPML,nolabel,none,black,none,1,0
 802 4500.0   -inf UN   0   0   0     0
 -80.3659   65.6087 3
 -80.4988   59.6428 2
  99.0000   99.0000 3
9999 9999,GPML,nolabel,none,black,none,1,0
 802 4500.0   -inf UN   0   0   0     0
 -79.7502   69.7659 3
 -80.7339   70.8270 2
  99.0000   99.0000 3
9999 9999,GPML,nolabel,none,black,none,1,0
 802 4500.0   -inf UN   0   0   0     0
 -80.1405   73.1437 3
 -80.3197   67.3433 2
  99.0000   99.0000 3
9999 9999,GPML,nolabel,none,black,none,1,0
 802 4500.0   -inf UN   0   0   0     0
 -79.4945   77.0495 3
 -80.4696   78.3245 2
  99.0000   99.0000 3
9999 9999,GPML,nolabel,none,black,none,1,0
 802 4500.0   -inf UN   0   0   0     0
 -79.8604   80.4271 3
 -80.0814   74.8243 2
  99.0000   99.0000 3
9999 9999,GPML,nolabel,none,black,none,1,0
 802 4500.0   -inf UN   0   0   0     0
 -79.1881   84.0843 3
 -80.1541   85.5270 2
  99.0000   99.0000 3
9999 9999,GPML,nolabel,none,black,none,1,0
 802 4500.0   -inf UN   0   0   0     0
 -79.5318   87.4319 3
 -79.7896   82.0461 2
  99.0000   99.0000 3
9999 9999,GPML,nolabel,none,black,none,1,0
 802 4500.0   -inf UN   0   0   0     0
 -78.8374   90.8519 3
 -79.7944   92.4179 2
  99.0000   99.0000 3
9999 9999,GPML,nolabel,none,black,none,1,0
 802 4500.0   -inf UN   0   0   0     0
 -79.1615   94.1460 3
 -79.4509   88.9853 2
  99.0000   99.0000 3
9999 9999,GPML,nolabel,none,black,none,1,0
 802 4500.0   -inf UN   0   0   0     0
 -78.4489   97.3465 3
 -79.3975   98.9951 2
  99.0000   99.0000 3
9999 9999,GPML,nolabel,none,black,none,1,0
 802 4500.0   -inf UN   0   0   0     0
 -78.7563  100.5694 3
 -79.0721   95.6329 2
  99.0000   99.0000 3
9999 9999,GPML,nolabel,none,black,none,1,0
 802 4500.0   -inf UN   0   0   0     0
 -78.0289  103.5717 3
 -78.9701  105.2678 2
  99.0000   99.0000 3
9999 9999,GPML,nolabel,none,black,none,1,0
 802 4500.0   -inf UN   0   0   0     0
 -78.3225  106.7114 3
 -78.6598  101.9913 2
  99.0000   99.0000 3
9999 9999,GPML,nolabel,none,black,none,1,0
 802 4500.0   -inf UN   0   0   0     0
 -77.5837  109.5382 3
 -78.5188  111.2522 2
  99.0000   99.0000 3
9999 9999,GPML,nolabel,none,black,none,1,0
 802 4500.0   -inf UN   0   0   0     0
 -77.8664  112.5871 3
 -78.2205  108.0712 2
  99.0000   99.0000 3
9999 9999,GPML,nolabel,none,black,none,1,0
 802 4500.0   -inf UN   0   0   0     0
 -77.1191  115.2609 3
 -78.0493  116.9691 2
  99.0000   99.0000 3
9999 9999,GPML,nolabel,none,black,none,1,0
 802 4500.0   -inf UN   0   0   0     0
 -77.3937  118.2152 3
 -77.7601  113.8888 2
  99.0000   99.0000 3
9999 9999,GPML,nolabel,none,black,none,1,0
 802 4500.0   -inf UN   0   0   0     0
 -76.6403  120.7575 3
 -77.5671  122.4409 2
  99.0000   99.0000 3
9999 9999,GPML,nolabel,none,black,none,1,0
 802 4500.0   -inf UN   0   0   0     0
 -76.9093  123.6161 3
 -77.2843  119.4634 2
  99.0000   99.0000 3
9999 9999,GPML,nolabel,none,black,none,1,0
 802 4500.0   -inf UN   0   0   0     0
 -76.1522  126.0468 3
 -77.0770  127.6908 2
  99.0000   99.0000 3
9999 9999,GPML,nolabel,none,black,none,1,0
 802 4500.0   -inf UN   0   0   0     0
 -76.4181  128.8104 3
 -76.7980  124.8154 2
  99.0000   99.0000 3
9999 9999,GPML,nolabel,none,black,none,1,0
 802 4500.0   -inf UN   0   0   0     0
 -75.6592  131.1474 3
 -76.5833  132.7410 2
  99.0000   99.0000 3
9999 9999,GPML,nolabel,none,black,none,1,0
 802 4500.0   -inf UN   0   0   0     0
 -75.9241  133.8185 3
 -76.3058  129.9656 2
  99.0000   99.0000 3
9999 9999,GPML,nolabel,none,black,none,1,0
 802 4500.0   -inf UN   0   0   0     0
 -75.1654  136.0775 3
 -76.0900  137.6125 2
  99.0000   99.0000 3
9999 9999,GPML,nolabel,none,black,none,1,0
 802 4500.0   -inf UN   0   0   0     0
 -75.4314  138.6592 3
 -75.8118  134.9340 2
  99.0000   99.0000 3
9999 9999,GPML,nolabel,none,black,none,1,0
 802 4500.0   -inf UN   0   0   0     0
 -74.6743  140.8543 3
 -75.6005  142.3247 2
  99.0000   99.0000 3
9999 9999,GPML,nolabel,none,black,none,1,0
 802 4500.0   -inf UN   0   0   0     0
 -74.9432  143.3502 3
 -75.3198  139.7391 2
  99.0000   99.0000 3
9999 9999,GPML,nolabel,none,black,none,1,0
 802 4500.0   -inf UN   0   0   0     0
 -74.1893  145.4936 3
 -75.1180  146.8953 2
  99.0000   99.0000 3
9999 9999,GPML,nolabel,none,black,none,1,0
 802 4500.0   -inf UN   0   0   0     0
 -74.4626  147.9076 3
 -74.8330  144.3983 2
  99.0000   99.0000 3
9999 9999,GPML,nolabel,none,black,none,1,0
 802 4500.0   -inf UN   0   0   0     0
 -73.7133  150.0100 3
 -74.6453  151.3400 2
  99.0000   99.0000 3
9999 9999,GPML,nolabel,none,black,none,1,0
 802 4500.0   -inf UN   0   0   0     0
 -73.9925  152.3460 3
 -74.3546  148.9275 2
  99.0000   99.0000 3
9999 9999,GPML,nolabel,none,black,none,1,0
 802 4500.0   -inf UN   0   0   0     0
 -73.2490  154.4167 3
 -74.1849  155.6732 2
  99.0000   99.0000 3
9999 9999,GPML,nolabel,none,black,none,1,0
 802 4500.0   -inf UN   0   0   0     0
 -73.5354  156.6787 3
 -73.8873  153.3407 2
  99.0000   99.0000 3
9999 9999,GPML,nolabel,none,black,none,1,0
 802 4500.0   -inf UN   0   0   0     0
 -72.7989  158.7256 3
 -73.7393  159.9077 2
  99.0000   99.0000 3
9999 9999,GPML,nolabel,none,black,none,1,0
 802 4500.0   -inf UN   0   0   0     0
 -73.0935  160.9175 3
 -73.4334  157.6511 2
  99.0000   99.0000 3
9999 9999,GPML,nolabel,none,black,none,1,0
 802 4500.0   -inf UN   0   0   0     0
 -72.3652  162.9475 3
 -73.3103  164.0546 2
  99.0000   99.0000 3
9999 9999,GPML,nolabel,none,black,none,1,0
 802 4500.0   -inf UN   0   0   0     0
 -72.6690  165.0729 3
 -72.9953  161.8700 2
  99.0000   99.0000 3
9999 9999,GPML,nolabel,none,black,none,1,0
 802 4500.0   -inf UN   0   0   0     0
 -71.9498  167.0922 3
 -72.9001  168.1242 2
  99.0000   99.0000 3
9999 9999,GPML,nolabel,none,black,none,1,0
 802 4500.0   -inf UN   0   0   0     0
 -72.2637  169.1545 3
 -72.5750  166.0078 2
  99.0000   99.0000 3
9999 9999,GPML,nolabel,none,black,none,1,0
 802 4500.0   -inf UN   0   0   0     0
 -71.5547  171.1684 3
 -72.5102  172.1256 2
  99.0000   99.0000 3
9999 9999,GPML,nolabel,none,black,none,1,0
 802 4500.0   -inf UN   0   0   0     0
 -71.8793  173.1709 3
 -72.1743  170.0739 2
  99.0000   99.0000 3
9999 9999,GPML,nolabel,none,black,none,1,0
 802 4500.0   -inf UN   0   0   0     0
 -71.1815  175.1840 3
 -72.1422  176.0667 2
  99.0000   99.0000 3
9999 9999,GPML,nolabel,none,black,none,1,0
 802 4500.0   -inf UN   0   0   0     0
 -71.5175  177.1296 3
 -71.7950  174.0764 2
  99.0000   99.0000 3
9999 9999,GPML,nolabel,none,black,none,1,0
 802 4500.0   -inf UN   0   0   0     0
 -70.8318  179.1461 3
 -71.7976  179.9549 2
  99.0000   99.0000 3
9999 9999,GPML,nolabel,none,black,none,1,0
 802 4500.0   -inf UN   0   0   0     0
 -71.1796 -178.9624 3
 -71.4385  178.0230 2
  99.0000   99.0000 3
9999 9999,GPML,nolabel,none,black,none,1,0
 802 4500.0   -inf UN   0   0   0     0
 -73.7925  -64.7750 3
 -74.7240  -66.1172 2
  99.0000   99.0000 3
9999 9999,GPML,nolabel,none,black,none,1,0
 802 4500.0   -inf UN   0   0   0     0
 -74.4343  -63.6907 3
 -74.0707  -67.1238 2
  99.0000   99.0000 3
9999 9999,GPML,nolabel,none,black,none,1,0
 802 4500.0   -inf UN   0   0   0     0
 -74.2702  -60.2389 3
 -75.1985  -61.6523 2
  99.0000   99.0000 3
9999 9999,GPML,nolabel,none,black,none,1,0
 802 4500.0   -inf UN   0   0   0     0
 -74.9143  -59.1408 3
 -74.5427  -62.6663 2
  99.0000   99.0000 3
9999 9999,GPML,nolabel,none,black,none,1,0
 802 4500.0   -inf UN   0   0   0     0
 -74.7565  -55.5775 3
 -75.6824  -57.0591 2
  99.0000   99.0000 3
9999 9999,GPML,nolabel,none,black,none,1,0
 802 4500.0   -inf UN   0   0   0     0
 -75.4022  -54.4582 3
 -75.0248  -58.0875 2
  99.0000   99.0000 3
9999 9999,GPML,nolabel,none,black,none,1,0
 802 4500.0   -inf UN   0   0   0     0
 -75.2483  -50.7761 3
 -76.1728  -52.3214 2
  99.0000   99.0000 3
9999 9999,GPML,nolabel,none,black,none,1,0
 802 4500.0   -inf UN   0   0   0     0
 -75.8948  -49.6269 3
 -75.5140  -53.3725 2
  99.0000   99.0000 3
9999 9999,GPML,nolabel,none,black,none,1,0
 802 4500.0   -inf UN   0   0   0     0
 -75.7422  -45.8185 3
 -76.6664  -47.4212 2
  99.0000   99.0000 3
9999 9999,GPML,nolabel,none,black,none,1,0
 802 4500.0   -inf UN   0   0   0     0
 -76.3887  -44.6293 3
 -76.0072  -48.5050 2
  99.0000   99.0000 3
9999 9999,GPML,nolabel,none,black,none,1,0
 802 4500.0   -inf UN   0   0   0     0
 -76.2347  -40.6875 3
 -77.1597  -42.3390 2
  99.0000   99.0000 3
9999 9999,GPML,nolabel,none,black,none,1,0
 802 4500.0   -inf UN   0   0   0     0
 -76.8802  -39.4466 3
 -76.5009  -43.4670 2
  99.0000   99.0000 3
9999 9999,GPML,nolabel,none,black,none,1,0
 802 4500.0   -inf UN   0   0   0     0
 -76.7215  -35.3647 3
 -77.6488  -37.0534 2
  99.0000   99.0000 3
9999 9999,GPML,nolabel,none,black,none,1,0
 802 4500.0   -inf UN   0   0   0     0
 -77.3651  -34.0586 3
 -76.9913  -38.2394 2
  99.0000   99.0000 3
9999 9999,GPML,nolabel,none,black,none,1,0
 802 4500.0   -inf UN   0   0   0     0
 -71.9701  -29.5268 3
 -72.9314  -30.4400 2
  99.0000   99.0000 3
9999 9999,GPML,nolabel,none,black,none,1,0
 802 4500.0   -inf UN   0   0   0     0
 -72.5824  -28.3651 3
 -72.3074  -31.5532 2
  99.0000   99.0000 3
9999 9999,GPML,nolabel,none,black,none,1,0
 802 4500.0   -inf UN   0   0   0     0
 -72.4313  -24.0001 3
 -73.3954  -24.9039 2
  99.0000   99.0000 3
9999 9999,GPML,nolabel,none,black,none,1,0
 802 4500.0   -inf UN   0   0   0     0
 -73.0398  -22.7867 3
 -72.7746  -26.0677 2
  99.0000   99.0000 3
9999 9999,GPML,nolabel,none,black,none,1,0
 802 4500.0   -inf UN   0   0   0     0
 -72.8730  -18.3165 3
 -73.8405  -19.1994 2
  99.0000   99.0000 3
9999 9999,GPML,nolabel,none,black,none,1,0
 802 4500.0   -inf UN   0   0   0     0
 -73.4766  -17.0442 3
 -73.2241  -20.4218 2
  99.0000   99.0000 3
9999 9999,GPML,nolabel,none,black,none,1,0
 802 4500.0   -inf UN   0   0   0     0
 -73.2902  -12.4716 3
 -74.2617  -13.3208 2
  99.0000   99.0000 3
9999 9999,GPML,nolabel,none,black,none,1,0
 802 4500.0   -inf UN   0   0   0     0
 -73.8878  -11.1332 3
 -73.6508  -14.6097 2
  99.0000   99.0000 3
9999 9999,GPML,nolabel,none,black,none,1,0
 802 4500.0   -inf UN   0   0   0     0
 -73.6779   -6.4637 3
 -74.6538   -7.2648 2
  99.0000   99.0000 3
9999 9999,GPML,nolabel,none,black,none,1,0
 802 4500.0   -inf UN   0   0   0     0
 -74.2680   -5.0524 3
 -74.0498   -8.6281 2
  99.0000   99.0000 3
9999 9999,GPML,nolabel,none,black,none,1,0
 802 4500.0   -inf UN   0   0   0     0
 -74.0310   -0.2947 3
 -75.0115   -1.0324 2
  99.0000   99.0000 3
9999 9999,GPML,nolabel,none,black,none,1,0
 802 4500.0   -inf UN   0   0   0     0
 -74.6123    1.1957 3
 -74.4157   -2.4772 2
  99.0000   99.0000 3
9999 9999,GPML,nolabel,none,black,none,1,0
 802 4500.0   -inf UN   0   0   0     0
 -74.3444    6.0292 3
 -75.3295    5.3710 2
  99.0000   99.0000 3
9999 9999,GPML,nolabel,none,black,none,1,0
 802 4500.0   -inf UN   0   0   0     0
 -74.9153    7.6035 3
 -74.7434    3.8384 2
  99.0000   99.0000 3
9999 9999,GPML,nolabel,none,black,none,1,0
 802 4500.0   -inf UN   0   0   0     0
 -74.6133   12.4969 3
 -75.6028   11.9338 2
  99.0000   99.0000 3
9999 9999,GPML,nolabel,none,black,none,1,0
 802 4500.0   -inf UN   0   0   0     0
 -75.1724   14.1581 3
 -75.0280   10.3091 2
  99.0000   99.0000 3
9999 9999,GPML,nolabel,none,black,none,1,0
 802 4500.0   -inf UN   0   0   0     0
 -74.8334   19.0918 3
 -75.8268   18.6387 2
  99.0000   99.0000 3
9999 9999,GPML,nolabel,none,black,none,1,0
 802 4500.0   -inf UN   0   0   0     0
 -75.3792   20.8409 3
 -75.2647   16.9196 2
  99.0000   99.0000 3
9999 9999,GPML,nolabel,none,black,none,1,0
 802 4500.0   -inf UN   0   0   0     0
 -75.0007   25.7920 3
 -75.9973   25.4618 2
  99.0000   99.0000 3
9999 9999,GPML,nolabel,none,black,none,1,0
 802 4500.0   -inf UN   0   0   0     0
 -75.5319   27.6273 3
 -75.4494   23.6487 2
  99.0000   99.0000 3
9999 9999,GPML,nolabel,none,black,none,1,0
 802 4500.0   -inf UN   0   0   0     0
 -75.1123   32.5706 3
 -76.1111   32.3731 2
  99.0000   99.0000 3
9999 9999,GPML,nolabel,none,black,none,1,0
 802 4500.0   -inf UN   0   0   0     0
 -75.6278   34.4875 3
 -75.5788   30.4696 2
  99.0000   99.0000 3
9999 9999,GPML,nolabel,none,black,none,1,0
 802 4500.0   -inf UN   0   0   0     0
 -75.1662   39.3968 3
 -76.1661   39.3382 2
  99.0000   99.0000 3
9999 9999,GPML,nolabel,none,black,none,1,0
 802 4500.0   -inf UN   0   0   0     0
 -75.6648   41.3882 3
 -75.6504   37.3509 2
  99.0000   99.0000 3
9999 9999,GPML,nolabel,none,black,none,1,0
 802 4500.0   -inf UN   0   0   0     0
 -75.1612   46.2372 3
 -76.1610   46.3194 2
  99.0000   99.0000 3
9999 9999,GPML,nolabel,none,black,none,1,0
 802 4500.0   -inf UN   0   0   0     0
 -75.6424   48.2932 3
 -75.6628   44.2578 2
  99.0000   99.0000 3
9999 9999,GPML,nolabel,none,black,none,1,0
 802 4500.0   -inf UN   0   0   0     0
 -75.0976   53.0577 3
 -76.0961   53.2781 2
  99.0000   99.0000 3
9999 9999,GPML,nolabel,none,black,none,1,0
 802 4500.0   -inf UN   0   0   0     0
 -75.5610   55.1667 3
 -75.6157   51.1541 2
  99.0000   99.0000 3
9999 9999,GPML,nolabel,none,black,none,1,0
 802 4500.0   -inf UN   0   0   0     0
 -74.9764   59.8252 3
 -75.9725   60.1769 2
  99.0000   99.0000 3
9999 9999,GPML,nolabel,none,black,none,1,0
 802 4500.0   -inf UN   0   0   0     0
 -75.4221   61.9743 3
 -75.5102   58.0042 2
  99.0000   99.0000 3
9999 9999,GPML,nolabel,none,black,none,1,0
 802 4500.0   -inf UN   0   0   0     0
 -74.7999   66.5094 3
 -75.7927   66.9820 2
  99.0000   99.0000 3
9999 9999,GPML,nolabel,none,black,none,1,0
 802 4500.0   -inf UN   0   0   0     0
 -75.2284   68.6852 3
 -75.3481   64.7751 2
  99.0000   99.0000 3
9999 9999,GPML,nolabel,none,black,none,1,0
 802 4500.0   -inf UN   0   0   0     0
 -74.5714   73.0843 3
 -75.5602   73.6645 2
  99.0000   99.0000 3
9999 9999,GPML,nolabel,none,black,none,1,0
 802 4500.0   -inf UN   0   0   0     0
 -74.9833   75.2735 3
 -75.1326   71.4378 2
  99.0000   99.0000 3
9999 9999,GPML,nolabel,none,black,none,1,0
 802 4500.0   -inf UN   0   0   0     0
 -74.2947   79.5288 3
 -75.2790   80.2016 2
  99.0000   99.0000 3
9999 9999,GPML,nolabel,none,black,none,1,0
 802 4500.0   -inf UN   0   0   0     0
 -74.6912   81.7190 3
 -74.8674   77.9690 2
  99.0000   99.0000 3
9999 9999,GPML,nolabel,none,black,none,1,0
 802 4500.0   -inf UN   0   0   0     0
 -73.9743   85.8273 3
 -74.9539   86.5768 2
  99.0000   99.0000 3
9999 9999,GPML,nolabel,none,black,none,1,0
 802 4500.0   -inf UN   0   0   0     0
 -74.3567   88.0074 3
 -74.5571   84.3506 2
  99.0000   99.0000 3
9999 9999,GPML,nolabel,none,black,none,1,0
 802 4500.0   -inf UN   0   0   0     0
 -73.6150   91.9695 3
 -74.5901   92.7798 2
  99.0000   99.0000 3
9999 9999,GPML,nolabel,none,black,none,1,0
 802 4500.0   -inf UN   0   0   0     0
 -73.9848   94.1300 3
 -74.2065   90.5710 2
  99.0000   99.0000 3
9999 9999,GPML,nolabel,none,black,none,1,0
 802 4500.0   -inf UN   0   0   0     0
 -73.2220   97.9500 3
 -74.1927   98.8059 2
  99.0000   99.0000 3
9999 9999,GPML,nolabel,none,black,none,1,0
 802 4500.0   -inf UN   0   0   0     0
 -73.5808  100.0830 3
 -73.8206   96.6232 2
  99.0000   99.0000 3
9999 9999,GPML,nolabel,none,black,none,1,0
 802 4500.0   -inf UN   0   0   0     0
 -72.8002  103.7676 3
 -73.7671  104.6548 2
  99.0000   99.0000 3
9999 9999,GPML,nolabel,none,black,none,1,0
 802 4500.0   -inf UN   0   0   0     0
 -73.1499  105.8669 3
 -73.4048  102.5057 2
  99.0000   99.0000 3
9999 9999,GPML,nolabel,none,black,none,1,0
 802 4500.0   -inf UN   0   0   0     0
 -72.3549  109.4244 3
 -73.3185  110.3305 2
  99.0000   99.0000 3
9999 9999,GPML,nolabel,none,black,none,1,0
 802 4500.0   -inf UN   0   0   0     0
 -72.6971  111.4853 3
 -72.9642  108.2202 2
  99.0000   99.0000 3
9999 9999,GPML,nolabel,none,black,none,1,0
 802 4500.0   -inf UN   0   0   0     0
 -71.8909  114.9255 3
 -72.8519  115.8391 2
  99.0000   99.0000 3
9999 9999,GPML,nolabel,none,black,none,1,0
 802 4500.0   -inf UN   0   0   0     0
 -72.2274  116.9446 3
 -72.5038  113.7717 2
  99.0000   99.0000 3
9999 9999,GPML,nolabel,none,black,none,1,0
 802 4500.0   -inf UN   0   0   0     0
 -71.4130  120.2775 3
 -72.3720  121.1890 2
  99.0000   99.0000 3
9999 9999,GPML,nolabel,none,black,none,1,0
 802 4500.0   -inf UN   0   0   0     0
 -71.7454  122.2527 3
 -72.0284  119.1671 2
  99.0000   99.0000 3
9999 9999,GPML,nolabel,none,black,none,1,0
 802 4500.0   -inf UN   0   0   0     0
 -70.9256  125.4885 3
 -71.8834  126.3897 2
  99.0000   99.0000 3
9999 9999,GPML,nolabel,none,black,none,1,0
 802 4500.0   -inf UN   0   0   0     0
 -71.2555  127.4186 3
 -71.5426  124.4150 2
  99.0000   99.0000 3
9999 9999,GPML,nolabel,none,black,none,1,0
 802 4500.0   -inf UN   0   0   0     0
 -70.4329  130.5676 3
 -71.3903  131.4515 2
  99.0000   99.0000 3
9999 9999,GPML,nolabel,none,black,none,1,0
 802 4500.0   -inf UN   0   0   0     0
 -70.7620  132.4518 3
 -71.0508  129.5246 2
  99.0000   99.0000 3
9999 9999,GPML,nolabel,none,black,none,1,0
 802 4500.0   -inf UN   0   0   0     0
 -69.9390  135.5239 3
 -70.8965  136.3847 2
  99.0000   99.0000 3
9999 9999,GPML,nolabel,none,black,none,1,0
 802 4500.0   -inf UN   0   0   0     0
 -70.2685  137.3624 3
 -70.5568  134.5058 2
  99.0000   99.0000 3
9999 9999,GPML,nolabel,none,black,none,1,0
 802 4500.0   -inf UN   0   0   0     0
 -69.4475  140.3668 3
 -70.4058  141.1998 2
  99.0000   99.0000 3
9999 9999,GPML,nolabel,none,black,none,1,0
 802 4500.0   -inf UN   0   0   0     0
 -69.7788  142.1601 3
 -70.0645  139.3684 2
  99.0000   99.0000 3
9999 9999,GPML,nolabel,none,black,none,1,0
 802 4500.0   -inf UN   0   0   0     0
 -68.9618  145.1054 3
 -69.9214  145.9068 2
  99.0000   99.0000 3
9999 9999,GPML,nolabel,none,black,none,1,0
 802 4500.0   -inf UN   0   0   0     0
 -69.2961  146.8545 3
 -69.5773  144.1220 2
  99.0000   99.0000 3
9999 9999,GPML,nolabel,none,black,none,1,0
 802 4500.0   -inf UN   0   0   0     0
 -68.4850  149.7487 3
 -69.4465  150.5153 2
  99.0000   99.0000 3
9999 9999,GPML,nolabel,none,black,none,1,0
 802 4500.0   -inf UN   0   0   0     0
 -68.8235  151.4545 3
 -69.0984  148.7761 2
  99.0000   99.0000 3
9999 9999,GPML,nolabel,none,black,none,1,0
 802 4500.0   -inf UN   0   0   0     0
 -68.0202  154.3051 3
 -68.9839  155.0343 2
  99.0000   99.0000 3
9999 9999,GPML,nolabel,none,black,none,1,0
 802 4500.0   -inf UN   0   0   0     0
 -68.3638  155.9688 3
 -68.6308  153.3395 2
  99.0000   99.0000 3
9999 9999,GPML,nolabel,none,black,none,1,0
 802 4500.0   -inf UN   0   0   0     0
 -67.5700  158.7826 3
 -68.5362  159.4725 2
  99.0000   99.0000 3
9999 9999,GPML,nolabel,none,black,none,1,0
 802 4500.0   -inf UN   0   0   0     0
 -67.9196  160.4056 3
 -68.1773  157.8207 2
  99.0000   99.0000 3
9999 9999,GPML,nolabel,none,black,none,1,0
 802 4500.0   -inf UN   0   0   0     0
 -67.1369  163.1888 3
 -68.1059  163.8378 2
  99.0000   99.0000 3
9999 9999,GPML,nolabel,none,black,none,1,0
 802 4500.0   -inf UN   0   0   0     0
 -67.4933  164.7725 3
 -67.7402  162.2275 2
  99.0000   99.0000 3
9999 9999,GPML,nolabel,none,black,none,1,0
 802 4500.0   -inf UN   0   0   0     0
 -71.9700  -29.5271 3
 -72.9314  -30.4404 2
  99.0000   99.0000 3
9999 9999,GPML,nolabel,none,black,none,1,0
 802 4500.0   -inf UN   0   0   0     0
 -72.5824  -28.3655 3
 -72.3073  -31.5536 2
  99.0000   99.0000 3
9999 9999,GPML,nolabel,none,black,none,1,0
 802 4500.0   -inf UN   0   0   0     0
 -68.7058   89.0077 3
 -69.6911   89.4895 2
  99.0000   99.0000 3
9999 9999,GPML,nolabel,none,black,none,1,0
 802 4500.0   -inf UN   0   0   0     0
 -69.1075   90.6247 3
 -69.2785   87.8507 2
  99.0000   99.0000 3
9999 9999,GPML,nolabel,none,black,none,1,0
 802 4500.0   -inf UN   0   0   0     0
 -68.3293   94.7958 3
 -69.3118   95.3115 2
  99.0000   99.0000 3
9999 9999,GPML,nolabel,none,black,none,1,0
 802 4500.0   -inf UN   0   0   0     0
 -68.7221   96.4018 3
 -68.9084   93.6827 2
  99.0000   99.0000 3
9999 9999,GPML,nolabel,none,black,none,1,0
 802 4500.0   -inf UN   0   0   0     0
 -67.9227  100.4701 3
 -68.9026  101.0122 2
  99.0000   99.0000 3
9999 9999,GPML,nolabel,none,black,none,1,0
 802 4500.0   -inf UN   0   0   0     0
 -68.3079  102.0610 3
 -68.5072   99.3980 2
  99.0000   99.0000 3
9999 9999,GPML,nolabel,none,black,none,1,0
 802 4500.0   -inf UN   0   0   0     0
 -65.5968  127.1564 3
 -66.5693  127.7314 2
  99.0000   99.0000 3
9999 9999,GPML,nolabel,none,black,none,1,0
 802 4500.0   -inf UN   0   0   0     0
 -65.9621  128.6322 3
 -66.1951  126.2337 2
  99.0000   99.0000 3
9999 9999,GPML,nolabel,none,black,none,1,0
 802 4500.0   -inf UN   0   0   0     0
 -65.1033  132.1803 3
 -66.0756  132.7463 2
  99.0000   99.0000 3
9999 9999,GPML,nolabel,none,black,none,1,0
 802 4500.0   -inf UN   0   0   0     0
 -65.4682  133.6290 3
 -65.7020  131.2765 2
  99.0000   99.0000 3
9999 9999,GPML,nolabel,none,black,none,1,0
 291  300.0   -inf UN   0   0   0     0
 -60.1656  -88.9677 3
 -60.6607  -90.7276 2
  99.0000   99.0000 3
9999 9999,GPML,nolabel,none,black,none,1,0
 291  300.0   -inf UN   0   0   0     0
 -60.8495  -89.3328 3
 -59.9807  -90.3358 2
  99.0000   99.0000 3
9999 9999,GPML,nolabel,none,black,none,1,0
 291  300.0   -inf UN   0   0   0     0
 -62.6875  -85.9587 3
 -63.1593  -87.8960 2
  99.0000   99.0000 3
9999 9999,GPML,nolabel,none,black,none,1,0
 291  300.0   -inf UN   0   0   0     0
 -63.3666  -86.3934 3
 -62.4849  -87.4302 2
  99.0000   99.0000 3
9999 9999,GPML,nolabel,none,black,none,1,0
 291  300.0   -inf UN   0   0   0     0
 -54.8040  -84.5156 3
 -55.4138  -85.9013 2
  99.0000   99.0000 3
9999 9999,GPML,nolabel,none,black,none,1,0
 291  300.0   -inf UN   0   0   0     0
 -55.5060  -84.6648 3
 -54.7134  -85.7310 2
  99.0000   99.0000 3
9999 9999,GPML,nolabel,none,black,none,1,0
 291  300.0   -inf UN   0   0   0     0
 -57.3735  -80.9558 3
 -57.9706  -82.4560 2
  99.0000   99.0000 3
9999 9999,GPML,nolabel,none,black,none,1,0
 291  300.0   -inf UN   0   0   0     0
 -58.0741  -81.1351 3
 -57.2720  -82.2519 2
  99.0000   99.0000 3
9999 9999,GPML,nolabel,none,black,none,1,0
 291  300.0   -inf UN   0   0   0     0
 -59.9679  -77.1984 3
 -60.5556  -78.8297 2
  99.0000   99.0000 3
9999 9999,GPML,nolabel,none,black,none,1,0
 291  300.0   -inf UN   0   0   0     0
 -60.6674  -77.4069 3
 -59.8584  -78.5919 2
  99.0000   99.0000 3
9999 9999,GPML,nolabel,none,black,none,1,0
 291  300.0   -inf UN   0   0   0     0
 -62.5772  -73.1745 3
 -63.1598  -74.9569 2
  99.0000   99.0000 3
9999 9999,GPML,nolabel,none,black,none,1,0
 291  300.0   -inf UN   0   0   0     0
 -63.2762  -73.4090 3
 -62.4636  -74.6870 2
  99.0000   99.0000 3
9999 9999,GPML,nolabel,none,black,none,1,0
 291  300.0   -inf UN   0   0   0     0
 -65.1891  -68.7878 3
 -65.7723  -70.7454 2
  99.0000   99.0000 3
9999 9999,GPML,nolabel,none,black,none,1,0
 291  300.0   -inf UN   0   0   0     0
 -65.8883  -69.0418 3
 -65.0761  -70.4477 2
  99.0000   99.0000 3
9999 9999,GPML,nolabel,none,black,none,1,0
 291  300.0   -inf UN   0   0   0     0
 -67.7876  -63.9004 3
 -68.3789  -66.0614 2
  99.0000   99.0000 3
9999 9999,GPML,nolabel,none,black,none,1,0
 291  300.0   -inf UN   0   0   0     0
 -68.4880  -64.1607 3
 -67.6817  -65.7456 2
  99.0000   99.0000 3
9999 9999,GPML,nolabel,none,black,none,1,0
 291  300.0   -inf UN   0   0   0     0
 -70.3506  -58.3098 3
 -70.9600  -60.7039 2
  99.0000   99.0000 3
9999 9999,GPML,nolabel,none,black,none,1,0
 291  300.0   -inf UN   0   0   0     0
 -71.0532  -58.5502 3
 -70.2605  -60.3910 2
  99.0000   99.0000 3
9999 9999,GPML,nolabel,none,black,none,1,0
 291  300.0   -inf UN   0   0   0     0
 -51.5411  -78.1876 3
 -52.2198  -79.3774 2
  99.0000   99.0000 3
9999 9999,GPML,nolabel,none,black,none,1,0
 291  300.0   -inf UN   0   0   0     0
 -52.2478  -78.2238 3
 -51.5134  -79.3233 2
  99.0000   99.0000 3
9999 9999,GPML,nolabel,none,black,none,1,0
 291  300.0   -inf UN   0   0   0     0
 -54.1477  -74.1567 3
 -54.8220  -75.4279 2
  99.0000   99.0000 3
9999 9999,GPML,nolabel,none,black,none,1,0
 291  300.0   -inf UN   0   0   0     0
 -54.8543  -74.2013 3
 -54.1159  -75.3622 2
  99.0000   99.0000 3
9999 9999,GPML,nolabel,none,black,none,1,0
 291  300.0   -inf UN   0   0   0     0
 -56.7602  -69.8739 3
 -57.4342  -71.2341 2
  99.0000   99.0000 3
9999 9999,GPML,nolabel,none,black,none,1,0
 291  300.0   -inf UN   0   0   0     0
 -57.4669  -69.9212 3
 -56.7282  -71.1619 2
  99.0000   99.0000 3
9999 9999,GPML,nolabel,none,black,none,1,0
 801 4500.0   -inf UN   0   0   0     0
 -67.8269  168.5378 3
 -68.6168  170.1910 2
  99.0000   99.0000 3
9999 9999,GPML,nolabel,none,black,none,1,0
 801 4500.0   -inf UN   0   0   0     0
 -67.9140  170.4008 3
 -68.5270  168.2711 2
  99.0000   99.0000 3
9999 9999,GPML,nolabel,none,black,none,1,0
 291  300.0   -inf UN   0   0   0     0
 -47.9845  -72.7413 3
 -48.7156  -73.7679 2
  99.0000   99.0000 3
9999 9999,GPML,nolabel,none,black,none,1,0
 291  300.0   -inf UN   0   0   0     0
 -48.6910  -72.6971 3
 -48.0088  -73.7974 2
  99.0000   99.0000 3
9999 9999,GPML,nolabel,none,black,none,1,0
 291  300.0   -inf UN   0   0   0     0
 -50.5958  -68.3855 3
 -51.3280  -69.4669 2
  99.0000   99.0000 3
9999 9999,GPML,nolabel,none,black,none,1,0
 291  300.0   -inf UN   0   0   0     0
 -51.3023  -68.3364 3
 -50.6213  -69.4990 2
  99.0000   99.0000 3
9999 9999,GPML,nolabel,none,black,none,1,0
 291  300.0   -inf UN   0   0   0     0
 -53.1930  -63.7602 3
 -53.9302  -64.8979 2
  99.0000   99.0000 3
9999 9999,GPML,nolabel,none,black,none,1,0
 291  300.0   -inf UN   0   0   0     0
 -53.8992  -63.6985 3
 -53.2236  -64.9398 2
  99.0000   99.0000 3
9999 9999,GPML,nolabel,none,black,none,1,0
 291  300.0   -inf UN   0   0   0     0
 -55.7574  -58.7966 3
 -56.5043  -59.9900 2
  99.0000   99.0000 3
9999 9999,GPML,nolabel,none,black,none,1,0
 291  300.0   -inf UN   0   0   0     0
 -56.4630  -58.7116 3
 -55.7980  -60.0519 2
  99.0000   99.0000 3
9999 9999,GPML,nolabel,none,black,none,1,0
 701  300.0   -inf UN   0   0   0     0
 -61.5166  -63.0186 3
 -61.3555  -65.0828 2
  99.0000   99.0000 3
9999 9999,GPML,nolabel,none,black,none,1,0
 701  300.0   -inf UN   0   0   0     0
 -61.9333  -64.2247 3
 -60.9464  -63.8875 2
  99.0000   99.0000 3
9999 9999,GPML,nolabel,none,black,none,1,0
 801 4500.0   -inf UN   0   0   0     0
 -67.2617  143.7708 3
 -68.1979  144.6986 2
  99.0000   99.0000 3
9999 9999,GPML,nolabel,none,black,none,1,0
 801 4500.0   -inf UN   0   0   0     0
 -67.5501  145.4514 3
 -67.9015  142.9811 2
  99.0000   99.0000 3
9999 9999,GPML,nolabel,none,black,none,1,0
 801 4500.0   -inf UN   0   0   0     0
 -65.6404  153.2659 3
 -66.5351  154.3680 2
  99.0000   99.0000 3
9999 9999,GPML,nolabel,none,black,none,1,0
 801 4500.0   -inf UN   0   0   0     0
 -65.8615  154.9013 3
 -66.3080  152.6938 2
  99.0000   99.0000 3
9999 9999,GPML,nolabel,none,black,none,1,0
 801 4500.0   -inf UN   0   0   0     0
 -63.6729  161.7355 3
 -64.5265  162.9281 2
  99.0000   99.0000 3
9999 9999,GPML,nolabel,none,black,none,1,0
 801 4500.0   -inf UN   0   0   0     0
 -63.8373  163.2908 3
 -64.3580  161.3362 2
  99.0000   99.0000 3
9999 9999,GPML,nolabel,none,black,none,1,0
 801 4500.0   -inf UN   0   0   0     0
 -61.4377  169.2555 3
 -62.2545  170.4784 2
  99.0000   99.0000 3
9999 9999,GPML,nolabel,none,black,none,1,0
 801 4500.0   -inf UN   0   0   0     0
 -61.5564  170.7164 3
 -62.1332  168.9850 2
  99.0000   99.0000 3
9999 9999,GPML,nolabel,none,black,none,1,0
 291  300.0   -inf UN   0   0   0     0
 -46.7997  -63.4500 3
 -47.5753  -64.3789 2
  99.0000   99.0000 3
9999 9999,GPML,nolabel,none,black,none,1,0
 291  300.0   -inf UN   0   0   0     0
 -47.5026  -63.3370 3
 -46.8714  -64.4784 2
  99.0000   99.0000 3
9999 9999,GPML,nolabel,none,black,none,1,0
 290  300.0   -inf UN   0   0   0     0
 -49.6280  -59.5760 3
 -50.4132  -60.5397 2
  99.0000   99.0000 3
9999 9999,GPML,nolabel,none,black,none,1,0
 290  300.0   -inf UN   0   0   0     0
 -50.3296  -59.4388 3
 -49.7105  -60.6612 2
  99.0000   99.0000 3
9999 9999,GPML,nolabel,none,black,none,1,0
 202  300.0   -inf UN   0   0   0     0
 -52.8335  -54.9179 3
 -53.6147  -55.9607 2
  99.0000   99.0000 3
9999 9999,GPML,nolabel,none,black,none,1,0
 202  300.0   -inf UN   0   0   0     0
 -53.5356  -54.7773 3
 -52.9113  -56.0823 2
  99.0000   99.0000 3
9999 9999,GPML,nolabel,none,black,none,1,0
 202  300.0   -inf UN   0   0   0     0
 -55.3368  -49.3345 3
 -56.1359  -50.4026 2
  99.0000   99.0000 3
9999 9999,GPML,nolabel,none,black,none,1,0
 202  300.0   -inf UN   0   0   0     0
 -56.0361  -49.1479 3
 -55.4349  -50.5673 2
  99.0000   99.0000 3
9999 9999,GPML,nolabel,none,black,none,1,0
 701  300.0   -inf UN   0   0   0     0
 -61.8430  -52.4897 3
 -61.8426  -54.6089 2
  99.0000   99.0000 3
9999 9999,GPML,nolabel,none,black,none,1,0
 701  300.0   -inf UN   0   0   0     0
 -62.3469  -53.5499 3
 -61.3469  -53.5490 2
  99.0000   99.0000 3
9999 9999,GPML,nolabel,none,black,none,1,0
 701  300.0   -inf UN   0   0   0     0
 -66.1944  -52.5503 3
 -66.1466  -55.0228 2
  99.0000   99.0000 3
9999 9999,GPML,nolabel,none,black,none,1,0
 701  300.0   -inf UN   0   0   0     0
 -66.6749  -53.8483 3
 -65.6760  -53.7299 2
  99.0000   99.0000 3
9999 9999,GPML,nolabel,none,black,none,1,0
 701  300.0   -inf UN   0   0   0     0
 -70.5394  -53.1970 3
 -70.4335  -56.1742 2
  99.0000   99.0000 3
9999 9999,GPML,nolabel,none,black,none,1,0
 701  300.0   -inf UN   0   0   0     0
 -70.9897  -54.8523 3
 -69.9953  -54.5348 2
  99.0000   99.0000 3
9999 9999,GPML,nolabel,none,black,none,1,0
 801 4500.0   -inf UN   0   0   0     0
 -63.8555  100.9973 3
 -64.8443  100.6529 2
  99.0000   99.0000 3
9999 9999,GPML,nolabel,none,black,none,1,0
 801 4500.0   -inf UN   0   0   0     0
 -64.4201  101.9734 3
 -64.2711   99.6893 2
  99.0000   99.0000 3
9999 9999,GPML,nolabel,none,black,none,1,0
 801 4500.0   -inf UN   0   0   0     0
 -64.2506  110.9118 3
 -65.2500  110.8300 2
  99.0000   99.0000 3
9999 9999,GPML,nolabel,none,black,none,1,0
 801 4500.0   -inf UN   0   0   0     0
 -64.7632  112.0438 3
 -64.7283  109.7012 2
  99.0000   99.0000 3
9999 9999,GPML,nolabel,none,black,none,1,0
 801 4500.0   -inf UN   0   0   0     0
 -64.1506  120.9178 3
 -65.1473  121.1080 2
  99.0000   99.0000 3
9999 9999,GPML,nolabel,none,black,none,1,0
 801 4500.0   -inf UN   0   0   0     0
 -64.6037  122.1733 3
 -64.6852  119.8457 2
  99.0000   99.0000 3
9999 9999,GPML,nolabel,none,black,none,1,0
 801 4500.0   -inf UN   0   0   0     0
 -63.5615  130.7126 3
 -64.5427  131.1534 2
  99.0000   99.0000 3
9999 9999,GPML,nolabel,none,black,none,1,0
 801 4500.0   -inf UN   0   0   0     0
 -63.9516  132.0466 3
 -64.1444  129.8042 2
  99.0000   99.0000 3
9999 9999,GPML,nolabel,none,black,none,1,0
 801 4500.0   -inf UN   0   0   0     0
 -62.5168  140.0395 3
 -63.4728  140.6857 2
  99.0000   99.0000 3
9999 9999,GPML,nolabel,none,black,none,1,0
 801 4500.0   -inf UN   0   0   0     0
 -62.8447  141.4048 3
 -63.1379  139.2995 2
  99.0000   99.0000 3
9999 9999,GPML,nolabel,none,black,none,1,0
 801 4500.0   -inf UN   0   0   0     0
 -61.0694  148.7308 3
 -61.9945  149.5277 2
  99.0000   99.0000 3
9999 9999,GPML,nolabel,none,black,none,1,0
 801 4500.0   -inf UN   0   0   0     0
 -61.3392  150.0879 3
 -61.7190  148.1472 2
  99.0000   99.0000 3
9999 9999,GPML,nolabel,none,black,none,1,0
 801 4500.0   -inf UN   0   0   0     0
 -59.2811  156.7153 3
 -60.1735  157.6105 2
  99.0000   99.0000 3
9999 9999,GPML,nolabel,none,black,none,1,0
 801 4500.0   -inf UN   0   0   0     0
 -59.4995  158.0362 3
 -59.9507  156.2659 2
  99.0000   99.0000 3
9999 9999,GPML,nolabel,none,black,none,1,0
 801 4500.0   -inf UN   0   0   0     0
 -57.2138  163.9983 3
 -58.0748  164.9488 2
  99.0000   99.0000 3
9999 9999,GPML,nolabel,none,black,none,1,0
 801 4500.0   -inf UN   0   0   0     0
 -57.3884  165.2669 3
 -57.8969  163.6580 2
  99.0000   99.0000 3
9999 9999,GPML,nolabel,none,black,none,1,0
 291  300.0   -inf UN   0   0   0     0
 -42.8197  -59.1801 3
 -43.6281  -59.9880 2
  99.0000   99.0000 3
9999 9999,GPML,nolabel,none,black,none,1,0
 291  300.0   -inf UN   0   0   0     0
 -43.5176  -59.0241 3
 -42.9290  -60.1334 2
  99.0000   99.0000 3
9999 9999,GPML,nolabel,none,black,none,1,0
 202  300.0   -inf UN   0   0   0     0
 -46.2900  -55.4856 3
 -47.0959  -56.3488 2
  99.0000   99.0000 3
9999 9999,GPML,nolabel,none,black,none,1,0
 202  300.0   -inf UN   0   0   0     0
 -46.9883  -55.3234 3
 -46.3963  -56.4982 2
  99.0000   99.0000 3
9999 9999,GPML,nolabel,none,black,none,1,0
 202  300.0   -inf UN   0   0   0     0
 -48.8057  -50.2223 3
 -49.6258  -51.0983 2
  99.0000   99.0000 3
9999 9999,GPML,nolabel,none,black,none,1,0
 202  300.0   -inf UN   0   0   0     0
 -49.5010  -50.0253 3
 -48.9289  -51.2810 2
  99.0000   99.0000 3
9999 9999,GPML,nolabel,none,black,none,1,0
 202  300.0   -inf UN   0   0   0     0
 -51.2189  -44.5841 3
 -52.0571  -45.4630 2
  99.0000   99.0000 3
9999 9999,GPML,nolabel,none,black,none,1,0
 202  300.0   -inf UN   0   0   0     0
 -51.9096  -44.3403 3
 -51.3642  -45.6908 2
  99.0000   99.0000 3
9999 9999,GPML,nolabel,none,black,none,1,0
 202  300.0   -inf UN   0   0   0     0
 -53.4978  -38.5100 3
 -54.3576  -39.3774 2
  99.0000   99.0000 3
9999 9999,GPML,nolabel,none,black,none,1,0
 202  300.0   -inf UN   0   0   0     0
 -54.1816  -38.2048 3
 -53.6710  -39.6650 2
  99.0000   99.0000 3
9999 9999,GPML,nolabel,none,black,none,1,0
 701  300.0   -inf UN   0   0   0     0
 -56.8861  -43.6255 3
 -57.0609  -45.4321 2
  99.0000   99.0000 3
9999 9999,GPML,nolabel,none,black,none,1,0
 701  300.0   -inf UN   0   0   0     0
 -57.4689  -44.3642 3
 -56.4844  -44.6850 2
  99.0000   99.0000 3
9999 9999,GPML,nolabel,none,black,none,1,0
 701  300.0   -inf UN   0   0   0     0
 -61.3602  -42.0141 3
 -61.5205  -44.0789 2
  99.0000   99.0000 3
9999 9999,GPML,nolabel,none,black,none,1,0
 701  300.0   -inf UN   0   0   0     0
 -61.9377  -42.8735 3
 -60.9507  -43.2089 2
  99.0000   99.0000 3
9999 9999,GPML,nolabel,none,black,none,1,0
 701  300.0   -inf UN   0   0   0     0
 -65.8428  -40.2588 3
 -65.9911  -42.6825 2
  99.0000   99.0000 3
9999 9999,GPML,nolabel,none,black,none,1,0
 701  300.0   -inf UN   0   0   0     0
 -66.4161  -41.2819 3
 -65.4272  -41.6454 2
  99.0000   99.0000 3
9999 9999,GPML,nolabel,none,black,none,1,0
 701  300.0   -inf UN   0   0   0     0
 -70.3303  -38.2413 3
 -70.4702  -41.1934 2
  99.0000   99.0000 3
9999 9999,GPML,nolabel,none,black,none,1,0
 701  300.0   -inf UN   0   0   0     0
 -70.9012  -39.4985 3
 -69.9110  -39.9160 2
  99.0000   99.0000 3
9999 9999,GPML,nolabel,none,black,none,1,0
 701  300.0   -inf UN   0   0   0     0
 -74.8172  -35.7083 3
 -74.9554  -39.5076 2
  99.0000   99.0000 3
9999 9999,GPML,nolabel,none,black,none,1,0
 701  300.0   -inf UN   0   0   0     0
 -75.3893  -37.3255 3
 -74.3989  -37.8566 2
  99.0000   99.0000 3
9999 9999,GPML,nolabel,none,black,none,1,0
 702 4500.0   -inf UN   0   0   0     0
 -66.8968   17.0219 3
 -67.6008   15.1852 2
  99.0000   99.0000 3
9999 9999,GPML,nolabel,none,black,none,1,0
 702 4500.0   -inf UN   0   0   0     0
 -67.6038   17.0410 3
 -66.8938   15.2198 2
  99.0000   99.0000 3
9999 9999,GPML,nolabel,none,black,none,1,0
 801 4500.0   -inf UN   0   0   0     0
 -58.9014  102.4131 3
 -59.8933  102.1641 2
  99.0000   99.0000 3
9999 9999,GPML,nolabel,none,black,none,1,0
 801 4500.0   -inf UN   0   0   0     0
 -59.4572  103.2663 3
 -59.3305  101.3180 2
  99.0000   99.0000 3
9999 9999,GPML,nolabel,none,black,none,1,0
 801 4500.0   -inf UN   0   0   0     0
 -59.2531  111.2465 3
 -60.2526  111.1879 2
  99.0000   99.0000 3
9999 9999,GPML,nolabel,none,black,none,1,0
 801 4500.0   -inf UN   0   0   0     0
 -59.7639  112.2100 3
 -59.7344  110.2260 2
  99.0000   99.0000 3
9999 9999,GPML,nolabel,none,black,none,1,0
 801 4500.0   -inf UN   0   0   0     0
 -59.1642  120.1388 3
 -60.1618  120.2755 2
  99.0000   99.0000 3
9999 9999,GPML,nolabel,none,black,none,1,0
 801 4500.0   -inf UN   0   0   0     0
 -59.6248  121.1925 3
 -59.6938  119.2176 2
  99.0000   99.0000 3
9999 9999,GPML,nolabel,none,black,none,1,0
 801 4500.0   -inf UN   0   0   0     0
 -58.6388  128.8945 3
 -59.6252  129.2150 2
  99.0000   99.0000 3
9999 9999,GPML,nolabel,none,black,none,1,0
 801 4500.0   -inf UN   0   0   0     0
 -59.0463  130.0114 3
 -59.2107  128.0891 2
  99.0000   99.0000 3
9999 9999,GPML,nolabel,none,black,none,1,0
 801 4500.0   -inf UN   0   0   0     0
 -57.6999  137.3414 3
 -58.6674  137.8207 2
  99.0000   99.0000 3
9999 9999,GPML,nolabel,none,black,none,1,0
 801 4500.0   -inf UN   0   0   0     0
 -58.0543  138.4922 3
 -58.3069  136.6571 2
  99.0000   99.0000 3
9999 9999,GPML,nolabel,none,black,none,1,0
 801 4500.0   -inf UN   0   0   0     0
 -56.3851  145.3536 3
 -57.3287  145.9592 2
  99.0000   99.0000 3
9999 9999,GPML,nolabel,none,black,none,1,0
 801 4500.0   -inf UN   0   0   0     0
 -56.6888  146.5117 3
 -57.0198  144.7860 2
  99.0000   99.0000 3
9999 9999,GPML,nolabel,none,black,none,1,0
 801 4500.0   -inf UN   0   0   0     0
 -54.7408  152.8605 3
 -55.6579  153.5589 2
  99.0000   99.0000 3
9999 9999,GPML,nolabel,none,black,none,1,0
 801 4500.0   -inf UN   0   0   0     0
 -54.9979  154.0052 3
 -55.3965  152.3981 2
  99.0000   99.0000 3
9999 9999,GPML,nolabel,none,black,none,1,0
 801 4500.0   -inf UN   0   0   0     0
 -52.8159  159.8417 3
 -53.7064  160.6025 2
  99.0000   99.0000 3
9999 9999,GPML,nolabel,none,black,none,1,0
 801 4500.0   -inf UN   0   0   0     0
 -53.0319  160.9585 3
 -53.4869  159.4698 2
  99.0000   99.0000 3
9999 9999,GPML,nolabel,none,black,none,1,0
 202  300.0   -inf UN   0   0   0     0
 -39.6381  -56.5234 3
 -40.4606  -57.2664 2
  99.0000   99.0000 3
9999 9999,GPML,nolabel,none,black,none,1,0
 202  300.0   -inf UN   0   0   0     0
 -40.3331  -56.3532 3
 -39.7643  -57.4277 2
  99.0000   99.0000 3
9999 9999,GPML,nolabel,none,black,none,1,0
 202  300.0   -inf UN   0   0   0     0
 -42.1728  -51.5225 3
 -43.0069  -52.2718 2
  99.0000   99.0000 3
9999 9999,GPML,nolabel,none,black,none,1,0
 202  300.0   -inf UN   0   0   0     0
 -42.8649  -51.3257 3
 -42.3133  -52.4587 2
  99.0000   99.0000 3
9999 9999,GPML,nolabel,none,black,none,1,0
 202  300.0   -inf UN   0   0   0     0
 -44.6159  -46.2384 3
 -45.4646  -46.9870 2
  99.0000   99.0000 3
9999 9999,GPML,nolabel,none,black,none,1,0
 202  300.0   -inf UN   0   0   0     0
 -45.3038  -46.0066 3
 -44.7749  -47.2077 2
  99.0000   99.0000 3
9999 9999,GPML,nolabel,none,black,none,1,0
 201  300.0   -inf UN   0   0   0     0
 -47.1329  -40.9386 3
 -47.9799  -41.7263 2
  99.0000   99.0000 3
9999 9999,GPML,nolabel,none,black,none,1,0
 201  300.0   -inf UN   0   0   0     0
 -47.8212  -40.6985 3
 -47.2896  -41.9537 2
  99.0000   99.0000 3
9999 9999,GPML,nolabel,none,black,none,1,0
 201  300.0   -inf UN   0   0   0     0
 -49.4560  -35.0555 3
 -50.3237  -35.8269 2
  99.0000   99.0000 3
9999 9999,GPML,nolabel,none,black,none,1,0
 201  300.0   -inf UN   0   0   0     0
 -50.1370  -34.7608 3
 -49.6401  -36.1078 2
  99.0000   99.0000 3
9999 9999,GPML,nolabel,none,black,none,1,0
 201  300.0   -inf UN   0   0   0     0
 -51.6020  -28.7409 3
 -52.4931  -29.4789 2
  99.0000   99.0000 3
9999 9999,GPML,nolabel,none,black,none,1,0
 201  300.0   -inf UN   0   0   0     0
 -52.2728  -28.3781 3
 -51.8190  -29.8271 2
  99.0000   99.0000 3
9999 9999,GPML,nolabel,none,black,none,1,0
 701  300.0   -inf UN   0   0   0     0
 -55.6353  -34.9023 3
 -55.9340  -36.5996 2
  99.0000   99.0000 3
9999 9999,GPML,nolabel,none,black,none,1,0
 701  300.0   -inf UN   0   0   0     0
 -56.2644  -35.4788 3
 -55.3101  -36.0101 2
  99.0000   99.0000 3
9999 9999,GPML,nolabel,none,black,none,1,0
 701  300.0   -inf UN   0   0   0     0
 -60.1078  -32.1009 3
 -60.4159  -34.0189 2
  99.0000   99.0000 3
9999 9999,GPML,nolabel,none,black,none,1,0
 701  300.0   -inf UN   0   0   0     0
 -60.7406  -32.7400 3
 -59.7893  -33.3617 2
  99.0000   99.0000 3
9999 9999,GPML,nolabel,none,black,none,1,0
 701  300.0   -inf UN   0   0   0     0
 -64.5537  -28.7225 3
 -64.8811  -30.9351 2
  99.0000   99.0000 3
9999 9999,GPML,nolabel,none,black,none,1,0
 701  300.0   -inf UN   0   0   0     0
 -65.1934  -29.4319 3
 -64.2487  -30.1989 2
  99.0000   99.0000 3
9999 9999,GPML,nolabel,none,black,none,1,0
 701  300.0   -inf UN   0   0   0     0
 -68.9488  -24.3924 3
 -69.3105  -27.0097 2
  99.0000   99.0000 3
9999 9999,GPML,nolabel,none,black,none,1,0
 701  300.0   -inf UN   0   0   0     0
 -69.6000  -25.1713 3
 -68.6679  -26.1874 2
  99.0000   99.0000 3
9999 9999,GPML,nolabel,none,black,none,1,0
 709  300.0   -inf UN   0   0   0     0
 -73.2656  -18.6517 3
 -73.7530  -21.7285 2
  99.0000   99.0000 3
9999 9999,GPML,nolabel,none,black,none,1,0
 709  300.0   -inf UN   0   0   0     0
 -73.9497  -19.2862 3
 -73.0767  -21.0053 2
  99.0000   99.0000 3
9999 9999,GPML,nolabel,none,black,none,1,0
 702 4500.0   -inf UN   0   0   0     0
 -63.1091   24.7719 3
 -63.8972   23.3919 2
  99.0000   99.0000 3
9999 9999,GPML,nolabel,none,black,none,1,0
 702 4500.0   -inf UN   0   0   0     0
 -63.8099   24.9843 3
 -63.1944   23.2176 2
  99.0000   99.0000 3
9999 9999,GPML,nolabel,none,black,none,1,0
 801 4500.0   -inf UN   0   0   0     0
 -54.2549  111.4953 3
 -55.2546  111.4506 2
  99.0000   99.0000 3
9999 9999,GPML,nolabel,none,black,none,1,0
 801 4500.0   -inf UN   0   0   0     0
 -54.7646  112.3396 3
 -54.7388  110.6074 2
  99.0000   99.0000 3
9999 9999,GPML,nolabel,none,black,none,1,0
 801 4500.0   -inf UN   0   0   0     0
 -54.1743  119.5585 3
 -55.1725  119.6628 2
  99.0000   99.0000 3
9999 9999,GPML,nolabel,none,black,none,1,0
 801 4500.0   -inf UN   0   0   0     0
 -54.6402  120.4723 3
 -54.7005  118.7462 2
  99.0000   99.0000 3
9999 9999,GPML,nolabel,none,black,none,1,0
 801 4500.0   -inf UN   0   0   0     0
 -53.6968  127.5275 3
 -54.6863  127.7740 2
  99.0000   99.0000 3
9999 9999,GPML,nolabel,none,black,none,1,0
 801 4500.0   -inf UN   0   0   0     0
 -54.1166  128.4933 3
 -54.2607  126.8022 2
  99.0000   99.0000 3
9999 9999,GPML,nolabel,none,black,none,1,0
 801 4500.0   -inf UN   0   0   0     0
 -52.8390  135.2806 3
 -53.8138  135.6540 2
  99.0000   99.0000 3
9999 9999,GPML,nolabel,none,black,none,1,0
 801 4500.0   -inf UN   0   0   0     0
 -53.2123  136.2790 3
 -53.4353  134.6470 2
  99.0000   99.0000 3
9999 9999,GPML,nolabel,none,black,none,1,0
 801 4500.0   -inf UN   0   0   0     0
 -51.6292  142.7223 3
 -52.5848  143.2022 2
  99.0000   99.0000 3
9999 9999,GPML,nolabel,none,black,none,1,0
 801 4500.0   -inf UN   0   0   0     0
 -51.9573  143.7350 3
 -52.2520  142.1793 2
  99.0000   99.0000 3
9999 9999,GPML,nolabel,none,black,none,1,0
 801 4500.0   -inf UN   0   0   0     0
 -50.1030  149.7913 3
 -51.0367  150.3552 2
  99.0000   99.0000 3
9999 9999,GPML,nolabel,none,black,none,1,0
 801 4500.0   -inf UN   0   0   0     0
 -50.3888  150.8027 3
 -50.7469  149.3328 2
  99.0000   99.0000 3
9999 9999,GPML,nolabel,none,black,none,1,0
 801 4500.0   -inf UN   0   0   0     0
 -48.2997  156.4591 3
 -49.2105  157.0854 2
  99.0000   99.0000 3
9999 9999,GPML,nolabel,none,black,none,1,0
 801 4500.0   -inf UN   0   0   0     0
 -48.5470  157.4573 3
 -48.9598  156.0759 2
  99.0000   99.0000 3
9999 9999,GPML,nolabel,none,black,none,1,0
 202  300.0   -inf UN   0   0   0     0
 -35.4610  -53.0549 3
 -36.3043  -53.7182 2
  99.0000   99.0000 3
9999 9999,GPML,nolabel,none,black,none,1,0
 202  300.0   -inf UN   0   0   0     0
 -36.1506  -52.8626 3
 -35.6133  -53.9035 2
  99.0000   99.0000 3
9999 9999,GPML,nolabel,none,black,none,1,0
 201  300.0   -inf UN   0   0   0     0
 -37.9465  -47.9491 3
 -38.7848  -48.6446 2
  99.0000   99.0000 3
9999 9999,GPML,nolabel,none,black,none,1,0
 201  300.0   -inf UN   0   0   0     0
 -38.6375  -47.7582 3
 -38.0923  -48.8274 2
  99.0000   99.0000 3
9999 9999,GPML,nolabel,none,black,none,1,0
 201  300.0   -inf UN   0   0   0     0
 -40.4482  -42.7932 3
 -41.3012  -43.4834 2
  99.0000   99.0000 3
9999 9999,GPML,nolabel,none,black,none,1,0
 201  300.0   -inf UN   0   0   0     0
 -41.1348  -42.5698 3
 -40.6129  -43.6979 2
  99.0000   99.0000 3
9999 9999,GPML,nolabel,none,black,none,1,0
 201  300.0   -inf UN   0   0   0     0
 -42.8255  -37.3457 3
 -43.6957  -38.0222 2
  99.0000   99.0000 3
9999 9999,GPML,nolabel,none,black,none,1,0
 201  300.0   -inf UN   0   0   0     0
 -43.5058  -37.0816 3
 -43.0132  -38.2766 2
  99.0000   99.0000 3
9999 9999,GPML,nolabel,none,black,none,1,0
 201  300.0   -inf UN   0   0   0     0
 -45.0488  -31.5722 3
 -45.9384  -32.2238 2
  99.0000   99.0000 3
9999 9999,GPML,nolabel,none,black,none,1,0
 201  300.0   -inf UN   0   0   0     0
 -45.7206  -31.2583 3
 -45.2639  -32.5274 2
  99.0000   99.0000 3
9999 9999,GPML,nolabel,none,black,none,1,0
 201  300.0   -inf UN   0   0   0     0
 -47.0856  -25.4435 3
 -47.9961  -26.0560 2
  99.0000   99.0000 3
9999 9999,GPML,nolabel,none,black,none,1,0
 201  300.0   -inf UN   0   0   0     0
 -47.7460  -25.0700 3
 -47.3326  -26.4188 2
  99.0000   99.0000 3
9999 9999,GPML,nolabel,none,black,none,1,0
 201  300.0   -inf UN   0   0   0     0
 -48.9006  -18.9408 3
 -49.8327  -19.4973 2
  99.0000   99.0000 3
9999 9999,GPML,nolabel,none,black,none,1,0
 201  300.0   -inf UN   0   0   0     0
 -49.5459  -18.4981 3
 -49.1836  -19.9294 2
  99.0000   99.0000 3
9999 9999,GPML,nolabel,none,black,none,1,0
 701  300.0   -inf UN   0   0   0     0
 -53.8090  -26.8362 3
 -54.2164  -28.3905 2
  99.0000   99.0000 3
9999 9999,GPML,nolabel,none,black,none,1,0
 701  300.0   -inf UN   0   0   0     0
 -54.4713  -27.2590 3
 -53.5580  -27.9525 2
  99.0000   99.0000 3
9999 9999,GPML,nolabel,none,black,none,1,0
 701  300.0   -inf UN   0   0   0     0
 -58.1768  -23.0980 3
 -58.6119  -24.8162 2
  99.0000   99.0000 3
9999 9999,GPML,nolabel,none,black,none,1,0
 701  300.0   -inf UN   0   0   0     0
 -58.8467  -23.5313 3
 -57.9463  -24.3617 2
  99.0000   99.0000 3
9999 9999,GPML,nolabel,none,black,none,1,0
 701  300.0   -inf UN   0   0   0     0
 -62.4588  -18.5273 3
 -62.9343  -20.4452 2
  99.0000   99.0000 3
9999 9999,GPML,nolabel,none,black,none,1,0
 701  300.0   -inf UN   0   0   0     0
 -63.1386  -18.9523 3
 -62.2590  -19.9894 2
  99.0000   99.0000 3
9999 9999,GPML,nolabel,none,black,none,1,0
 701  300.0   -inf UN   0   0   0     0
 -66.6021  -12.6867 3
 -67.1362  -14.8391 2
  99.0000   99.0000 3
9999 9999,GPML,nolabel,none,black,none,1,0
 701  300.0   -inf UN   0   0   0     0
 -67.2940  -13.0593 3
 -66.4486  -14.4196 2
  99.0000   99.0000 3
9999 9999,GPML,nolabel,none,black,none,1,0
 709  300.0   -inf UN   0   0   0     0
 -70.2573   -5.8245 3
 -70.9235   -8.0691 2
  99.0000   99.0000 3
9999 9999,GPML,nolabel,none,black,none,1,0
 709  300.0   -inf UN   0   0   0     0
 -70.9640   -5.9067 3
 -70.2184   -7.9127 2
  99.0000   99.0000 3
9999 9999,GPML,nolabel,none,black,none,1,0
 709  300.0   -inf UN   0   0   0     0
 -73.5323    5.7094 3
 -74.3146    3.4594 2
  99.0000   99.0000 3
9999 9999,GPML,nolabel,none,black,none,1,0
 709  300.0   -inf UN   0   0   0     0
 -74.2330    6.0512 3
 -73.6105    3.2245 2
  99.0000   99.0000 3
9999 9999,GPML,nolabel,none,black,none,1,0
 702 4500.0   -inf UN   0   0   0     0
 -61.3623   39.1752 3
 -62.2572   38.2307 2
  99.0000   99.0000 3
9999 9999,GPML,nolabel,none,black,none,1,0
 702 4500.0   -inf UN   0   0   0     0
 -62.0303   39.6641 3
 -61.5843   37.7695 2
  99.0000   99.0000 3
9999 9999,GPML,nolabel,none,black,none,1,0
 801 4500.0   -inf UN   0   0   0     0
 -49.1823  119.1033 3
 -50.1808  119.1866 2
  99.0000   99.0000 3
9999 9999,GPML,nolabel,none,black,none,1,0
 801 4500.0   -inf UN   0   0   0     0
 -49.6520  119.9157 3
 -49.7059  118.3724 2
  99.0000   99.0000 3
9999 9999,GPML,nolabel,none,black,none,1,0
 801 4500.0   -inf UN   0   0   0     0
 -48.7425  126.4486 3
 -49.7341  126.6465 2
  99.0000   99.0000 3
9999 9999,GPML,nolabel,none,black,none,1,0
 801 4500.0   -inf UN   0   0   0     0
 -49.1712  127.3049 3
 -49.3004  125.7861 2
  99.0000   99.0000 3
9999 9999,GPML,nolabel,none,black,none,1,0
 801 4500.0   -inf UN   0   0   0     0
 -47.9498  133.6364 3
 -48.9294  133.9391 2
  99.0000   99.0000 3
9999 9999,GPML,nolabel,none,black,none,1,0
 801 4500.0   -inf UN   0   0   0     0
 -48.3369  134.5231 3
 -48.5377  133.0464 2
  99.0000   99.0000 3
9999 9999,GPML,nolabel,none,black,none,1,0
 801 4500.0   -inf UN   0   0   0     0
 -46.8257  140.5936 3
 -47.7895  140.9874 2
  99.0000   99.0000 3
9999 9999,GPML,nolabel,none,black,none,1,0
 801 4500.0   -inf UN   0   0   0     0
 -47.1721  141.4975 3
 -47.4390  140.0762 2
  99.0000   99.0000 3
9999 9999,GPML,nolabel,none,black,none,1,0
 801 4500.0   -inf UN   0   0   0     0
 -45.3987  147.2686 3
 -46.3438  147.7378 2
  99.0000   99.0000 3
9999 9999,GPML,nolabel,none,black,none,1,0
 801 4500.0   -inf UN   0   0   0     0
 -45.7061  148.1778 3
 -46.0328  146.8204 2
  99.0000   99.0000 3
9999 9999,GPML,nolabel,none,black,none,1,0
 201  300.0   -inf UN   0   0   0     0
 -28.5346  -54.2676 3
 -29.3683  -54.8987 2
  99.0000   99.0000 3
9999 9999,GPML,nolabel,none,black,none,1,0
 201  300.0   -inf UN   0   0   0     0
 -29.2271  -54.1042 3
 -28.6749  -55.0569 2
  99.0000   99.0000 3
9999 9999,GPML,nolabel,none,black,none,1,0
 201  300.0   -inf UN   0   0   0     0
 -31.1606  -49.5781 3
 -32.0044  -50.2080 2
  99.0000   99.0000 3
9999 9999,GPML,nolabel,none,black,none,1,0
 201  300.0   -inf UN   0   0   0     0
 -31.8502  -49.3948 3
 -31.3137  -50.3854 2
  99.0000   99.0000 3
9999 9999,GPML,nolabel,none,black,none,1,0
 201  300.0   -inf UN   0   0   0     0
 -33.6991  -44.6936 3
 -34.5554  -45.3174 2
  99.0000   99.0000 3
9999 9999,GPML,nolabel,none,black,none,1,0
 201  300.0   -inf UN   0   0   0     0
 -34.3848  -44.4850 3
 -33.8683  -45.5195 2
  99.0000   99.0000 3
9999 9999,GPML,nolabel,none,black,none,1,0
 201  300.0   -inf UN   0   0   0     0
 -36.1273  -39.5855 3
 -36.9983  -40.1972 2
  99.0000   99.0000 3
9999 9999,GPML,nolabel,none,black,none,1,0
 201  300.0   -inf UN   0   0   0     0
 -36.8077  -39.3456 3
 -36.3163  -40.4300 2
  99.0000   99.0000 3
9999 9999,GPML,nolabel,none,black,none,1,0
 201  300.0   -inf UN   0   0   0     0
 -38.4204  -34.2265 3
 -39.3080  -34.8182 2
  99.0000   99.0000 3
9999 9999,GPML,nolabel,none,black,none,1,0
 201  300.0   -inf UN   0   0   0     0
 -39.0936  -33.9487 3
 -38.6328  -35.0886 2
  99.0000   99.0000 3
9999 9999,GPML,nolabel,none,black,none,1,0
 201  300.0   -inf UN   0   0   0     0
 -40.5510  -28.5927 3
 -41.4565  -29.1549 2
  99.0000   99.0000 3
9999 9999,GPML,nolabel,none,black,none,1,0
 201  300.0   -inf UN   0   0   0     0
 -41.2147  -28.2699 3
 -40.7904  -29.4699 2
  99.0000   99.0000 3
9999 9999,GPML,nolabel,none,black,none,1,0
 201  300.0   -inf UN   0   0   0     0
 -42.4895  -22.6665 3
 -43.4140  -23.1875 2
  99.0000   99.0000 3
9999 9999,GPML,nolabel,none,black,none,1,0
 201  300.0   -inf UN   0   0   0     0
 -43.1409  -22.2916 3
 -42.7596  -23.5545 2
  99.0000   99.0000 3
9999 9999,GPML,nolabel,none,black,none,1,0
 201  300.0   -inf UN   0   0   0     0
 -44.2050  -16.4397 3
 -45.1483  -16.9063 2
  99.0000   99.0000 3
9999 9999,GPML,nolabel,none,black,none,1,0
 201  300.0   -inf UN   0   0   0     0
 -44.8408  -16.0059 3
 -44.5090  -17.3325 2
  99.0000   99.0000 3
9999 9999,GPML,nolabel,none,black,none,1,0
 701  300.0   -inf UN   0   0   0     0
 -51.4903  -19.5283 3
 -51.9893  -20.9278 2
  99.0000   99.0000 3
9999 9999,GPML,nolabel,none,black,none,1,0
 701  300.0   -inf UN   0   0   0     0
 -52.1745  -19.8174 3
 -51.3079  -20.6233 2
  99.0000   99.0000 3
9999 9999,GPML,nolabel,none,black,none,1,0
 701  300.0   -inf UN   0   0   0     0
 -55.6826  -15.1468 3
 -56.2209  -16.6521 2
  99.0000   99.0000 3
9999 9999,GPML,nolabel,none,black,none,1,0
 701  300.0   -inf UN   0   0   0     0
 -56.3745  -15.4083 3
 -55.5318  -16.3697 2
  99.0000   99.0000 3
9999 9999,GPML,nolabel,none,black,none,1,0
 701  300.0   -inf UN   0   0   0     0
 -59.7255   -9.8509 3
 -60.3153  -11.4671 2
  99.0000   99.0000 3
9999 9999,GPML,nolabel,none,black,none,1,0
 701  300.0   -inf UN   0   0   0     0
 -60.4253  -10.0544 3
 -59.6178  -11.2349 2
  99.0000   99.0000 3
9999 9999,GPML,nolabel,none,black,none,1,0
 701  300.0   -inf UN   0   0   0     0
 -63.5461   -3.2713 3
 -64.2028   -4.9842 2
  99.0000   99.0000 3
9999 9999,GPML,nolabel,none,black,none,1,0
 701  300.0   -inf UN   0   0   0     0
 -64.2521   -3.3620 3
 -63.4979   -4.8537 2
  99.0000   99.0000 3
9999 9999,GPML,nolabel,none,black,none,1,0
 709  300.0   -inf UN   0   0   0     0
 -66.5814    3.4312 3
 -67.3553    1.8120 2
  99.0000   99.0000 3
9999 9999,GPML,nolabel,none,black,none,1,0
 709  300.0   -inf UN   0   0   0     0
 -67.2840    3.6364 3
 -66.6507    1.6580 2
  99.0000   99.0000 3
9999 9999,GPML,nolabel,none,black,none,1,0
 709  300.0   -inf UN   0   0   0     0
 -69.3446   14.3521 3
 -70.2112   12.9084 2
  99.0000   99.0000 3
9999 9999,GPML,nolabel,none,black,none,1,0
 709  300.0   -inf UN   0   0   0     0
 -70.0243   14.9135 3
 -69.5255   12.4059 2
  99.0000   99.0000 3
9999 9999,GPML,nolabel,none,black,none,1,0
 801 4500.0   -inf UN   0   0   0     0
 -43.7799  125.5639 3
 -44.7730  125.7285 2
  99.0000   99.0000 3
9999 9999,GPML,nolabel,none,black,none,1,0
 801 4500.0   -inf UN   0   0   0     0
 -44.2156  126.3383 3
 -44.3333  124.9513 2
  99.0000   99.0000 3
9999 9999,GPML,nolabel,none,black,none,1,0
 801 4500.0   -inf UN   0   0   0     0
 -43.0411  132.2776 3
 -44.0241  132.5311 2
  99.0000   99.0000 3
9999 9999,GPML,nolabel,none,black,none,1,0
 801 4500.0   -inf UN   0   0   0     0
 -43.4389  133.0802 3
 -43.6225  131.7244 2
  99.0000   99.0000 3
9999 9999,GPML,nolabel,none,black,none,1,0
 801 4500.0   -inf UN   0   0   0     0
 -41.9893  138.8159 3
 -42.9587  139.1487 2
  99.0000   99.0000 3
9999 9999,GPML,nolabel,none,black,none,1,0
 801 4500.0   -inf UN   0   0   0     0
 -42.3497  139.6369 3
 -42.5950  138.3226 2
  99.0000   99.0000 3
9999 9999,GPML,nolabel,none,black,none,1,0
 801 4500.0   -inf UN   0   0   0     0
 -39.0417  151.2107 3
 -39.9774  151.6680 2
  99.0000   99.0000 3
9999 9999,GPML,nolabel,none,black,none,1,0
 801 4500.0   -inf UN   0   0   0     0
 -39.3319  152.0427 3
 -39.6846  150.8297 2
  99.0000   99.0000 3
9999 9999,GPML,nolabel,none,black,none,1,0
 201  300.0   -inf UN   0   0   0     0
 -21.6750  -55.7699 3
 -22.5129  -56.3590 2
  99.0000   99.0000 3
9999 9999,GPML,nolabel,none,black,none,1,0
 201  300.0   -inf UN   0   0   0     0
 -22.3666  -55.6105 3
 -21.8207  -56.5148 2
  99.0000   99.0000 3
9999 9999,GPML,nolabel,none,black,none,1,0
 201  300.0   -inf UN   0   0   0     0
 -24.3260  -51.2517 3
 -25.1726  -51.8377 2
  99.0000   99.0000 3
9999 9999,GPML,nolabel,none,black,none,1,0
 201  300.0   -inf UN   0   0   0     0
 -25.0150  -51.0765 3
 -24.4828  -52.0089 2
  99.0000   99.0000 3
9999 9999,GPML,nolabel,none,black,none,1,0
 201  300.0   -inf UN   0   0   0     0
 -26.8991  -46.5856 3
 -27.7566  -47.1648 2
  99.0000   99.0000 3
9999 9999,GPML,nolabel,none,black,none,1,0
 201  300.0   -inf UN   0   0   0     0
 -27.5847  -46.3903 3
 -27.0700  -47.3555 2
  99.0000   99.0000 3
9999 9999,GPML,nolabel,none,black,none,1,0
 201  300.0   -inf UN   0   0   0     0
 -29.3743  -41.7478 3
 -30.2445  -42.3156 2
  99.0000   99.0000 3
9999 9999,GPML,nolabel,none,black,none,1,0
 201  300.0   -inf UN   0   0   0     0
 -30.0552  -41.5278 3
 -29.5625  -42.5307 2
  99.0000   99.0000 3
9999 9999,GPML,nolabel,none,black,none,1,0
 201  300.0   -inf UN   0   0   0     0
 -31.7299  -36.7158 3
 -32.6146  -37.2666 2
  99.0000   99.0000 3
9999 9999,GPML,nolabel,none,black,none,1,0
 201  300.0   -inf UN   0   0   0     0
 -32.4046  -36.4660 3
 -31.9384  -37.5110 2
  99.0000   99.0000 3
9999 9999,GPML,nolabel,none,black,none,1,0
 201  300.0   -inf UN   0   0   0     0
 -33.9423  -31.4691 3
 -34.8428  -31.9960 2
  99.0000   99.0000 3
9999 9999,GPML,nolabel,none,black,none,1,0
 201  300.0   -inf UN   0   0   0     0
 -34.6091  -31.1841 3
 -34.1743  -32.2754 2
  99.0000   99.0000 3
9999 9999,GPML,nolabel,none,black,none,1,0
 201  300.0   -inf UN   0   0   0     0
 -35.9864  -25.9915 3
 -36.9037  -26.4863 2
  99.0000   99.0000 3
9999 9999,GPML,nolabel,none,black,none,1,0
 201  300.0   -inf UN   0   0   0     0
 -36.6430  -25.6658 3
 -36.2450  -26.8062 2
  99.0000   99.0000 3
9999 9999,GPML,nolabel,none,black,none,1,0
 201  300.0   -inf UN   0   0   0     0
 -37.8356  -20.2725 3
 -38.7702  -20.7258 2
  99.0000   99.0000 3
9999 9999,GPML,nolabel,none,black,none,1,0
 201  300.0   -inf UN   0   0   0     0
 -38.4795  -19.9008 3
 -38.1238  -21.0917 2
  99.0000   99.0000 3
9999 9999,GPML,nolabel,none,black,none,1,0
 201  300.0   -inf UN   0   0   0     0
 -39.4628  -14.3102 3
 -40.4143  -14.7116 2
  99.0000   99.0000 3
9999 9999,GPML,nolabel,none,black,none,1,0
 201  300.0   -inf UN   0   0   0     0
 -40.0910  -13.8877 3
 -39.7832  -15.1286 2
  99.0000   99.0000 3
9999 9999,GPML,nolabel,none,black,none,1,0
 701  300.0   -inf UN   0   0   0     0
 -48.7637  -12.9854 3
 -49.3378  -14.2347 2
  99.0000   99.0000 3
9999 9999,GPML,nolabel,none,black,none,1,0
 701  300.0   -inf UN   0   0   0     0
 -49.4610  -13.1648 3
 -48.6422  -14.0409 2
  99.0000   99.0000 3
9999 9999,GPML,nolabel,none,black,none,1,0
 701  300.0   -inf UN   0   0   0     0
 -52.7394   -8.2272 3
 -53.3590   -9.5331 2
  99.0000   99.0000 3
9999 9999,GPML,nolabel,none,black,none,1,0
 701  300.0   -inf UN   0   0   0     0
 -53.4423   -8.3553 3
 -52.6574   -9.3861 2
  99.0000   99.0000 3
9999 9999,GPML,nolabel,none,black,none,1,0
 701  300.0   -inf UN   0   0   0     0
 -56.5107   -2.5885 3
 -57.1856   -3.9379 2
  99.0000   99.0000 3
9999 9999,GPML,nolabel,none,black,none,1,0
 701  300.0   -inf UN   0   0   0     0
 -57.2173   -2.6338 3
 -56.4796   -3.8683 2
  99.0000   99.0000 3
9999 9999,GPML,nolabel,none,black,none,1,0
 712  300.0   -inf UN   0   0   0     0
 -59.8419    2.9401 3
 -60.5983    1.6231 2
  99.0000   99.0000 3
9999 9999,GPML,nolabel,none,black,none,1,0
 712  300.0   -inf UN   0   0   0     0
 -60.5465    3.0585 3
 -59.8926    1.5352 2
  99.0000   99.0000 3
9999 9999,GPML,nolabel,none,black,none,1,0
 712  300.0   -inf UN   0   0   0     0
 -62.8365   11.2643 3
 -63.6664   10.0246 2
  99.0000   99.0000 3
9999 9999,GPML,nolabel,none,black,none,1,0
 712  300.0   -inf UN   0   0   0     0
 -63.5287   11.5843 3
 -62.9709    9.7402 2
  99.0000   99.0000 3
9999 9999,GPML,nolabel,none,black,none,1,0
 619 4500.0   -inf UN   0   0   0     0
 -21.7496  129.8361 3
 -21.0181  130.5684 2
  99.0000   99.0000 3
9999 9999,GPML,nolabel,none,black,none,1,0
 619 4500.0   -inf UN   0   0   0     0
 -21.0429  129.8113 3
 -21.7247  130.5968 2
  99.0000   99.0000 3
9999 9999,GPML,nolabel,none,black,none,1,0
 801 4500.0   -inf UN   0   0   0     0
 -38.1187  131.1208 3
 -39.1041  131.3390 2
  99.0000   99.0000 3
9999 9999,GPML,nolabel,none,black,none,1,0
 801 4500.0   -inf UN   0   0   0     0
 -38.5245  131.8589 3
 -38.6950  130.5979 2
  99.0000   99.0000 3
9999 9999,GPML,nolabel,none,black,none,1,0
 801 4500.0   -inf UN   0   0   0     0
 -37.1294  137.2903 3
 -38.1029  137.5789 2
  99.0000   99.0000 3
9999 9999,GPML,nolabel,none,black,none,1,0
 801 4500.0   -inf UN   0   0   0     0
 -37.5004  138.0472 3
 -37.7289  136.8182 2
  99.0000   99.0000 3
9999 9999,GPML,nolabel,none,black,none,1,0
 201  300.0   -inf UN   0   0   0     0
 -17.4567  -52.9200 3
 -18.3039  -53.4784 2
  99.0000   99.0000 3
9999 9999,GPML,nolabel,none,black,none,1,0
 201  300.0   -inf UN   0   0   0     0
 -18.1457  -52.7528 3
 -17.6143  -53.6430 2
  99.0000   99.0000 3
9999 9999,GPML,nolabel,none,black,none,1,0
 201  300.0   -inf UN   0   0   0     0
 -20.0616  -48.4312 3
 -20.9183  -48.9819 2
  99.0000   99.0000 3
9999 9999,GPML,nolabel,none,black,none,1,0
 201  300.0   -inf UN   0   0   0     0
 -20.7475  -48.2477 3
 -20.2316  -49.1623 2
  99.0000   99.0000 3
9999 9999,GPML,nolabel,none,black,none,1,0
 201  300.0   -inf UN   0   0   0     0
 -22.5792  -43.8124 3
 -23.4471  -44.3520 2
  99.0000   99.0000 3
9999 9999,GPML,nolabel,none,black,none,1,0
 201  300.0   -inf UN   0   0   0     0
 -23.2610  -43.6089 3
 -22.7644  -44.5520 2
  99.0000   99.0000 3
9999 9999,GPML,nolabel,none,black,none,1,0
 201  300.0   -inf UN   0   0   0     0
 -24.9902  -39.0440 3
 -25.8711  -39.5682 2
  99.0000   99.0000 3
9999 9999,GPML,nolabel,none,black,none,1,0
 201  300.0   -inf UN   0   0   0     0
 -25.6668  -38.8164 3
 -25.1934  -39.7919 2
  99.0000   99.0000 3
9999 9999,GPML,nolabel,none,black,none,1,0
 201  300.0   -inf UN   0   0   0     0
 -27.2740  -34.1081 3
 -28.1692  -34.6118 2
  99.0000   99.0000 3
9999 9999,GPML,nolabel,none,black,none,1,0
 201  300.0   -inf UN   0   0   0     0
 -27.9438  -33.8523 3
 -27.4980  -34.8635 2
  99.0000   99.0000 3
9999 9999,GPML,nolabel,none,black,none,1,0
 201  300.0   -inf UN   0   0   0     0
 -29.4089  -28.9895 3
 -30.3193  -29.4665 2
  99.0000   99.0000 3
9999 9999,GPML,nolabel,none,black,none,1,0
 201  300.0   -inf UN   0   0   0     0
 -30.0701  -28.7009 3
 -29.6564  -29.7507 2
  99.0000   99.0000 3
9999 9999,GPML,nolabel,none,black,none,1,0
 201  300.0   -inf UN   0   0   0     0
 -31.3718  -23.6768 3
 -32.2980  -24.1204 2
  99.0000   99.0000 3
9999 9999,GPML,nolabel,none,black,none,1,0
 201  300.0   -inf UN   0   0   0     0
 -32.0223  -23.3512 3
 -31.6455  -24.4415 2
  99.0000   99.0000 3
9999 9999,GPML,nolabel,none,black,none,1,0
 201  300.0   -inf UN   0   0   0     0
 -33.1390  -18.1644 3
 -34.0812  -18.5669 2
  99.0000   99.0000 3
9999 9999,GPML,nolabel,none,black,none,1,0
 201  300.0   -inf UN   0   0   0     0
 -33.7765  -17.7978 3
 -33.4414  -18.9291 2
  99.0000   99.0000 3
9999 9999,GPML,nolabel,none,black,none,1,0
 201  300.0   -inf UN   0   0   0     0
 -34.6869  -12.4539 3
 -35.6443  -12.8070 2
  99.0000   99.0000 3
9999 9999,GPML,nolabel,none,black,none,1,0
 201  300.0   -inf UN   0   0   0     0
 -35.3086  -12.0428 3
 -35.0200  -13.2139 2
  99.0000   99.0000 3
9999 9999,GPML,nolabel,none,black,none,1,0
 701  300.0   -inf UN   0   0   0     0
 -41.7794  -11.4418 3
 -42.3731  -12.5260 2
  99.0000   99.0000 3
9999 9999,GPML,nolabel,none,black,none,1,0
 701  300.0   -inf UN   0   0   0     0
 -42.4792  -11.5789 3
 -41.6745  -12.3788 2
  99.0000   99.0000 3
9999 9999,GPML,nolabel,none,black,none,1,0
 701  300.0   -inf UN   0   0   0     0
 -45.7062   -7.1543 3
 -46.3409   -8.2673 2
  99.0000   99.0000 3
9999 9999,GPML,nolabel,none,black,none,1,0
 701  300.0   -inf UN   0   0   0     0
 -46.4104   -7.2474 3
 -45.6376   -8.1614 2
  99.0000   99.0000 3
9999 9999,GPML,nolabel,none,black,none,1,0
 701  300.0   -inf UN   0   0   0     0
 -49.4462   -2.2306 3
 -50.1287   -3.3627 2
  99.0000   99.0000 3
9999 9999,GPML,nolabel,none,black,none,1,0
 701  300.0   -inf UN   0   0   0     0
 -50.1530   -2.2600 3
 -49.4222   -3.3173 2
  99.0000   99.0000 3
9999 9999,GPML,nolabel,none,black,none,1,0
 701  300.0   -inf UN   0   0   0     0
 -52.9405    3.4819 3
 -53.6780    2.3516 2
  99.0000   99.0000 3
9999 9999,GPML,nolabel,none,black,none,1,0
 701  300.0   -inf UN   0   0   0     0
 -53.6467    3.5437 3
 -52.9714    2.3092 2
  99.0000   99.0000 3
9999 9999,GPML,nolabel,none,black,none,1,0
 712  300.0   -inf UN   0   0   0     0
 -55.8885    8.7067 3
 -56.6993    7.6518 2
  99.0000   99.0000 3
9999 9999,GPML,nolabel,none,black,none,1,0
 712  300.0   -inf UN   0   0   0     0
 -56.5855    8.9210 3
 -56.0002    7.4598 2
  99.0000   99.0000 3
9999 9999,GPML,nolabel,none,black,none,1,0
 712  300.0   -inf UN   0   0   0     0
 -58.5493   16.5349 3
 -59.4225   15.5891 2
  99.0000   99.0000 3
9999 9999,GPML,nolabel,none,black,none,1,0
 712  300.0   -inf UN   0   0   0     0
 -59.2276   16.9214 3
 -58.7404   15.2266 2
  99.0000   99.0000 3
9999 9999,GPML,nolabel,none,black,none,1,0
 709  300.0   -inf UN   0   0   0     0
 -60.2344   24.1953 3
 -61.1702   23.4751 2
  99.0000   99.0000 3
9999 9999,GPML,nolabel,none,black,none,1,0
 709  300.0   -inf UN   0   0   0     0
 -60.8755   24.8019 3
 -60.5233   22.8894 2
  99.0000   99.0000 3
9999 9999,GPML,nolabel,none,black,none,1,0
 616 4500.0   -inf UN   0   0   0     0
 -28.0506  130.3606 3
 -27.3347  131.1491 2
  99.0000   99.0000 3
9999 9999,GPML,nolabel,none,black,none,1,0
 616 4500.0   -inf UN   0   0   0     0
 -27.3436  130.3532 3
 -28.0417  131.1618 2
  99.0000   99.0000 3
9999 9999,GPML,nolabel,none,black,none,1,0
 619 4500.0   -inf UN   0   0   0     0
 -25.3548  126.0557 3
 -24.6413  126.8287 2
  99.0000   99.0000 3
9999 9999,GPML,nolabel,none,black,none,1,0
 619 4500.0   -inf UN   0   0   0     0
 -24.6477  126.0508 3
 -25.3483  126.8382 2
  99.0000   99.0000 3
9999 9999,GPML,nolabel,none,black,none,1,0
 201  300.0   -inf UN   0   0   0     0
 -13.1997  -50.1999 3
 -14.0537  -50.7354 2
  99.0000   99.0000 3
9999 9999,GPML,nolabel,none,black,none,1,0
 201  300.0   -inf UN   0   0   0     0
 -13.8866  -50.0273 3
 -13.3663  -50.9060 2
  99.0000   99.0000 3
9999 9999,GPML,nolabel,none,black,none,1,0
 201  300.0   -inf UN   0   0   0     0
 -15.7549  -45.7609 3
 -16.6191  -46.2849 2
  99.0000   99.0000 3
9999 9999,GPML,nolabel,none,black,none,1,0
 201  300.0   -inf UN   0   0   0     0
 -16.4383  -45.5718 3
 -15.9351  -46.4717 2
  99.0000   99.0000 3
9999 9999,GPML,nolabel,none,black,none,1,0
 201  300.0   -inf UN   0   0   0     0
 -18.2146  -41.2089 3
 -19.0906  -41.7181 2
  99.0000   99.0000 3
9999 9999,GPML,nolabel,none,black,none,1,0
 201  300.0   -inf UN   0   0   0     0
 -18.8934  -41.0000 3
 -18.4110  -41.9245 2
  99.0000   99.0000 3
9999 9999,GPML,nolabel,none,black,none,1,0
 201  300.0   -inf UN   0   0   0     0
 -20.5606  -36.5277 3
 -21.4496  -37.0182 2
  99.0000   99.0000 3
9999 9999,GPML,nolabel,none,black,none,1,0
 201  300.0   -inf UN   0   0   0     0
 -21.2336  -36.2953 3
 -20.7757  -37.2476 2
  99.0000   99.0000 3
9999 9999,GPML,nolabel,none,black,none,1,0
 201  300.0   -inf UN   0   0   0     0
 -22.7736  -31.7029 3
 -23.6767  -32.1702 2
  99.0000   99.0000 3
9999 9999,GPML,nolabel,none,black,none,1,0
 201  300.0   -inf UN   0   0   0     0
 -23.4393  -31.4436 3
 -23.0099  -32.4263 2
  99.0000   99.0000 3
9999 9999,GPML,nolabel,none,black,none,1,0
 201  300.0   -inf UN   0   0   0     0
 -24.8335  -26.7229 3
 -25.7514  -27.1617 2
  99.0000   99.0000 3
9999 9999,GPML,nolabel,none,black,none,1,0
 201  300.0   -inf UN   0   0   0     0
 -25.4901  -26.4330 3
 -25.0933  -27.4483 2
  99.0000   99.0000 3
9999 9999,GPML,nolabel,none,black,none,1,0
 201  300.0   -inf UN   0   0   0     0
 -26.7195  -21.5800 3
 -27.6525  -21.9847 2
  99.0000   99.0000 3
9999 9999,GPML,nolabel,none,black,none,1,0
 201  300.0   -inf UN   0   0   0     0
 -27.3651  -21.2562 3
 -27.0052  -22.3051 2
  99.0000   99.0000 3
9999 9999,GPML,nolabel,none,black,none,1,0
 201  300.0   -inf UN   0   0   0     0
 -28.4106  -16.2716 3
 -29.3584  -16.6357 2
  99.0000   99.0000 3
9999 9999,GPML,nolabel,none,black,none,1,0
 201  300.0   -inf UN   0   0   0     0
 -29.0429  -15.9108 3
 -28.7241  -16.9933 2
  99.0000   99.0000 3
