URN,Label,PlateID,erlat,erlon,Symbol,Size,Azimuth,Time,Time,Border Color,Fill Color
0,{elevation}ft {formation},0,-83,-90.0,square,1,0,100.0,100.0,#724b25,#724b25
0,{elevation}ft {formation},0,-82,158.4,square,1,0,100.0,100.0,#89592a,#89592a
0,{elevation}ft {formation},0,-82,165.6,square,1,0,100.0,100.0,#89592a,#89592a
0,{elevation}ft {formation},0,-82,172.8,square,1,0,100.0,100.0,#724b25,#724b25
0,{elevation}ft {formation},0,-81,-45.0,square,1,0,100.0,100.0,#5a3d1f,#5a3d1f
0,{elevation}ft {formation},0,-81,141.43,square,1,0,100.0,100.0,#89592a,#89592a
0,{elevation}ft {formation},0,-81,160.71,square,1,0,100.0,100.0,#724b25,#724b25
0,{elevation}ft {formation},0,-80,-134.29,square,1,0,100.0,100.0,#4f8356,#4f8356
0,{elevation}ft {formation},0,-79,-133.04,square,1,0,100.0,100.0,#8edcf7,#8edcf7
0,{elevation}ft {formation},0,-79,-39.13,square,1,0,100.0,100.0,#bfb5a6,#bfb5a6
0,{elevation}ft {formation},0,-77,-55.56,square,1,0,100.0,100.0,#4f8356,#4f8356
0,{elevation}ft {formation},0,-76,-51.72,square,1,0,100.0,100.0,#89592a,#89592a
0,{elevation}ft {formation},0,-75,160.65,square,1,0,100.0,100.0,#a3e1f7,#a3e1f7
0,{elevation}ft {formation},0,-75,164.52,square,1,0,100.0,100.0,#8edcf7,#8edcf7
0,{elevation}ft {formation},0,-74,-56.36,square,1,0,100.0,100.0,#89592a,#89592a
0,{elevation}ft {formation},0,-74,161.82,square,1,0,100.0,100.0,#2b462f,#2b462f
0,{elevation}ft {formation},0,-72,-53.51,square,1,0,100.0,100.0,#89592a,#89592a
0,{elevation}ft {formation},0,-72,173.51,square,1,0,100.0,100.0,#2d9cd0,#2d9cd0
0,{elevation}ft {formation},0,-72,176.76,square,1,0,100.0,100.0,#65d8eb,#65d8eb
0,{elevation}ft {formation},0,-71,-56.92,square,1,0,100.0,100.0,#89592a,#89592a
0,{elevation}ft {formation},0,-71,-53.85,square,1,0,100.0,100.0,#bfb5a6,#bfb5a6
0,{elevation}ft {formation},0,-71,173.85,square,1,0,100.0,100.0,#8edcf7,#8edcf7
0,{elevation}ft {formation},0,-70,-54.15,square,1,0,100.0,100.0,#724b25,#724b25
0,{elevation}ft {formation},0,-69,-54.42,square,1,0,100.0,100.0,#bfb5a6,#bfb5a6
0,{elevation}ft {formation},0,-69,-51.63,square,1,0,100.0,100.0,#dfac7a,#dfac7a
0,{elevation}ft {formation},0,-69,-48.84,square,1,0,100.0,100.0,#8edcf7,#8edcf7
0,{elevation}ft {formation},0,-69,129.77,square,1,0,100.0,100.0,#2b462f,#2b462f
0,{elevation}ft {formation},0,-69,166.05,square,1,0,100.0,100.0,#a3e1f7,#a3e1f7
0,{elevation}ft {formation},0,-68,-54.67,square,1,0,100.0,100.0,#bfb5a6,#bfb5a6
0,{elevation}ft {formation},0,-68,-52.0,square,1,0,100.0,100.0,#89592a,#89592a
0,{elevation}ft {formation},0,-68,-49.33,square,1,0,100.0,100.0,#bfb5a6,#bfb5a6
0,{elevation}ft {formation},0,-68,124.0,square,1,0,100.0,100.0,#4f8356,#4f8356
0,{elevation}ft {formation},0,-68,148.0,square,1,0,100.0,100.0,#89592a,#89592a
0,{elevation}ft {formation},0,-68,164.0,square,1,0,100.0,100.0,#65d8eb,#65d8eb
0,{elevation}ft {formation},0,-66,-49.32,square,1,0,100.0,100.0,#bfb5a6,#bfb5a6
0,{elevation}ft {formation},0,-63,-47.48,square,1,0,100.0,100.0,#bfb5a6,#bfb5a6
0,{elevation}ft {formation},0,-63,-43.07,square,1,0,100.0,100.0,#89592a,#89592a
0,{elevation}ft {formation},0,-62,-47.93,square,1,0,100.0,100.0,#dfac7a,#dfac7a
0,{elevation}ft {formation},0,-62,-43.67,square,1,0,100.0,100.0,#8edcf7,#8edcf7
0,{elevation}ft {formation},0,-61,-44.23,square,1,0,100.0,100.0,#2d9cd0,#2d9cd0
0,{elevation}ft {formation},0,-61,-5.14,square,1,0,100.0,100.0,#bfb5a6,#bfb5a6
0,{elevation}ft {formation},0,-60,-50.0,square,1,0,100.0,100.0,#89592a,#89592a
0,{elevation}ft {formation},0,-60,-46.0,square,1,0,100.0,100.0,#2d9cd0,#2d9cd0
0,{elevation}ft {formation},0,-60,128.0,square,1,0,100.0,100.0,#4f8356,#4f8356
0,{elevation}ft {formation},0,-59,-51.57,square,1,0,100.0,100.0,#bfb5a6,#bfb5a6
0,{elevation}ft {formation},0,-59,-49.62,square,1,0,100.0,100.0,#2d9cd0,#2d9cd0
0,{elevation}ft {formation},0,-59,100.22,square,1,0,100.0,100.0,#8edcf7,#8edcf7
0,{elevation}ft {formation},0,-59,104.11,square,1,0,100.0,100.0,#8edcf7,#8edcf7
0,{elevation}ft {formation},0,-59,141.08,square,1,0,100.0,100.0,#4f8356,#4f8356
0,{elevation}ft {formation},0,-58,-17.91,square,1,0,100.0,100.0,#2d9cd0,#2d9cd0
0,{elevation}ft {formation},0,-58,104.61,square,1,0,100.0,100.0,#8edcf7,#8edcf7
0,{elevation}ft {formation},0,-58,123.46,square,1,0,100.0,100.0,#4f8356,#4f8356
0,{elevation}ft {formation},0,-58,125.34,square,1,0,100.0,100.0,#4f8356,#4f8356
0,{elevation}ft {formation},0,-58,127.23,square,1,0,100.0,100.0,#4f8356,#4f8356
0,{elevation}ft {formation},0,-58,129.11,square,1,0,100.0,100.0,#4f8356,#4f8356
0,{elevation}ft {formation},0,-58,144.19,square,1,0,100.0,100.0,#4f8356,#4f8356
0,{elevation}ft {formation},0,-57,-47.76,square,1,0,100.0,100.0,#a3e1f7,#a3e1f7
0,{elevation}ft {formation},0,-57,126.73,square,1,0,100.0,100.0,#4f8356,#4f8356
0,{elevation}ft {formation},0,-56,-47.46,square,1,0,100.0,100.0,#a3e1f7,#a3e1f7
0,{elevation}ft {formation},0,-56,-45.67,square,1,0,100.0,100.0,#4f8356,#4f8356
0,{elevation}ft {formation},0,-56,86.87,square,1,0,100.0,100.0,#a3e1f7,#a3e1f7
0,{elevation}ft {formation},0,-55,-48.93,square,1,0,100.0,100.0,#a3e1f7,#a3e1f7
0,{elevation}ft {formation},0,-55,-43.69,square,1,0,100.0,100.0,#4f8356,#4f8356
0,{elevation}ft {formation},0,-55,40.19,square,1,0,100.0,100.0,#89592a,#89592a
0,{elevation}ft {formation},0,-55,82.14,square,1,0,100.0,100.0,#2d9cd0,#2d9cd0
0,{elevation}ft {formation},0,-55,89.13,square,1,0,100.0,100.0,#a3e1f7,#a3e1f7
0,{elevation}ft {formation},0,-54,-45.85,square,1,0,100.0,100.0,#4f8356,#4f8356
0,{elevation}ft {formation},0,-54,-44.15,square,1,0,100.0,100.0,#4f8356,#4f8356
0,{elevation}ft {formation},0,-54,39.06,square,1,0,100.0,100.0,#89592a,#89592a
0,{elevation}ft {formation},0,-54,40.75,square,1,0,100.0,100.0,#89592a,#89592a
0,{elevation}ft {formation},0,-54,42.45,square,1,0,100.0,100.0,#89592a,#89592a
0,{elevation}ft {formation},0,-54,90.0,square,1,0,100.0,100.0,#a3e1f7,#a3e1f7
0,{elevation}ft {formation},0,-54,134.15,square,1,0,100.0,100.0,#4f8356,#4f8356
0,{elevation}ft {formation},0,-53,-48.94,square,1,0,100.0,100.0,#89592a,#89592a
0,{elevation}ft {formation},0,-53,-45.62,square,1,0,100.0,100.0,#4f8356,#4f8356
0,{elevation}ft {formation},0,-53,-42.3,square,1,0,100.0,100.0,#4f8356,#4f8356
0,{elevation}ft {formation},0,-53,-2.49,square,1,0,100.0,100.0,#4f8356,#4f8356
0,{elevation}ft {formation},0,-53,-0.83,square,1,0,100.0,100.0,#a3e1f7,#a3e1f7
0,{elevation}ft {formation},0,-53,0.83,square,1,0,100.0,100.0,#8edcf7,#8edcf7
0,{elevation}ft {formation},0,-53,2.49,square,1,0,100.0,100.0,#8edcf7,#8edcf7
0,{elevation}ft {formation},0,-53,40.65,square,1,0,100.0,100.0,#89592a,#89592a
0,{elevation}ft {formation},0,-53,42.3,square,1,0,100.0,100.0,#89592a,#89592a
0,{elevation}ft {formation},0,-52,-1.62,square,1,0,100.0,100.0,#8edcf7,#8edcf7
0,{elevation}ft {formation},0,-52,0.0,square,1,0,100.0,100.0,#8edcf7,#8edcf7
0,{elevation}ft {formation},0,-51,-8.72,square,1,0,100.0,100.0,#2d9cd0,#2d9cd0
0,{elevation}ft {formation},0,-50,13.25,square,1,0,100.0,100.0,#8edcf7,#8edcf7
0,{elevation}ft {formation},0,-50,41.3,square,1,0,100.0,100.0,#a3e1f7,#a3e1f7
0,{elevation}ft {formation},0,-50,42.86,square,1,0,100.0,100.0,#a3e1f7,#a3e1f7
0,{elevation}ft {formation},0,-50,89.61,square,1,0,100.0,100.0,#8edcf7,#8edcf7
0,{elevation}ft {formation},0,-49,-47.29,square,1,0,100.0,100.0,#bfb5a6,#bfb5a6
0,{elevation}ft {formation},0,-49,-6.1,square,1,0,100.0,100.0,#8edcf7,#8edcf7
0,{elevation}ft {formation},0,-49,-4.58,square,1,0,100.0,100.0,#a3e1f7,#a3e1f7
0,{elevation}ft {formation},0,-49,15.25,square,1,0,100.0,100.0,#a3e1f7,#a3e1f7
0,{elevation}ft {formation},0,-48,-5.23,square,1,0,100.0,100.0,#8edcf7,#8edcf7
0,{elevation}ft {formation},0,-48,5.23,square,1,0,100.0,100.0,#89592a,#89592a
0,{elevation}ft {formation},0,-48,15.68,square,1,0,100.0,100.0,#a3e1f7,#a3e1f7
0,{elevation}ft {formation},0,-48,90.37,square,1,0,100.0,100.0,#8edcf7,#8edcf7
0,{elevation}ft {formation},0,-48,130.71,square,1,0,100.0,100.0,#a8e2f7,#a8e2f7
0,{elevation}ft {formation},0,-47,4.39,square,1,0,100.0,100.0,#89592a,#89592a
0,{elevation}ft {formation},0,-47,92.2,square,1,0,100.0,100.0,#8edcf7,#8edcf7
0,{elevation}ft {formation},0,-46,15.84,square,1,0,100.0,100.0,#a3e1f7,#a3e1f7
0,{elevation}ft {formation},0,-46,33.12,square,1,0,100.0,100.0,#a3e1f7,#a3e1f7
0,{elevation}ft {formation},0,-46,95.04,square,1,0,100.0,100.0,#8edcf7,#8edcf7
0,{elevation}ft {formation},0,-45,-6.35,square,1,0,100.0,100.0,#8edcf7,#8edcf7
0,{elevation}ft {formation},0,-45,31.76,square,1,0,100.0,100.0,#a3e1f7,#a3e1f7
0,{elevation}ft {formation},0,-45,33.18,square,1,0,100.0,100.0,#a3e1f7,#a3e1f7
0,{elevation}ft {formation},0,-45,95.29,square,1,0,100.0,100.0,#8edcf7,#8edcf7
0,{elevation}ft {formation},0,-45,164.47,square,1,0,100.0,100.0,#2d9cd0,#2d9cd0
0,{elevation}ft {formation},0,-44,-4.86,square,1,0,100.0,100.0,#a3e1f7,#a3e1f7
0,{elevation}ft {formation},0,-44,32.66,square,1,0,100.0,100.0,#a3e1f7,#a3e1f7
0,{elevation}ft {formation},0,-44,96.6,square,1,0,100.0,100.0,#8edcf7,#8edcf7
0,{elevation}ft {formation},0,-44,97.99,square,1,0,100.0,100.0,#8edcf7,#8edcf7
0,{elevation}ft {formation},0,-44,99.38,square,1,0,100.0,100.0,#8edcf7,#8edcf7
0,{elevation}ft {formation},0,-43,19.85,square,1,0,100.0,100.0,#8edcf7,#8edcf7
0,{elevation}ft {formation},0,-43,21.22,square,1,0,100.0,100.0,#8edcf7,#8edcf7
0,{elevation}ft {formation},0,-43,32.17,square,1,0,100.0,100.0,#a8e2f7,#a8e2f7
0,{elevation}ft {formation},0,-43,33.54,square,1,0,100.0,100.0,#2b462f,#2b462f
0,{elevation}ft {formation},0,-43,104.71,square,1,0,100.0,100.0,#8edcf7,#8edcf7
0,{elevation}ft {formation},0,-42,-45.67,square,1,0,100.0,100.0,#dfac7a,#dfac7a
0,{elevation}ft {formation},0,-42,20.15,square,1,0,100.0,100.0,#8edcf7,#8edcf7
0,{elevation}ft {formation},0,-42,21.49,square,1,0,100.0,100.0,#8edcf7,#8edcf7
0,{elevation}ft {formation},0,-42,33.58,square,1,0,100.0,100.0,#2b462f,#2b462f
0,{elevation}ft {formation},0,-42,106.12,square,1,0,100.0,100.0,#8edcf7,#8edcf7
0,{elevation}ft {formation},0,-42,107.46,square,1,0,100.0,100.0,#8edcf7,#8edcf7
0,{elevation}ft {formation},0,-42,118.21,square,1,0,100.0,100.0,#a3e1f7,#a3e1f7
0,{elevation}ft {formation},0,-41,9.26,square,1,0,100.0,100.0,#89592a,#89592a
0,{elevation}ft {formation},0,-41,33.09,square,1,0,100.0,100.0,#a3e1f7,#a3e1f7
0,{elevation}ft {formation},0,-41,105.88,square,1,0,100.0,100.0,#8edcf7,#8edcf7
0,{elevation}ft {formation},0,-41,108.53,square,1,0,100.0,100.0,#8edcf7,#8edcf7
0,{elevation}ft {formation},0,-41,109.85,square,1,0,100.0,100.0,#a3e1f7,#a3e1f7
0,{elevation}ft {formation},0,-41,115.15,square,1,0,100.0,100.0,#a3e1f7,#a3e1f7
0,{elevation}ft {formation},0,-41,116.47,square,1,0,100.0,100.0,#8edcf7,#8edcf7
0,{elevation}ft {formation},0,-41,117.79,square,1,0,100.0,100.0,#a3e1f7,#a3e1f7
0,{elevation}ft {formation},0,-41,119.12,square,1,0,100.0,100.0,#8edcf7,#8edcf7
0,{elevation}ft {formation},0,-41,120.44,square,1,0,100.0,100.0,#8edcf7,#8edcf7
0,{elevation}ft {formation},0,-40,22.17,square,1,0,100.0,100.0,#4f8356,#4f8356
0,{elevation}ft {formation},0,-40,66.52,square,1,0,100.0,100.0,#8edcf7,#8edcf7
0,{elevation}ft {formation},0,-40,67.83,square,1,0,100.0,100.0,#8edcf7,#8edcf7
0,{elevation}ft {formation},0,-40,109.57,square,1,0,100.0,100.0,#8edcf7,#8edcf7
0,{elevation}ft {formation},0,-40,110.87,square,1,0,100.0,100.0,#8edcf7,#8edcf7
0,{elevation}ft {formation},0,-40,114.78,square,1,0,100.0,100.0,#8edcf7,#8edcf7
0,{elevation}ft {formation},0,-40,121.3,square,1,0,100.0,100.0,#8edcf7,#8edcf7
0,{elevation}ft {formation},0,-39,-46.29,square,1,0,100.0,100.0,#89592a,#89592a
0,{elevation}ft {formation},0,-39,21.86,square,1,0,100.0,100.0,#4f8356,#4f8356
0,{elevation}ft {formation},0,-39,34.71,square,1,0,100.0,100.0,#2b462f,#2b462f
0,{elevation}ft {formation},0,-39,36.0,square,1,0,100.0,100.0,#2b462f,#2b462f
0,{elevation}ft {formation},0,-39,47.57,square,1,0,100.0,100.0,#2b462f,#2b462f
0,{elevation}ft {formation},0,-39,63.0,square,1,0,100.0,100.0,#8edcf7,#8edcf7
0,{elevation}ft {formation},0,-39,65.57,square,1,0,100.0,100.0,#8edcf7,#8edcf7
0,{elevation}ft {formation},0,-39,66.86,square,1,0,100.0,100.0,#091a2d,#091a2d
0,{elevation}ft {formation},0,-39,92.57,square,1,0,100.0,100.0,#2d9cd0,#2d9cd0
0,{elevation}ft {formation},0,-39,102.86,square,1,0,100.0,100.0,#091a2d,#091a2d
0,{elevation}ft {formation},0,-39,109.29,square,1,0,100.0,100.0,#8edcf7,#8edcf7
0,{elevation}ft {formation},0,-39,110.57,square,1,0,100.0,100.0,#8edcf7,#8edcf7
0,{elevation}ft {formation},0,-39,111.86,square,1,0,100.0,100.0,#8edcf7,#8edcf7
0,{elevation}ft {formation},0,-39,113.14,square,1,0,100.0,100.0,#8edcf7,#8edcf7
0,{elevation}ft {formation},0,-39,117.0,square,1,0,100.0,100.0,#8edcf7,#8edcf7
0,{elevation}ft {formation},0,-39,118.29,square,1,0,100.0,100.0,#8edcf7,#8edcf7
0,{elevation}ft {formation},0,-39,132.43,square,1,0,100.0,100.0,#a8e2f7,#a8e2f7
0,{elevation}ft {formation},0,-39,133.71,square,1,0,100.0,100.0,#a3e1f7,#a3e1f7
0,{elevation}ft {formation},0,-39,142.71,square,1,0,100.0,100.0,#8edcf7,#8edcf7
0,{elevation}ft {formation},0,-38,-46.9,square,1,0,100.0,100.0,#bfb5a6,#bfb5a6
0,{elevation}ft {formation},0,-38,19.01,square,1,0,100.0,100.0,#4f8356,#4f8356
0,{elevation}ft {formation},0,-38,21.55,square,1,0,100.0,100.0,#4f8356,#4f8356
0,{elevation}ft {formation},0,-38,36.76,square,1,0,100.0,100.0,#4f8356,#4f8356
0,{elevation}ft {formation},0,-38,63.38,square,1,0,100.0,100.0,#8edcf7,#8edcf7
0,{elevation}ft {formation},0,-38,133.1,square,1,0,100.0,100.0,#a8e2f7,#a8e2f7
0,{elevation}ft {formation},0,-38,140.7,square,1,0,100.0,100.0,#8edcf7,#8edcf7
0,{elevation}ft {formation},0,-37,-46.25,square,1,0,100.0,100.0,#89592a,#89592a
0,{elevation}ft {formation},0,-37,18.75,square,1,0,100.0,100.0,#4f8356,#4f8356
0,{elevation}ft {formation},0,-37,28.75,square,1,0,100.0,100.0,#a3e1f7,#a3e1f7
0,{elevation}ft {formation},0,-37,37.5,square,1,0,100.0,100.0,#a3e1f7,#a3e1f7
0,{elevation}ft {formation},0,-37,46.25,square,1,0,100.0,100.0,#2b462f,#2b462f
0,{elevation}ft {formation},0,-37,47.5,square,1,0,100.0,100.0,#2b462f,#2b462f
0,{elevation}ft {formation},0,-37,135.0,square,1,0,100.0,100.0,#a3e1f7,#a3e1f7
0,{elevation}ft {formation},0,-37,136.25,square,1,0,100.0,100.0,#9bdff7,#9bdff7
0,{elevation}ft {formation},0,-37,138.75,square,1,0,100.0,100.0,#bfb5a6,#bfb5a6
0,{elevation}ft {formation},0,-36,-22.89,square,1,0,100.0,100.0,#89592a,#89592a
0,{elevation}ft {formation},0,-36,40.21,square,1,0,100.0,100.0,#8edcf7,#8edcf7
0,{elevation}ft {formation},0,-36,43.92,square,1,0,100.0,100.0,#2b462f,#2b462f
0,{elevation}ft {formation},0,-36,131.75,square,1,0,100.0,100.0,#a3e1f7,#a3e1f7
0,{elevation}ft {formation},0,-36,134.23,square,1,0,100.0,100.0,#9fe0f7,#9fe0f7
0,{elevation}ft {formation},0,-35,-45.76,square,1,0,100.0,100.0,#bfb5a6,#bfb5a6
0,{elevation}ft {formation},0,-35,43.32,square,1,0,100.0,100.0,#4f8356,#4f8356
0,{elevation}ft {formation},0,-35,59.19,square,1,0,100.0,100.0,#091a2d,#091a2d
0,{elevation}ft {formation},0,-35,127.53,square,1,0,100.0,100.0,#a3e1f7,#a3e1f7
0,{elevation}ft {formation},0,-35,129.97,square,1,0,100.0,100.0,#8edcf7,#8edcf7
0,{elevation}ft {formation},0,-35,132.41,square,1,0,100.0,100.0,#a3e1f7,#a3e1f7
0,{elevation}ft {formation},0,-34,57.99,square,1,0,100.0,100.0,#2d9cd0,#2d9cd0
0,{elevation}ft {formation},0,-34,59.19,square,1,0,100.0,100.0,#091a2d,#091a2d
0,{elevation}ft {formation},0,-34,125.64,square,1,0,100.0,100.0,#a3e1f7,#a3e1f7
0,{elevation}ft {formation},0,-34,131.68,square,1,0,100.0,100.0,#a3e1f7,#a3e1f7
0,{elevation}ft {formation},0,-33,-40.53,square,1,0,100.0,100.0,#dfac7a,#dfac7a
0,{elevation}ft {formation},0,-33,-20.26,square,1,0,100.0,100.0,#a3e1f7,#a3e1f7
0,{elevation}ft {formation},0,-33,-19.07,square,1,0,100.0,100.0,#4f8356,#4f8356
0,{elevation}ft {formation},0,-33,127.55,square,1,0,100.0,100.0,#2d9cd0,#2d9cd0
0,{elevation}ft {formation},0,-33,132.32,square,1,0,100.0,100.0,#a3e1f7,#a3e1f7
0,{elevation}ft {formation},0,-32,47.8,square,1,0,100.0,100.0,#a3e1f7,#a3e1f7
0,{elevation}ft {formation},0,-32,57.25,square,1,0,100.0,100.0,#a3e1f7,#a3e1f7
0,{elevation}ft {formation},0,-32,126.89,square,1,0,100.0,100.0,#2d9cd0,#2d9cd0
0,{elevation}ft {formation},0,-32,128.07,square,1,0,100.0,100.0,#2d9cd0,#2d9cd0
0,{elevation}ft {formation},0,-32,130.43,square,1,0,100.0,100.0,#a3e1f7,#a3e1f7
0,{elevation}ft {formation},0,-32,131.61,square,1,0,100.0,100.0,#a3e1f7,#a3e1f7
0,{elevation}ft {formation},0,-31,-19.22,square,1,0,100.0,100.0,#a3e1f7,#a3e1f7
0,{elevation}ft {formation},0,-31,127.57,square,1,0,100.0,100.0,#2d9cd0,#2d9cd0
0,{elevation}ft {formation},0,-30,-3.46,square,1,0,100.0,100.0,#a3e1f7,#a3e1f7
0,{elevation}ft {formation},0,-30,21.92,square,1,0,100.0,100.0,#89592a,#89592a
0,{elevation}ft {formation},0,-30,45.0,square,1,0,100.0,100.0,#8edcf7,#8edcf7
0,{elevation}ft {formation},0,-30,57.69,square,1,0,100.0,100.0,#8edcf7,#8edcf7
0,{elevation}ft {formation},0,-29,-14.29,square,1,0,100.0,100.0,#a3e1f7,#a3e1f7
0,{elevation}ft {formation},0,-29,-1.71,square,1,0,100.0,100.0,#a3e1f7,#a3e1f7
0,{elevation}ft {formation},0,-29,49.71,square,1,0,100.0,100.0,#8edcf7,#8edcf7
0,{elevation}ft {formation},0,-29,56.57,square,1,0,100.0,100.0,#091a2d,#091a2d
0,{elevation}ft {formation},0,-28,-41.89,square,1,0,100.0,100.0,#a3e1f7,#a3e1f7
0,{elevation}ft {formation},0,-28,-39.62,square,1,0,100.0,100.0,#a3e1f7,#a3e1f7
0,{elevation}ft {formation},0,-28,27.17,square,1,0,100.0,100.0,#8edcf7,#8edcf7
0,{elevation}ft {formation},0,-28,47.55,square,1,0,100.0,100.0,#2d9cd0,#2d9cd0
0,{elevation}ft {formation},0,-28,50.94,square,1,0,100.0,100.0,#8edcf7,#8edcf7
0,{elevation}ft {formation},0,-28,56.6,square,1,0,100.0,100.0,#8edcf7,#8edcf7
0,{elevation}ft {formation},0,-27,-42.06,square,1,0,100.0,100.0,#a3e1f7,#a3e1f7
0,{elevation}ft {formation},0,-27,-40.93,square,1,0,100.0,100.0,#a3e1f7,#a3e1f7
0,{elevation}ft {formation},0,-27,-20.75,square,1,0,100.0,100.0,#89592a,#89592a
0,{elevation}ft {formation},0,-27,51.03,square,1,0,100.0,100.0,#65d8eb,#65d8eb
0,{elevation}ft {formation},0,-27,52.15,square,1,0,100.0,100.0,#2d9cd0,#2d9cd0
0,{elevation}ft {formation},0,-26,-41.11,square,1,0,100.0,100.0,#a3e1f7,#a3e1f7
0,{elevation}ft {formation},0,-26,-40.0,square,1,0,100.0,100.0,#a3e1f7,#a3e1f7
0,{elevation}ft {formation},0,-26,-13.33,square,1,0,100.0,100.0,#a3e1f7,#a3e1f7
0,{elevation}ft {formation},0,-26,0.0,square,1,0,100.0,100.0,#9bdff7,#9bdff7
0,{elevation}ft {formation},0,-26,1.11,square,1,0,100.0,100.0,#4f8356,#4f8356
0,{elevation}ft {formation},0,-26,8.89,square,1,0,100.0,100.0,#4f8356,#4f8356
0,{elevation}ft {formation},0,-26,28.89,square,1,0,100.0,100.0,#8edcf7,#8edcf7
0,{elevation}ft {formation},0,-26,54.44,square,1,0,100.0,100.0,#89592a,#89592a
0,{elevation}ft {formation},0,-25,-41.96,square,1,0,100.0,100.0,#a3e1f7,#a3e1f7
0,{elevation}ft {formation},0,-25,-12.15,square,1,0,100.0,100.0,#a3e1f7,#a3e1f7
0,{elevation}ft {formation},0,-25,7.73,square,1,0,100.0,100.0,#4f8356,#4f8356
0,{elevation}ft {formation},0,-25,8.83,square,1,0,100.0,100.0,#4f8356,#4f8356
0,{elevation}ft {formation},0,-24,-43.22,square,1,0,100.0,100.0,#a3e1f7,#a3e1f7
0,{elevation}ft {formation},0,-24,6.02,square,1,0,100.0,100.0,#4f8356,#4f8356
0,{elevation}ft {formation},0,-24,8.21,square,1,0,100.0,100.0,#4f8356,#4f8356
0,{elevation}ft {formation},0,-24,9.3,square,1,0,100.0,100.0,#4f8356,#4f8356
0,{elevation}ft {formation},0,-24,29.0,square,1,0,100.0,100.0,#8edcf7,#8edcf7
0,{elevation}ft {formation},0,-23,-12.51,square,1,0,100.0,100.0,#a3e1f7,#a3e1f7
0,{elevation}ft {formation},0,-23,5.98,square,1,0,100.0,100.0,#4f8356,#4f8356
0,{elevation}ft {formation},0,-23,10.33,square,1,0,100.0,100.0,#4f8356,#4f8356
0,{elevation}ft {formation},0,-23,31.0,square,1,0,100.0,100.0,#a3e1f7,#a3e1f7
0,{elevation}ft {formation},0,-22,6.47,square,1,0,100.0,100.0,#4f8356,#4f8356
0,{elevation}ft {formation},0,-21,-51.43,square,1,0,100.0,100.0,#89592a,#89592a
0,{elevation}ft {formation},0,-20,-12.78,square,1,0,100.0,100.0,#a3e1f7,#a3e1f7
0,{elevation}ft {formation},0,-20,34.08,square,1,0,100.0,100.0,#a3e1f7,#a3e1f7
0,{elevation}ft {formation},0,-19,-51.88,square,1,0,100.0,100.0,#a3e1f7,#a3e1f7
0,{elevation}ft {formation},0,-19,-50.82,square,1,0,100.0,100.0,#a3e1f7,#a3e1f7
0,{elevation}ft {formation},0,-19,-2.12,square,1,0,100.0,100.0,#a3e1f7,#a3e1f7
0,{elevation}ft {formation},0,-19,10.59,square,1,0,100.0,100.0,#4f8356,#4f8356
0,{elevation}ft {formation},0,-19,34.94,square,1,0,100.0,100.0,#a3e1f7,#a3e1f7
0,{elevation}ft {formation},0,-19,36.0,square,1,0,100.0,100.0,#a3e1f7,#a3e1f7
0,{elevation}ft {formation},0,-19,37.06,square,1,0,100.0,100.0,#8edcf7,#8edcf7
0,{elevation}ft {formation},0,-18,-52.63,square,1,0,100.0,100.0,#8edcf7,#8edcf7
0,{elevation}ft {formation},0,-18,-51.58,square,1,0,100.0,100.0,#a3e1f7,#a3e1f7
0,{elevation}ft {formation},0,-18,-10.53,square,1,0,100.0,100.0,#2b462f,#2b462f
0,{elevation}ft {formation},0,-18,34.74,square,1,0,100.0,100.0,#a3e1f7,#a3e1f7
0,{elevation}ft {formation},0,-18,35.79,square,1,0,100.0,100.0,#a3e1f7,#a3e1f7
0,{elevation}ft {formation},0,-18,36.84,square,1,0,100.0,100.0,#a3e1f7,#a3e1f7
0,{elevation}ft {formation},0,-18,37.89,square,1,0,100.0,100.0,#8edcf7,#8edcf7
0,{elevation}ft {formation},0,-17,-52.33,square,1,0,100.0,100.0,#a3e1f7,#a3e1f7
0,{elevation}ft {formation},0,-17,-2.09,square,1,0,100.0,100.0,#9bdff7,#9bdff7
0,{elevation}ft {formation},0,-17,-1.05,square,1,0,100.0,100.0,#4f8356,#4f8356
0,{elevation}ft {formation},0,-17,34.53,square,1,0,100.0,100.0,#a3e1f7,#a3e1f7
0,{elevation}ft {formation},0,-17,37.67,square,1,0,100.0,100.0,#a3e1f7,#a3e1f7
0,{elevation}ft {formation},0,-17,38.72,square,1,0,100.0,100.0,#a3e1f7,#a3e1f7
0,{elevation}ft {formation},0,-16,35.38,square,1,0,100.0,100.0,#a3e1f7,#a3e1f7
0,{elevation}ft {formation},0,-16,36.42,square,1,0,100.0,100.0,#a3e1f7,#a3e1f7
0,{elevation}ft {formation},0,-16,37.46,square,1,0,100.0,100.0,#a3e1f7,#a3e1f7
0,{elevation}ft {formation},0,-16,39.54,square,1,0,100.0,100.0,#a3e1f7,#a3e1f7
0,{elevation}ft {formation},0,-15,-53.79,square,1,0,100.0,100.0,#a3e1f7,#a3e1f7
0,{elevation}ft {formation},0,-15,-52.76,square,1,0,100.0,100.0,#a3e1f7,#a3e1f7
0,{elevation}ft {formation},0,-15,-49.66,square,1,0,100.0,100.0,#4f8356,#4f8356
0,{elevation}ft {formation},0,-15,-8.28,square,1,0,100.0,100.0,#4f8356,#4f8356
0,{elevation}ft {formation},0,-15,6.21,square,1,0,100.0,100.0,#4f8356,#4f8356
0,{elevation}ft {formation},0,-15,35.17,square,1,0,100.0,100.0,#4f8356,#4f8356
0,{elevation}ft {formation},0,-15,36.21,square,1,0,100.0,100.0,#a3e1f7,#a3e1f7
0,{elevation}ft {formation},0,-15,37.24,square,1,0,100.0,100.0,#a3e1f7,#a3e1f7
0,{elevation}ft {formation},0,-15,40.34,square,1,0,100.0,100.0,#8edcf7,#8edcf7
0,{elevation}ft {formation},0,-15,49.66,square,1,0,100.0,100.0,#a3e1f7,#a3e1f7
0,{elevation}ft {formation},0,-14,-54.15,square,1,0,100.0,100.0,#a3e1f7,#a3e1f7
0,{elevation}ft {formation},0,-14,-53.12,square,1,0,100.0,100.0,#a3e1f7,#a3e1f7
0,{elevation}ft {formation},0,-14,-51.06,square,1,0,100.0,100.0,#a8e2f7,#a8e2f7
0,{elevation}ft {formation},0,-14,6.7,square,1,0,100.0,100.0,#4f8356,#4f8356
0,{elevation}ft {formation},0,-14,7.74,square,1,0,100.0,100.0,#4f8356,#4f8356
0,{elevation}ft {formation},0,-14,37.65,square,1,0,100.0,100.0,#a3e1f7,#a3e1f7
0,{elevation}ft {formation},0,-14,53.12,square,1,0,100.0,100.0,#a3e1f7,#a3e1f7
0,{elevation}ft {formation},0,-13,-51.79,square,1,0,100.0,100.0,#a3e1f7,#a3e1f7
0,{elevation}ft {formation},0,-13,-10.77,square,1,0,100.0,100.0,#2b462f,#2b462f
0,{elevation}ft {formation},0,-13,4.62,square,1,0,100.0,100.0,#4f8356,#4f8356
0,{elevation}ft {formation},0,-13,7.69,square,1,0,100.0,100.0,#4f8356,#4f8356
0,{elevation}ft {formation},0,-13,13.85,square,1,0,100.0,100.0,#4f8356,#4f8356
0,{elevation}ft {formation},0,-13,21.03,square,1,0,100.0,100.0,#4f8356,#4f8356
0,{elevation}ft {formation},0,-13,36.41,square,1,0,100.0,100.0,#a3e1f7,#a3e1f7
0,{elevation}ft {formation},0,-13,38.46,square,1,0,100.0,100.0,#a3e1f7,#a3e1f7
0,{elevation}ft {formation},0,-13,40.51,square,1,0,100.0,100.0,#8edcf7,#8edcf7
0,{elevation}ft {formation},0,-13,42.56,square,1,0,100.0,100.0,#a3e1f7,#a3e1f7
0,{elevation}ft {formation},0,-13,46.67,square,1,0,100.0,100.0,#a3e1f7,#a3e1f7
0,{elevation}ft {formation},0,-13,47.69,square,1,0,100.0,100.0,#a3e1f7,#a3e1f7
0,{elevation}ft {formation},0,-12,-52.16,square,1,0,100.0,100.0,#a3e1f7,#a3e1f7
0,{elevation}ft {formation},0,-12,-2.05,square,1,0,100.0,100.0,#9fe0f7,#9fe0f7
0,{elevation}ft {formation},0,-12,7.16,square,1,0,100.0,100.0,#4f8356,#4f8356
0,{elevation}ft {formation},0,-12,12.27,square,1,0,100.0,100.0,#4f8356,#4f8356
0,{elevation}ft {formation},0,-12,13.3,square,1,0,100.0,100.0,#4f8356,#4f8356
0,{elevation}ft {formation},0,-12,14.32,square,1,0,100.0,100.0,#4f8356,#4f8356
0,{elevation}ft {formation},0,-12,31.7,square,1,0,100.0,100.0,#4f8356,#4f8356
0,{elevation}ft {formation},0,-12,32.73,square,1,0,100.0,100.0,#4f8356,#4f8356
0,{elevation}ft {formation},0,-12,35.8,square,1,0,100.0,100.0,#a3e1f7,#a3e1f7
0,{elevation}ft {formation},0,-12,36.82,square,1,0,100.0,100.0,#a3e1f7,#a3e1f7
0,{elevation}ft {formation},0,-12,38.86,square,1,0,100.0,100.0,#a3e1f7,#a3e1f7
0,{elevation}ft {formation},0,-12,39.89,square,1,0,100.0,100.0,#9bdff7,#9bdff7
0,{elevation}ft {formation},0,-12,41.93,square,1,0,100.0,100.0,#8edcf7,#8edcf7
0,{elevation}ft {formation},0,-12,43.98,square,1,0,100.0,100.0,#a3e1f7,#a3e1f7
0,{elevation}ft {formation},0,-12,50.11,square,1,0,100.0,100.0,#a3e1f7,#a3e1f7
0,{elevation}ft {formation},0,-11,-0.51,square,1,0,100.0,100.0,#8edcf7,#8edcf7
0,{elevation}ft {formation},0,-11,11.73,square,1,0,100.0,100.0,#4f8356,#4f8356
0,{elevation}ft {formation},0,-11,13.77,square,1,0,100.0,100.0,#4f8356,#4f8356
0,{elevation}ft {formation},0,-11,14.79,square,1,0,100.0,100.0,#4f8356,#4f8356
0,{elevation}ft {formation},0,-11,32.12,square,1,0,100.0,100.0,#4f8356,#4f8356
0,{elevation}ft {formation},0,-11,33.14,square,1,0,100.0,100.0,#4f8356,#4f8356
0,{elevation}ft {formation},0,-11,35.18,square,1,0,100.0,100.0,#a3e1f7,#a3e1f7
0,{elevation}ft {formation},0,-11,37.22,square,1,0,100.0,100.0,#a3e1f7,#a3e1f7
0,{elevation}ft {formation},0,-11,38.24,square,1,0,100.0,100.0,#a3e1f7,#a3e1f7
0,{elevation}ft {formation},0,-11,39.26,square,1,0,100.0,100.0,#a3e1f7,#a3e1f7
0,{elevation}ft {formation},0,-11,40.28,square,1,0,100.0,100.0,#a3e1f7,#a3e1f7
0,{elevation}ft {formation},0,-11,45.38,square,1,0,100.0,100.0,#a3e1f7,#a3e1f7
0,{elevation}ft {formation},0,-11,46.4,square,1,0,100.0,100.0,#9bdff7,#9bdff7
0,{elevation}ft {formation},0,-11,47.42,square,1,0,100.0,100.0,#a3e1f7,#a3e1f7
0,{elevation}ft {formation},0,-11,48.44,square,1,0,100.0,100.0,#a3e1f7,#a3e1f7
0,{elevation}ft {formation},0,-11,49.46,square,1,0,100.0,100.0,#a3e1f7,#a3e1f7
0,{elevation}ft {formation},0,-11,50.48,square,1,0,100.0,100.0,#8edcf7,#8edcf7
0,{elevation}ft {formation},0,-11,51.5,square,1,0,100.0,100.0,#a3e1f7,#a3e1f7
0,{elevation}ft {formation},0,-10,-55.27,square,1,0,100.0,100.0,#2d9cd0,#2d9cd0
0,{elevation}ft {formation},0,-10,-54.25,square,1,0,100.0,100.0,#8edcf7,#8edcf7
0,{elevation}ft {formation},0,-10,-52.23,square,1,0,100.0,100.0,#9fe0f7,#9fe0f7
0,{elevation}ft {formation},0,-10,-17.75,square,1,0,100.0,100.0,#a3e1f7,#a3e1f7
0,{elevation}ft {formation},0,-10,-16.73,square,1,0,100.0,100.0,#a3e1f7,#a3e1f7
0,{elevation}ft {formation},0,-10,-0.51,square,1,0,100.0,100.0,#a3e1f7,#a3e1f7
0,{elevation}ft {formation},0,-10,19.77,square,1,0,100.0,100.0,#4f8356,#4f8356
0,{elevation}ft {formation},0,-10,31.94,square,1,0,100.0,100.0,#4f8356,#4f8356
0,{elevation}ft {formation},0,-10,32.96,square,1,0,100.0,100.0,#4f8356,#4f8356
0,{elevation}ft {formation},0,-10,42.08,square,1,0,100.0,100.0,#a3e1f7,#a3e1f7
0,{elevation}ft {formation},0,-10,43.1,square,1,0,100.0,100.0,#a3e1f7,#a3e1f7
0,{elevation}ft {formation},0,-10,44.11,square,1,0,100.0,100.0,#a3e1f7,#a3e1f7
0,{elevation}ft {formation},0,-10,47.15,square,1,0,100.0,100.0,#8edcf7,#8edcf7
0,{elevation}ft {formation},0,-10,48.17,square,1,0,100.0,100.0,#9fe0f7,#9fe0f7
0,{elevation}ft {formation},0,-10,49.18,square,1,0,100.0,100.0,#9fe0f7,#9fe0f7
0,{elevation}ft {formation},0,-9,-55.62,square,1,0,100.0,100.0,#2d9cd0,#2d9cd0
0,{elevation}ft {formation},0,-9,-52.58,square,1,0,100.0,100.0,#a3e1f7,#a3e1f7
0,{elevation}ft {formation},0,-9,-51.57,square,1,0,100.0,100.0,#a3e1f7,#a3e1f7
0,{elevation}ft {formation},0,-9,30.34,square,1,0,100.0,100.0,#a3e1f7,#a3e1f7
0,{elevation}ft {formation},0,-9,32.36,square,1,0,100.0,100.0,#4f8356,#4f8356
0,{elevation}ft {formation},0,-9,41.46,square,1,0,100.0,100.0,#a3e1f7,#a3e1f7
0,{elevation}ft {formation},0,-9,42.47,square,1,0,100.0,100.0,#a3e1f7,#a3e1f7
0,{elevation}ft {formation},0,-9,47.53,square,1,0,100.0,100.0,#8edcf7,#8edcf7
0,{elevation}ft {formation},0,-9,49.55,square,1,0,100.0,100.0,#a3e1f7,#a3e1f7
0,{elevation}ft {formation},0,-8,-52.58,square,1,0,100.0,100.0,#8edcf7,#8edcf7
0,{elevation}ft {formation},0,-8,-50.56,square,1,0,100.0,100.0,#a3e1f7,#a3e1f7
0,{elevation}ft {formation},0,-8,-36.4,square,1,0,100.0,100.0,#89592a,#89592a
0,{elevation}ft {formation},0,-8,-24.27,square,1,0,100.0,100.0,#4f8356,#4f8356
0,{elevation}ft {formation},0,-8,0.0,square,1,0,100.0,100.0,#8edcf7,#8edcf7
0,{elevation}ft {formation},0,-8,2.02,square,1,0,100.0,100.0,#a3e1f7,#a3e1f7
0,{elevation}ft {formation},0,-8,23.26,square,1,0,100.0,100.0,#4f8356,#4f8356
0,{elevation}ft {formation},0,-8,26.29,square,1,0,100.0,100.0,#4f8356,#4f8356
0,{elevation}ft {formation},0,-8,32.36,square,1,0,100.0,100.0,#4f8356,#4f8356
0,{elevation}ft {formation},0,-8,39.44,square,1,0,100.0,100.0,#2b462f,#2b462f
0,{elevation}ft {formation},0,-8,42.47,square,1,0,100.0,100.0,#a3e1f7,#a3e1f7
0,{elevation}ft {formation},0,-8,43.48,square,1,0,100.0,100.0,#a3e1f7,#a3e1f7
0,{elevation}ft {formation},0,-8,45.51,square,1,0,100.0,100.0,#a3e1f7,#a3e1f7
0,{elevation}ft {formation},0,-7,-12.61,square,1,0,100.0,100.0,#a8e2f7,#a8e2f7
0,{elevation}ft {formation},0,-7,-11.6,square,1,0,100.0,100.0,#a8e2f7,#a8e2f7
0,{elevation}ft {formation},0,-7,3.53,square,1,0,100.0,100.0,#a8e2f7,#a8e2f7
0,{elevation}ft {formation},0,-7,25.71,square,1,0,100.0,100.0,#4f8356,#4f8356
0,{elevation}ft {formation},0,-7,37.82,square,1,0,100.0,100.0,#4f8356,#4f8356
0,{elevation}ft {formation},0,-7,40.84,square,1,0,100.0,100.0,#9fe0f7,#9fe0f7
0,{elevation}ft {formation},0,-7,42.86,square,1,0,100.0,100.0,#9fe0f7,#9fe0f7
0,{elevation}ft {formation},0,-7,43.87,square,1,0,100.0,100.0,#9fe0f7,#9fe0f7
0,{elevation}ft {formation},0,-7,44.87,square,1,0,100.0,100.0,#9fe0f7,#9fe0f7
0,{elevation}ft {formation},0,-6,-14.08,square,1,0,100.0,100.0,#a8e2f7,#a8e2f7
0,{elevation}ft {formation},0,-6,4.02,square,1,0,100.0,100.0,#2b462f,#2b462f
0,{elevation}ft {formation},0,-6,18.1,square,1,0,100.0,100.0,#4f8356,#4f8356
0,{elevation}ft {formation},0,-6,20.11,square,1,0,100.0,100.0,#4f8356,#4f8356
0,{elevation}ft {formation},0,-6,44.25,square,1,0,100.0,100.0,#9fe0f7,#9fe0f7
0,{elevation}ft {formation},0,-6,45.25,square,1,0,100.0,100.0,#9fe0f7,#9fe0f7
0,{elevation}ft {formation},0,-5,-50.64,square,1,0,100.0,100.0,#8edcf7,#8edcf7
0,{elevation}ft {formation},0,-5,23.57,square,1,0,100.0,100.0,#4f8356,#4f8356
0,{elevation}ft {formation},0,-5,35.6,square,1,0,100.0,100.0,#4f8356,#4f8356
0,{elevation}ft {formation},0,-5,37.6,square,1,0,100.0,100.0,#4f8356,#4f8356
0,{elevation}ft {formation},0,-5,40.61,square,1,0,100.0,100.0,#9fe0f7,#9fe0f7
0,{elevation}ft {formation},0,-5,44.62,square,1,0,100.0,100.0,#a3e1f7,#a3e1f7
0,{elevation}ft {formation},0,-5,46.63,square,1,0,100.0,100.0,#9fe0f7,#9fe0f7
0,{elevation}ft {formation},0,-4,-50.64,square,1,0,100.0,100.0,#8edcf7,#8edcf7
0,{elevation}ft {formation},0,-4,-49.64,square,1,0,100.0,100.0,#a3e1f7,#a3e1f7
0,{elevation}ft {formation},0,-4,21.56,square,1,0,100.0,100.0,#4f8356,#4f8356
0,{elevation}ft {formation},0,-4,22.56,square,1,0,100.0,100.0,#4f8356,#4f8356
0,{elevation}ft {formation},0,-4,23.57,square,1,0,100.0,100.0,#4f8356,#4f8356
0,{elevation}ft {formation},0,-4,36.6,square,1,0,100.0,100.0,#4f8356,#4f8356
0,{elevation}ft {formation},0,-4,37.6,square,1,0,100.0,100.0,#2b462f,#2b462f
0,{elevation}ft {formation},0,-4,40.61,square,1,0,100.0,100.0,#a3e1f7,#a3e1f7
0,{elevation}ft {formation},0,-4,42.62,square,1,0,100.0,100.0,#9fe0f7,#9fe0f7
0,{elevation}ft {formation},0,-4,43.62,square,1,0,100.0,100.0,#8edcf7,#8edcf7
0,{elevation}ft {formation},0,-4,44.62,square,1,0,100.0,100.0,#a3e1f7,#a3e1f7
0,{elevation}ft {formation},0,-4,45.63,square,1,0,100.0,100.0,#a3e1f7,#a3e1f7
0,{elevation}ft {formation},0,-3,-3.0,square,1,0,100.0,100.0,#4f8356,#4f8356
0,{elevation}ft {formation},0,-3,23.0,square,1,0,100.0,100.0,#4f8356,#4f8356
0,{elevation}ft {formation},0,-3,38.0,square,1,0,100.0,100.0,#a3e1f7,#a3e1f7
0,{elevation}ft {formation},0,-3,41.0,square,1,0,100.0,100.0,#a3e1f7,#a3e1f7
0,{elevation}ft {formation},0,-3,42.0,square,1,0,100.0,100.0,#8edcf7,#8edcf7
0,{elevation}ft {formation},0,-3,43.0,square,1,0,100.0,100.0,#8edcf7,#8edcf7
0,{elevation}ft {formation},0,-2,-48.0,square,1,0,100.0,100.0,#a3e1f7,#a3e1f7
0,{elevation}ft {formation},0,-2,-3.0,square,1,0,100.0,100.0,#a3e1f7,#a3e1f7
0,{elevation}ft {formation},0,-2,-2.0,square,1,0,100.0,100.0,#4f8356,#4f8356
0,{elevation}ft {formation},0,-2,-1.0,square,1,0,100.0,100.0,#4f8356,#4f8356
0,{elevation}ft {formation},0,-2,0.0,square,1,0,100.0,100.0,#4f8356,#4f8356
0,{elevation}ft {formation},0,-2,3.0,square,1,0,100.0,100.0,#4f8356,#4f8356
0,{elevation}ft {formation},0,-2,20.0,square,1,0,100.0,100.0,#4f8356,#4f8356
0,{elevation}ft {formation},0,-2,24.0,square,1,0,100.0,100.0,#4f8356,#4f8356
0,{elevation}ft {formation},0,-2,38.0,square,1,0,100.0,100.0,#a8e2f7,#a8e2f7
0,{elevation}ft {formation},0,-2,39.0,square,1,0,100.0,100.0,#a3e1f7,#a3e1f7
0,{elevation}ft {formation},0,-2,41.0,square,1,0,100.0,100.0,#a3e1f7,#a3e1f7
0,{elevation}ft {formation},0,-2,42.0,square,1,0,100.0,100.0,#9fe0f7,#9fe0f7
0,{elevation}ft {formation},0,-2,43.0,square,1,0,100.0,100.0,#9bdff7,#9bdff7
0,{elevation}ft {formation},0,-1,-57.0,square,1,0,100.0,100.0,#9bdff7,#9bdff7
0,{elevation}ft {formation},0,-1,-56.0,square,1,0,100.0,100.0,#65d8eb,#65d8eb
0,{elevation}ft {formation},0,-1,-55.0,square,1,0,100.0,100.0,#9bdff7,#9bdff7
0,{elevation}ft {formation},0,-1,-51.0,square,1,0,100.0,100.0,#bfb5a6,#bfb5a6
0,{elevation}ft {formation},0,-1,-3.0,square,1,0,100.0,100.0,#4f8356,#4f8356
0,{elevation}ft {formation},0,-1,3.0,square,1,0,100.0,100.0,#2b462f,#2b462f
0,{elevation}ft {formation},0,-1,29.0,square,1,0,100.0,100.0,#89592a,#89592a
0,{elevation}ft {formation},0,-1,38.0,square,1,0,100.0,100.0,#a3e1f7,#a3e1f7
0,{elevation}ft {formation},0,-1,39.0,square,1,0,100.0,100.0,#a8e2f7,#a8e2f7
0,{elevation}ft {formation},0,-1,40.0,square,1,0,100.0,100.0,#a3e1f7,#a3e1f7
0,{elevation}ft {formation},0,-1,41.0,square,1,0,100.0,100.0,#a3e1f7,#a3e1f7
0,{elevation}ft {formation},0,0,-58.0,square,1,0,100.0,100.0,#a3e1f7,#a3e1f7
0,{elevation}ft {formation},0,0,-57.0,square,1,0,100.0,100.0,#2d9cd0,#2d9cd0
0,{elevation}ft {formation},0,0,-49.0,square,1,0,100.0,100.0,#a3e1f7,#a3e1f7
0,{elevation}ft {formation},0,0,-47.0,square,1,0,100.0,100.0,#a3e1f7,#a3e1f7
0,{elevation}ft {formation},0,0,-46.0,square,1,0,100.0,100.0,#4f8356,#4f8356
0,{elevation}ft {formation},0,0,0.0,square,1,0,100.0,100.0,#4f8356,#4f8356
0,{elevation}ft {formation},0,0,7.0,square,1,0,100.0,100.0,#9fe0f7,#9fe0f7
0,{elevation}ft {formation},0,0,37.0,square,1,0,100.0,100.0,#a3e1f7,#a3e1f7
0,{elevation}ft {formation},0,0,40.0,square,1,0,100.0,100.0,#a3e1f7,#a3e1f7
0,{elevation}ft {formation},0,0,41.0,square,1,0,100.0,100.0,#a3e1f7,#a3e1f7
0,{elevation}ft {formation},0,0,42.0,square,1,0,100.0,100.0,#a3e1f7,#a3e1f7
0,{elevation}ft {formation},0,0,43.0,square,1,0,100.0,100.0,#a3e1f7,#a3e1f7
0,{elevation}ft {formation},0,0,46.0,square,1,0,100.0,100.0,#2d9cd0,#2d9cd0
0,{elevation}ft {formation},0,1,-48.0,square,1,0,100.0,100.0,#8edcf7,#8edcf7
0,{elevation}ft {formation},0,1,-47.0,square,1,0,100.0,100.0,#8edcf7,#8edcf7
0,{elevation}ft {formation},0,1,-46.0,square,1,0,100.0,100.0,#8edcf7,#8edcf7
0,{elevation}ft {formation},0,1,-45.0,square,1,0,100.0,100.0,#a8e2f7,#a8e2f7
0,{elevation}ft {formation},0,1,-44.0,square,1,0,100.0,100.0,#4f8356,#4f8356
0,{elevation}ft {formation},0,1,0.0,square,1,0,100.0,100.0,#2b462f,#2b462f
0,{elevation}ft {formation},0,1,4.0,square,1,0,100.0,100.0,#9fe0f7,#9fe0f7
0,{elevation}ft {formation},0,1,27.0,square,1,0,100.0,100.0,#89592a,#89592a
0,{elevation}ft {formation},0,1,35.0,square,1,0,100.0,100.0,#a3e1f7,#a3e1f7
0,{elevation}ft {formation},0,1,36.0,square,1,0,100.0,100.0,#a3e1f7,#a3e1f7
0,{elevation}ft {formation},0,1,41.0,square,1,0,100.0,100.0,#a3e1f7,#a3e1f7
0,{elevation}ft {formation},0,1,43.0,square,1,0,100.0,100.0,#a3e1f7,#a3e1f7
0,{elevation}ft {formation},0,1,44.0,square,1,0,100.0,100.0,#a3e1f7,#a3e1f7
0,{elevation}ft {formation},0,2,-60.0,square,1,0,100.0,100.0,#dfac7a,#dfac7a
0,{elevation}ft {formation},0,2,-47.0,square,1,0,100.0,100.0,#8edcf7,#8edcf7
0,{elevation}ft {formation},0,2,-29.0,square,1,0,100.0,100.0,#2d9cd0,#2d9cd0
0,{elevation}ft {formation},0,2,-5.0,square,1,0,100.0,100.0,#4f8356,#4f8356
0,{elevation}ft {formation},0,2,-4.0,square,1,0,100.0,100.0,#4f8356,#4f8356
0,{elevation}ft {formation},0,2,-3.0,square,1,0,100.0,100.0,#4f8356,#4f8356
0,{elevation}ft {formation},0,2,0.0,square,1,0,100.0,100.0,#2b462f,#2b462f
0,{elevation}ft {formation},0,2,6.0,square,1,0,100.0,100.0,#9fe0f7,#9fe0f7
0,{elevation}ft {formation},0,2,7.0,square,1,0,100.0,100.0,#9fe0f7,#9fe0f7
0,{elevation}ft {formation},0,2,26.0,square,1,0,100.0,100.0,#2b462f,#2b462f
0,{elevation}ft {formation},0,2,27.0,square,1,0,100.0,100.0,#2b462f,#2b462f
0,{elevation}ft {formation},0,2,28.0,square,1,0,100.0,100.0,#dfac7a,#dfac7a
0,{elevation}ft {formation},0,2,35.0,square,1,0,100.0,100.0,#a3e1f7,#a3e1f7
0,{elevation}ft {formation},0,2,38.0,square,1,0,100.0,100.0,#a3e1f7,#a3e1f7
0,{elevation}ft {formation},0,2,39.0,square,1,0,100.0,100.0,#a3e1f7,#a3e1f7
0,{elevation}ft {formation},0,2,41.0,square,1,0,100.0,100.0,#a3e1f7,#a3e1f7
0,{elevation}ft {formation},0,2,42.0,square,1,0,100.0,100.0,#a3e1f7,#a3e1f7
0,{elevation}ft {formation},0,2,43.0,square,1,0,100.0,100.0,#a3e1f7,#a3e1f7
0,{elevation}ft {formation},0,2,44.0,square,1,0,100.0,100.0,#a3e1f7,#a3e1f7
0,{elevation}ft {formation},0,3,-60.0,square,1,0,100.0,100.0,#8edcf7,#8edcf7
0,{elevation}ft {formation},0,3,-47.0,square,1,0,100.0,100.0,#8edcf7,#8edcf7
0,{elevation}ft {formation},0,3,-46.0,square,1,0,100.0,100.0,#8edcf7,#8edcf7
0,{elevation}ft {formation},0,3,-36.0,square,1,0,100.0,100.0,#8edcf7,#8edcf7
0,{elevation}ft {formation},0,3,-2.0,square,1,0,100.0,100.0,#2b462f,#2b462f
0,{elevation}ft {formation},0,3,0.0,square,1,0,100.0,100.0,#2b462f,#2b462f
0,{elevation}ft {formation},0,3,24.0,square,1,0,100.0,100.0,#a8e2f7,#a8e2f7
0,{elevation}ft {formation},0,3,27.0,square,1,0,100.0,100.0,#89592a,#89592a
0,{elevation}ft {formation},0,3,28.0,square,1,0,100.0,100.0,#dfac7a,#dfac7a
0,{elevation}ft {formation},0,3,37.0,square,1,0,100.0,100.0,#a3e1f7,#a3e1f7
0,{elevation}ft {formation},0,3,38.0,square,1,0,100.0,100.0,#a3e1f7,#a3e1f7
0,{elevation}ft {formation},0,3,39.0,square,1,0,100.0,100.0,#a3e1f7,#a3e1f7
0,{elevation}ft {formation},0,3,41.0,square,1,0,100.0,100.0,#9fe0f7,#9fe0f7
0,{elevation}ft {formation},0,3,42.0,square,1,0,100.0,100.0,#9fe0f7,#9fe0f7
0,{elevation}ft {formation},0,3,43.0,square,1,0,100.0,100.0,#a3e1f7,#a3e1f7
0,{elevation}ft {formation},0,3,44.0,square,1,0,100.0,100.0,#9bdff7,#9bdff7
0,{elevation}ft {formation},0,4,-60.67,square,1,0,100.0,100.0,#a3e1f7,#a3e1f7
0,{elevation}ft {formation},0,4,-58.66,square,1,0,100.0,100.0,#8edcf7,#8edcf7
0,{elevation}ft {formation},0,4,-57.66,square,1,0,100.0,100.0,#8edcf7,#8edcf7
0,{elevation}ft {formation},0,4,-4.51,square,1,0,100.0,100.0,#4f8356,#4f8356
0,{elevation}ft {formation},0,4,8.52,square,1,0,100.0,100.0,#a3e1f7,#a3e1f7
0,{elevation}ft {formation},0,4,20.56,square,1,0,100.0,100.0,#4f8356,#4f8356
0,{elevation}ft {formation},0,4,21.56,square,1,0,100.0,100.0,#4f8356,#4f8356
0,{elevation}ft {formation},0,4,22.56,square,1,0,100.0,100.0,#4f8356,#4f8356
0,{elevation}ft {formation},0,4,23.57,square,1,0,100.0,100.0,#2b462f,#2b462f
0,{elevation}ft {formation},0,4,24.57,square,1,0,100.0,100.0,#a8e2f7,#a8e2f7
0,{elevation}ft {formation},0,4,27.58,square,1,0,100.0,100.0,#2b462f,#2b462f
0,{elevation}ft {formation},0,4,32.59,square,1,0,100.0,100.0,#a3e1f7,#a3e1f7
0,{elevation}ft {formation},0,4,37.6,square,1,0,100.0,100.0,#a3e1f7,#a3e1f7
0,{elevation}ft {formation},0,4,38.61,square,1,0,100.0,100.0,#a3e1f7,#a3e1f7
0,{elevation}ft {formation},0,4,40.61,square,1,0,100.0,100.0,#a3e1f7,#a3e1f7
0,{elevation}ft {formation},0,4,41.62,square,1,0,100.0,100.0,#a3e1f7,#a3e1f7
0,{elevation}ft {formation},0,4,42.62,square,1,0,100.0,100.0,#a3e1f7,#a3e1f7
0,{elevation}ft {formation},0,5,-58.66,square,1,0,100.0,100.0,#2d9cd0,#2d9cd0
0,{elevation}ft {formation},0,5,-2.51,square,1,0,100.0,100.0,#2b462f,#2b462f
0,{elevation}ft {formation},0,5,10.53,square,1,0,100.0,100.0,#a3e1f7,#a3e1f7
0,{elevation}ft {formation},0,5,21.56,square,1,0,100.0,100.0,#2b462f,#2b462f
0,{elevation}ft {formation},0,5,29.58,square,1,0,100.0,100.0,#4f8356,#4f8356
0,{elevation}ft {formation},0,5,30.58,square,1,0,100.0,100.0,#a3e1f7,#a3e1f7
0,{elevation}ft {formation},0,5,32.59,square,1,0,100.0,100.0,#a8e2f7,#a8e2f7
0,{elevation}ft {formation},0,5,33.59,square,1,0,100.0,100.0,#a3e1f7,#a3e1f7
0,{elevation}ft {formation},0,5,35.6,square,1,0,100.0,100.0,#a3e1f7,#a3e1f7
0,{elevation}ft {formation},0,5,38.61,square,1,0,100.0,100.0,#a3e1f7,#a3e1f7
0,{elevation}ft {formation},0,5,39.61,square,1,0,100.0,100.0,#a3e1f7,#a3e1f7
0,{elevation}ft {formation},0,5,40.61,square,1,0,100.0,100.0,#a3e1f7,#a3e1f7
0,{elevation}ft {formation},0,5,41.62,square,1,0,100.0,100.0,#a3e1f7,#a3e1f7
0,{elevation}ft {formation},0,5,119.83,square,1,0,100.0,100.0,#a3e1f7,#a3e1f7
0,{elevation}ft {formation},0,6,-61.34,square,1,0,100.0,100.0,#65d8eb,#65d8eb
0,{elevation}ft {formation},0,6,-60.34,square,1,0,100.0,100.0,#50c4f2,#50c4f2
0,{elevation}ft {formation},0,6,-59.33,square,1,0,100.0,100.0,#8edcf7,#8edcf7
0,{elevation}ft {formation},0,6,-25.14,square,1,0,100.0,100.0,#091a2d,#091a2d
0,{elevation}ft {formation},0,6,27.15,square,1,0,100.0,100.0,#a3e1f7,#a3e1f7
0,{elevation}ft {formation},0,6,28.16,square,1,0,100.0,100.0,#a8e2f7,#a8e2f7
0,{elevation}ft {formation},0,6,30.17,square,1,0,100.0,100.0,#4f8356,#4f8356
0,{elevation}ft {formation},0,6,32.18,square,1,0,100.0,100.0,#a8e2f7,#a8e2f7
0,{elevation}ft {formation},0,6,36.2,square,1,0,100.0,100.0,#9fe0f7,#9fe0f7
0,{elevation}ft {formation},0,6,40.22,square,1,0,100.0,100.0,#a3e1f7,#a3e1f7
0,{elevation}ft {formation},0,6,41.23,square,1,0,100.0,100.0,#a3e1f7,#a3e1f7
0,{elevation}ft {formation},0,6,122.68,square,1,0,100.0,100.0,#dfac7a,#dfac7a
0,{elevation}ft {formation},0,7,-61.01,square,1,0,100.0,100.0,#65d8eb,#65d8eb
0,{elevation}ft {formation},0,7,-21.68,square,1,0,100.0,100.0,#9fe0f7,#9fe0f7
0,{elevation}ft {formation},0,7,-3.53,square,1,0,100.0,100.0,#2b462f,#2b462f
0,{elevation}ft {formation},0,7,-2.52,square,1,0,100.0,100.0,#2b462f,#2b462f
0,{elevation}ft {formation},0,7,23.7,square,1,0,100.0,100.0,#9fe0f7,#9fe0f7
0,{elevation}ft {formation},0,7,24.71,square,1,0,100.0,100.0,#a3e1f7,#a3e1f7
0,{elevation}ft {formation},0,7,26.72,square,1,0,100.0,100.0,#a3e1f7,#a3e1f7
0,{elevation}ft {formation},0,7,27.73,square,1,0,100.0,100.0,#a8e2f7,#a8e2f7
0,{elevation}ft {formation},0,7,28.74,square,1,0,100.0,100.0,#a3e1f7,#a3e1f7
0,{elevation}ft {formation},0,7,36.81,square,1,0,100.0,100.0,#9fe0f7,#9fe0f7
0,{elevation}ft {formation},0,7,37.82,square,1,0,100.0,100.0,#8edcf7,#8edcf7
0,{elevation}ft {formation},0,7,38.82,square,1,0,100.0,100.0,#a3e1f7,#a3e1f7
0,{elevation}ft {formation},0,7,39.83,square,1,0,100.0,100.0,#9fe0f7,#9fe0f7
0,{elevation}ft {formation},0,7,122.52,square,1,0,100.0,100.0,#89592a,#89592a
0,{elevation}ft {formation},0,8,-61.69,square,1,0,100.0,100.0,#8edcf7,#8edcf7
0,{elevation}ft {formation},0,8,26.29,square,1,0,100.0,100.0,#9fe0f7,#9fe0f7
0,{elevation}ft {formation},0,8,27.3,square,1,0,100.0,100.0,#9fe0f7,#9fe0f7
0,{elevation}ft {formation},0,8,28.31,square,1,0,100.0,100.0,#a3e1f7,#a3e1f7
0,{elevation}ft {formation},0,8,29.33,square,1,0,100.0,100.0,#a3e1f7,#a3e1f7
0,{elevation}ft {formation},0,8,31.35,square,1,0,100.0,100.0,#a3e1f7,#a3e1f7
0,{elevation}ft {formation},0,8,33.37,square,1,0,100.0,100.0,#2b462f,#2b462f
0,{elevation}ft {formation},0,8,35.39,square,1,0,100.0,100.0,#a3e1f7,#a3e1f7
0,{elevation}ft {formation},0,8,37.42,square,1,0,100.0,100.0,#8edcf7,#8edcf7
0,{elevation}ft {formation},0,8,38.43,square,1,0,100.0,100.0,#9bdff7,#9bdff7
0,{elevation}ft {formation},0,8,101.12,square,1,0,100.0,100.0,#2d9cd0,#2d9cd0
0,{elevation}ft {formation},0,9,-69.78,square,1,0,100.0,100.0,#091a2d,#091a2d
0,{elevation}ft {formation},0,9,-26.29,square,1,0,100.0,100.0,#091a2d,#091a2d
0,{elevation}ft {formation},0,9,-2.02,square,1,0,100.0,100.0,#2b462f,#2b462f
0,{elevation}ft {formation},0,9,1.01,square,1,0,100.0,100.0,#2b462f,#2b462f
0,{elevation}ft {formation},0,9,21.24,square,1,0,100.0,100.0,#9fe0f7,#9fe0f7
0,{elevation}ft {formation},0,9,22.25,square,1,0,100.0,100.0,#9fe0f7,#9fe0f7
0,{elevation}ft {formation},0,9,25.28,square,1,0,100.0,100.0,#9fe0f7,#9fe0f7
0,{elevation}ft {formation},0,9,26.29,square,1,0,100.0,100.0,#799774,#799774
0,{elevation}ft {formation},0,9,27.3,square,1,0,100.0,100.0,#8edcf7,#8edcf7
0,{elevation}ft {formation},0,9,28.31,square,1,0,100.0,100.0,#a3e1f7,#a3e1f7
0,{elevation}ft {formation},0,9,29.33,square,1,0,100.0,100.0,#a3e1f7,#a3e1f7
0,{elevation}ft {formation},0,9,33.37,square,1,0,100.0,100.0,#2b462f,#2b462f
0,{elevation}ft {formation},0,9,34.38,square,1,0,100.0,100.0,#2b462f,#2b462f
0,{elevation}ft {formation},0,9,35.39,square,1,0,100.0,100.0,#a3e1f7,#a3e1f7
0,{elevation}ft {formation},0,9,36.4,square,1,0,100.0,100.0,#9fe0f7,#9fe0f7
0,{elevation}ft {formation},0,9,38.43,square,1,0,100.0,100.0,#8edcf7,#8edcf7
0,{elevation}ft {formation},0,9,143.6,square,1,0,100.0,100.0,#2d9cd0,#2d9cd0
0,{elevation}ft {formation},0,10,-69.46,square,1,0,100.0,100.0,#0e2843,#0e2843
0,{elevation}ft {formation},0,10,0.51,square,1,0,100.0,100.0,#2b462f,#2b462f
0,{elevation}ft {formation},0,10,2.54,square,1,0,100.0,100.0,#a3e1f7,#a3e1f7
0,{elevation}ft {formation},0,10,15.72,square,1,0,100.0,100.0,#8edcf7,#8edcf7
0,{elevation}ft {formation},0,10,20.79,square,1,0,100.0,100.0,#9fe0f7,#9fe0f7
0,{elevation}ft {formation},0,10,22.82,square,1,0,100.0,100.0,#9fe0f7,#9fe0f7
0,{elevation}ft {formation},0,10,24.85,square,1,0,100.0,100.0,#9fe0f7,#9fe0f7
0,{elevation}ft {formation},0,10,28.9,square,1,0,100.0,100.0,#9bdff7,#9bdff7
0,{elevation}ft {formation},0,10,29.92,square,1,0,100.0,100.0,#9fe0f7,#9fe0f7
0,{elevation}ft {formation},0,10,30.93,square,1,0,100.0,100.0,#a3e1f7,#a3e1f7
0,{elevation}ft {formation},0,10,31.94,square,1,0,100.0,100.0,#a3e1f7,#a3e1f7
0,{elevation}ft {formation},0,10,36.0,square,1,0,100.0,100.0,#9fe0f7,#9fe0f7
0,{elevation}ft {formation},0,10,37.01,square,1,0,100.0,100.0,#a3e1f7,#a3e1f7
0,{elevation}ft {formation},0,10,38.03,square,1,0,100.0,100.0,#8edcf7,#8edcf7
0,{elevation}ft {formation},0,10,127.27,square,1,0,100.0,100.0,#dfac7a,#dfac7a
0,{elevation}ft {formation},0,11,-23.97,square,1,0,100.0,100.0,#091a2d,#091a2d
0,{elevation}ft {formation},0,11,9.69,square,1,0,100.0,100.0,#a3e1f7,#a3e1f7
0,{elevation}ft {formation},0,11,21.93,square,1,0,100.0,100.0,#9fe0f7,#9fe0f7
0,{elevation}ft {formation},0,11,29.07,square,1,0,100.0,100.0,#a3e1f7,#a3e1f7
0,{elevation}ft {formation},0,11,30.08,square,1,0,100.0,100.0,#a3e1f7,#a3e1f7
0,{elevation}ft {formation},0,11,31.1,square,1,0,100.0,100.0,#a3e1f7,#a3e1f7
0,{elevation}ft {formation},0,11,32.12,square,1,0,100.0,100.0,#a3e1f7,#a3e1f7
0,{elevation}ft {formation},0,11,34.16,square,1,0,100.0,100.0,#a3e1f7,#a3e1f7
0,{elevation}ft {formation},0,11,35.18,square,1,0,100.0,100.0,#a3e1f7,#a3e1f7
0,{elevation}ft {formation},0,11,36.2,square,1,0,100.0,100.0,#a3e1f7,#a3e1f7
0,{elevation}ft {formation},0,11,96.37,square,1,0,100.0,100.0,#89592a,#89592a
0,{elevation}ft {formation},0,11,126.97,square,1,0,100.0,100.0,#dfac7a,#dfac7a
0,{elevation}ft {formation},0,12,-66.48,square,1,0,100.0,100.0,#8edcf7,#8edcf7
0,{elevation}ft {formation},0,12,-65.45,square,1,0,100.0,100.0,#8edcf7,#8edcf7
0,{elevation}ft {formation},0,12,-58.3,square,1,0,100.0,100.0,#a3e1f7,#a3e1f7
0,{elevation}ft {formation},0,12,-57.27,square,1,0,100.0,100.0,#a3e1f7,#a3e1f7
0,{elevation}ft {formation},0,12,-33.75,square,1,0,100.0,100.0,#091a2d,#091a2d
0,{elevation}ft {formation},0,12,0.0,square,1,0,100.0,100.0,#2b462f,#2b462f
0,{elevation}ft {formation},0,12,2.05,square,1,0,100.0,100.0,#2b462f,#2b462f
0,{elevation}ft {formation},0,12,3.07,square,1,0,100.0,100.0,#2b462f,#2b462f
0,{elevation}ft {formation},0,12,4.09,square,1,0,100.0,100.0,#a3e1f7,#a3e1f7
0,{elevation}ft {formation},0,12,5.11,square,1,0,100.0,100.0,#a3e1f7,#a3e1f7
0,{elevation}ft {formation},0,12,6.14,square,1,0,100.0,100.0,#a3e1f7,#a3e1f7
0,{elevation}ft {formation},0,12,7.16,square,1,0,100.0,100.0,#a3e1f7,#a3e1f7
0,{elevation}ft {formation},0,12,8.18,square,1,0,100.0,100.0,#a3e1f7,#a3e1f7
0,{elevation}ft {formation},0,12,10.23,square,1,0,100.0,100.0,#a3e1f7,#a3e1f7
0,{elevation}ft {formation},0,12,11.25,square,1,0,100.0,100.0,#a3e1f7,#a3e1f7
0,{elevation}ft {formation},0,12,17.39,square,1,0,100.0,100.0,#8edcf7,#8edcf7
0,{elevation}ft {formation},0,12,18.41,square,1,0,100.0,100.0,#8edcf7,#8edcf7
0,{elevation}ft {formation},0,12,29.66,square,1,0,100.0,100.0,#8edcf7,#8edcf7
0,{elevation}ft {formation},0,12,30.68,square,1,0,100.0,100.0,#a3e1f7,#a3e1f7
0,{elevation}ft {formation},0,12,33.75,square,1,0,100.0,100.0,#a3e1f7,#a3e1f7
0,{elevation}ft {formation},0,12,34.77,square,1,0,100.0,100.0,#a3e1f7,#a3e1f7
0,{elevation}ft {formation},0,12,35.8,square,1,0,100.0,100.0,#a3e1f7,#a3e1f7
0,{elevation}ft {formation},0,12,92.05,square,1,0,100.0,100.0,#dfac7a,#dfac7a
0,{elevation}ft {formation},0,12,95.11,square,1,0,100.0,100.0,#a3e1f7,#a3e1f7
0,{elevation}ft {formation},0,12,121.7,square,1,0,100.0,100.0,#4f8356,#4f8356
0,{elevation}ft {formation},0,13,-60.0,square,1,0,100.0,100.0,#a3e1f7,#a3e1f7
0,{elevation}ft {formation},0,13,-58.97,square,1,0,100.0,100.0,#a3e1f7,#a3e1f7
0,{elevation}ft {formation},0,13,-57.95,square,1,0,100.0,100.0,#a3e1f7,#a3e1f7
0,{elevation}ft {formation},0,13,-56.92,square,1,0,100.0,100.0,#a3e1f7,#a3e1f7
0,{elevation}ft {formation},0,13,-55.9,square,1,0,100.0,100.0,#a3e1f7,#a3e1f7
0,{elevation}ft {formation},0,13,-0.51,square,1,0,100.0,100.0,#2b462f,#2b462f
0,{elevation}ft {formation},0,13,0.51,square,1,0,100.0,100.0,#2b462f,#2b462f
0,{elevation}ft {formation},0,13,1.54,square,1,0,100.0,100.0,#2b462f,#2b462f
0,{elevation}ft {formation},0,13,3.59,square,1,0,100.0,100.0,#2b462f,#2b462f
0,{elevation}ft {formation},0,13,4.62,square,1,0,100.0,100.0,#2b462f,#2b462f
0,{elevation}ft {formation},0,13,6.67,square,1,0,100.0,100.0,#a3e1f7,#a3e1f7
0,{elevation}ft {formation},0,13,7.69,square,1,0,100.0,100.0,#a3e1f7,#a3e1f7
0,{elevation}ft {formation},0,13,8.72,square,1,0,100.0,100.0,#a3e1f7,#a3e1f7
0,{elevation}ft {formation},0,13,9.74,square,1,0,100.0,100.0,#a3e1f7,#a3e1f7
0,{elevation}ft {formation},0,13,10.77,square,1,0,100.0,100.0,#a3e1f7,#a3e1f7
0,{elevation}ft {formation},0,13,16.92,square,1,0,100.0,100.0,#9bdff7,#9bdff7
0,{elevation}ft {formation},0,13,30.26,square,1,0,100.0,100.0,#a3e1f7,#a3e1f7
0,{elevation}ft {formation},0,13,31.28,square,1,0,100.0,100.0,#a3e1f7,#a3e1f7
0,{elevation}ft {formation},0,13,35.38,square,1,0,100.0,100.0,#a3e1f7,#a3e1f7
0,{elevation}ft {formation},0,13,91.79,square,1,0,100.0,100.0,#dfac7a,#dfac7a
0,{elevation}ft {formation},0,13,114.36,square,1,0,100.0,100.0,#bfb5a6,#bfb5a6
0,{elevation}ft {formation},0,13,120.51,square,1,0,100.0,100.0,#a3e1f7,#a3e1f7
0,{elevation}ft {formation},0,13,121.54,square,1,0,100.0,100.0,#bfb5a6,#bfb5a6
0,{elevation}ft {formation},0,14,-68.6,square,1,0,100.0,100.0,#9bdff7,#9bdff7
0,{elevation}ft {formation},0,14,-67.56,square,1,0,100.0,100.0,#dfac7a,#dfac7a
0,{elevation}ft {formation},0,14,-64.47,square,1,0,100.0,100.0,#a3e1f7,#a3e1f7
0,{elevation}ft {formation},0,14,-63.44,square,1,0,100.0,100.0,#dfac7a,#dfac7a
0,{elevation}ft {formation},0,14,-62.41,square,1,0,100.0,100.0,#a3e1f7,#a3e1f7
0,{elevation}ft {formation},0,14,-61.38,square,1,0,100.0,100.0,#a3e1f7,#a3e1f7
0,{elevation}ft {formation},0,14,-60.34,square,1,0,100.0,100.0,#a3e1f7,#a3e1f7
0,{elevation}ft {formation},0,14,-58.28,square,1,0,100.0,100.0,#a3e1f7,#a3e1f7
0,{elevation}ft {formation},0,14,0.52,square,1,0,100.0,100.0,#2b462f,#2b462f
0,{elevation}ft {formation},0,14,1.55,square,1,0,100.0,100.0,#2b462f,#2b462f
0,{elevation}ft {formation},0,14,2.58,square,1,0,100.0,100.0,#2b462f,#2b462f
0,{elevation}ft {formation},0,14,3.61,square,1,0,100.0,100.0,#a3e1f7,#a3e1f7
0,{elevation}ft {formation},0,14,4.64,square,1,0,100.0,100.0,#2b462f,#2b462f
0,{elevation}ft {formation},0,14,5.67,square,1,0,100.0,100.0,#a3e1f7,#a3e1f7
0,{elevation}ft {formation},0,14,6.7,square,1,0,100.0,100.0,#a3e1f7,#a3e1f7
0,{elevation}ft {formation},0,14,7.74,square,1,0,100.0,100.0,#a3e1f7,#a3e1f7
0,{elevation}ft {formation},0,14,8.77,square,1,0,100.0,100.0,#a3e1f7,#a3e1f7
0,{elevation}ft {formation},0,14,9.8,square,1,0,100.0,100.0,#a3e1f7,#a3e1f7
0,{elevation}ft {formation},0,14,10.83,square,1,0,100.0,100.0,#9bdff7,#9bdff7
0,{elevation}ft {formation},0,14,11.86,square,1,0,100.0,100.0,#a3e1f7,#a3e1f7
0,{elevation}ft {formation},0,14,79.94,square,1,0,100.0,100.0,#9fe0f7,#9fe0f7
0,{elevation}ft {formation},0,14,80.97,square,1,0,100.0,100.0,#65d8eb,#65d8eb
0,{elevation}ft {formation},0,14,82.01,square,1,0,100.0,100.0,#9fe0f7,#9fe0f7
0,{elevation}ft {formation},0,14,83.04,square,1,0,100.0,100.0,#1a4774,#1a4774
0,{elevation}ft {formation},0,14,84.07,square,1,0,100.0,100.0,#091a2d,#091a2d
0,{elevation}ft {formation},0,14,85.1,square,1,0,100.0,100.0,#091a2d,#091a2d
0,{elevation}ft {formation},0,14,120.17,square,1,0,100.0,100.0,#8edcf7,#8edcf7
0,{elevation}ft {formation},0,14,127.39,square,1,0,100.0,100.0,#a3e1f7,#a3e1f7
0,{elevation}ft {formation},0,15,-70.34,square,1,0,100.0,100.0,#65d8eb,#65d8eb
0,{elevation}ft {formation},0,15,-69.31,square,1,0,100.0,100.0,#9fe0f7,#9fe0f7
0,{elevation}ft {formation},0,15,-67.24,square,1,0,100.0,100.0,#89592a,#89592a
0,{elevation}ft {formation},0,15,-64.14,square,1,0,100.0,100.0,#a3e1f7,#a3e1f7
0,{elevation}ft {formation},0,15,-63.1,square,1,0,100.0,100.0,#a3e1f7,#a3e1f7
0,{elevation}ft {formation},0,15,-62.07,square,1,0,100.0,100.0,#a3e1f7,#a3e1f7
0,{elevation}ft {formation},0,15,3.1,square,1,0,100.0,100.0,#a3e1f7,#a3e1f7
0,{elevation}ft {formation},0,15,4.14,square,1,0,100.0,100.0,#a3e1f7,#a3e1f7
0,{elevation}ft {formation},0,15,5.17,square,1,0,100.0,100.0,#a3e1f7,#a3e1f7
0,{elevation}ft {formation},0,15,6.21,square,1,0,100.0,100.0,#a3e1f7,#a3e1f7
0,{elevation}ft {formation},0,15,8.28,square,1,0,100.0,100.0,#9fe0f7,#9fe0f7
0,{elevation}ft {formation},0,15,22.76,square,1,0,100.0,100.0,#2d9cd0,#2d9cd0
0,{elevation}ft {formation},0,15,74.48,square,1,0,100.0,100.0,#8edcf7,#8edcf7
0,{elevation}ft {formation},0,15,75.52,square,1,0,100.0,100.0,#2d9cd0,#2d9cd0
0,{elevation}ft {formation},0,15,79.66,square,1,0,100.0,100.0,#a3e1f7,#a3e1f7
0,{elevation}ft {formation},0,15,83.79,square,1,0,100.0,100.0,#a3e1f7,#a3e1f7
0,{elevation}ft {formation},0,15,94.14,square,1,0,100.0,100.0,#a3e1f7,#a3e1f7
0,{elevation}ft {formation},0,15,120.0,square,1,0,100.0,100.0,#2d9cd0,#2d9cd0
0,{elevation}ft {formation},0,15,122.07,square,1,0,100.0,100.0,#a3e1f7,#a3e1f7
0,{elevation}ft {formation},0,16,-70.75,square,1,0,100.0,100.0,#a8e2f7,#a8e2f7
0,{elevation}ft {formation},0,16,-69.71,square,1,0,100.0,100.0,#a3e1f7,#a3e1f7
0,{elevation}ft {formation},0,16,-67.63,square,1,0,100.0,100.0,#a3e1f7,#a3e1f7
0,{elevation}ft {formation},0,16,-66.59,square,1,0,100.0,100.0,#a3e1f7,#a3e1f7
0,{elevation}ft {formation},0,16,-65.55,square,1,0,100.0,100.0,#89592a,#89592a
0,{elevation}ft {formation},0,16,-64.51,square,1,0,100.0,100.0,#a3e1f7,#a3e1f7
0,{elevation}ft {formation},0,16,-58.27,square,1,0,100.0,100.0,#a3e1f7,#a3e1f7
0,{elevation}ft {formation},0,16,-56.18,square,1,0,100.0,100.0,#a3e1f7,#a3e1f7
0,{elevation}ft {formation},0,16,-55.14,square,1,0,100.0,100.0,#a3e1f7,#a3e1f7
0,{elevation}ft {formation},0,16,-42.66,square,1,0,100.0,100.0,#a3e1f7,#a3e1f7
0,{elevation}ft {formation},0,16,-41.62,square,1,0,100.0,100.0,#8edcf7,#8edcf7
0,{elevation}ft {formation},0,16,-16.65,square,1,0,100.0,100.0,#8edcf7,#8edcf7
0,{elevation}ft {formation},0,16,3.12,square,1,0,100.0,100.0,#a3e1f7,#a3e1f7
0,{elevation}ft {formation},0,16,4.16,square,1,0,100.0,100.0,#a3e1f7,#a3e1f7
0,{elevation}ft {formation},0,16,5.2,square,1,0,100.0,100.0,#a3e1f7,#a3e1f7
0,{elevation}ft {formation},0,16,6.24,square,1,0,100.0,100.0,#a3e1f7,#a3e1f7
0,{elevation}ft {formation},0,16,7.28,square,1,0,100.0,100.0,#a3e1f7,#a3e1f7
0,{elevation}ft {formation},0,16,21.85,square,1,0,100.0,100.0,#a3e1f7,#a3e1f7
0,{elevation}ft {formation},0,16,22.89,square,1,0,100.0,100.0,#a3e1f7,#a3e1f7
0,{elevation}ft {formation},0,16,23.93,square,1,0,100.0,100.0,#8edcf7,#8edcf7
0,{elevation}ft {formation},0,16,78.03,square,1,0,100.0,100.0,#a3e1f7,#a3e1f7
0,{elevation}ft {formation},0,16,82.2,square,1,0,100.0,100.0,#a3e1f7,#a3e1f7
0,{elevation}ft {formation},0,16,94.68,square,1,0,100.0,100.0,#a3e1f7,#a3e1f7
0,{elevation}ft {formation},0,16,112.37,square,1,0,100.0,100.0,#bfb5a6,#bfb5a6
0,{elevation}ft {formation},0,17,-68.02,square,1,0,100.0,100.0,#799774,#799774
0,{elevation}ft {formation},0,17,-66.98,square,1,0,100.0,100.0,#a3e1f7,#a3e1f7
0,{elevation}ft {formation},0,17,-65.93,square,1,0,100.0,100.0,#a3e1f7,#a3e1f7
0,{elevation}ft {formation},0,17,-64.88,square,1,0,100.0,100.0,#9bdff7,#9bdff7
0,{elevation}ft {formation},0,17,-63.84,square,1,0,100.0,100.0,#9bdff7,#9bdff7
0,{elevation}ft {formation},0,17,-56.51,square,1,0,100.0,100.0,#a3e1f7,#a3e1f7
0,{elevation}ft {formation},0,17,-55.47,square,1,0,100.0,100.0,#a3e1f7,#a3e1f7
0,{elevation}ft {formation},0,17,-54.42,square,1,0,100.0,100.0,#a3e1f7,#a3e1f7
0,{elevation}ft {formation},0,17,-40.81,square,1,0,100.0,100.0,#091a2d,#091a2d
0,{elevation}ft {formation},0,17,-35.58,square,1,0,100.0,100.0,#2d9cd0,#2d9cd0
0,{elevation}ft {formation},0,17,-12.56,square,1,0,100.0,100.0,#9fe0f7,#9fe0f7
0,{elevation}ft {formation},0,17,-11.51,square,1,0,100.0,100.0,#9fe0f7,#9fe0f7
0,{elevation}ft {formation},0,17,-4.19,square,1,0,100.0,100.0,#2b462f,#2b462f
0,{elevation}ft {formation},0,17,-3.14,square,1,0,100.0,100.0,#2b462f,#2b462f
0,{elevation}ft {formation},0,17,2.09,square,1,0,100.0,100.0,#a3e1f7,#a3e1f7
0,{elevation}ft {formation},0,17,3.14,square,1,0,100.0,100.0,#a3e1f7,#a3e1f7
0,{elevation}ft {formation},0,17,4.19,square,1,0,100.0,100.0,#a3e1f7,#a3e1f7
0,{elevation}ft {formation},0,17,5.23,square,1,0,100.0,100.0,#a3e1f7,#a3e1f7
0,{elevation}ft {formation},0,17,7.33,square,1,0,100.0,100.0,#8edcf7,#8edcf7
0,{elevation}ft {formation},0,17,70.12,square,1,0,100.0,100.0,#dfac7a,#dfac7a
0,{elevation}ft {formation},0,17,71.16,square,1,0,100.0,100.0,#8edcf7,#8edcf7
0,{elevation}ft {formation},0,17,72.21,square,1,0,100.0,100.0,#1a4774,#1a4774
0,{elevation}ft {formation},0,17,73.26,square,1,0,100.0,100.0,#8edcf7,#8edcf7
0,{elevation}ft {formation},0,17,81.63,square,1,0,100.0,100.0,#a3e1f7,#a3e1f7
0,{elevation}ft {formation},0,17,83.72,square,1,0,100.0,100.0,#bfb5a6,#bfb5a6
0,{elevation}ft {formation},0,17,85.81,square,1,0,100.0,100.0,#dfac7a,#dfac7a
0,{elevation}ft {formation},0,17,94.19,square,1,0,100.0,100.0,#a3e1f7,#a3e1f7
0,{elevation}ft {formation},0,17,139.19,square,1,0,100.0,100.0,#2d9cd0,#2d9cd0
0,{elevation}ft {formation},0,18,-70.53,square,1,0,100.0,100.0,#9bdff7,#9bdff7
0,{elevation}ft {formation},0,18,-64.21,square,1,0,100.0,100.0,#9bdff7,#9bdff7
0,{elevation}ft {formation},0,18,-47.37,square,1,0,100.0,100.0,#a3e1f7,#a3e1f7
0,{elevation}ft {formation},0,18,-45.26,square,1,0,100.0,100.0,#a3e1f7,#a3e1f7
0,{elevation}ft {formation},0,18,-43.16,square,1,0,100.0,100.0,#a3e1f7,#a3e1f7
0,{elevation}ft {formation},0,18,-41.05,square,1,0,100.0,100.0,#091a2d,#091a2d
0,{elevation}ft {formation},0,18,-13.68,square,1,0,100.0,100.0,#2d9cd0,#2d9cd0
0,{elevation}ft {formation},0,18,-3.16,square,1,0,100.0,100.0,#a3e1f7,#a3e1f7
0,{elevation}ft {formation},0,18,-2.11,square,1,0,100.0,100.0,#2b462f,#2b462f
0,{elevation}ft {formation},0,18,4.21,square,1,0,100.0,100.0,#a3e1f7,#a3e1f7
0,{elevation}ft {formation},0,18,5.26,square,1,0,100.0,100.0,#9fe0f7,#9fe0f7
0,{elevation}ft {formation},0,18,7.37,square,1,0,100.0,100.0,#8edcf7,#8edcf7
0,{elevation}ft {formation},0,18,8.42,square,1,0,100.0,100.0,#a3e1f7,#a3e1f7
0,{elevation}ft {formation},0,18,21.05,square,1,0,100.0,100.0,#a3e1f7,#a3e1f7
0,{elevation}ft {formation},0,18,68.42,square,1,0,100.0,100.0,#dfac7a,#dfac7a
0,{elevation}ft {formation},0,18,69.47,square,1,0,100.0,100.0,#dfac7a,#dfac7a
0,{elevation}ft {formation},0,18,70.53,square,1,0,100.0,100.0,#9bdff7,#9bdff7
0,{elevation}ft {formation},0,18,71.58,square,1,0,100.0,100.0,#103054,#103054
0,{elevation}ft {formation},0,18,96.84,square,1,0,100.0,100.0,#799774,#799774
0,{elevation}ft {formation},0,18,97.89,square,1,0,100.0,100.0,#dfac7a,#dfac7a
0,{elevation}ft {formation},0,18,98.95,square,1,0,100.0,100.0,#dfac7a,#dfac7a
0,{elevation}ft {formation},0,18,107.37,square,1,0,100.0,100.0,#4f8356,#4f8356
0,{elevation}ft {formation},0,18,113.68,square,1,0,100.0,100.0,#89592a,#89592a
0,{elevation}ft {formation},0,19,-69.88,square,1,0,100.0,100.0,#9bdff7,#9bdff7
0,{elevation}ft {formation},0,19,-66.71,square,1,0,100.0,100.0,#8edcf7,#8edcf7
0,{elevation}ft {formation},0,19,-65.65,square,1,0,100.0,100.0,#a3e1f7,#a3e1f7
0,{elevation}ft {formation},0,19,-64.59,square,1,0,100.0,100.0,#9bdff7,#9bdff7
0,{elevation}ft {formation},0,19,-50.82,square,1,0,100.0,100.0,#8edcf7,#8edcf7
0,{elevation}ft {formation},0,19,-48.71,square,1,0,100.0,100.0,#a3e1f7,#a3e1f7
0,{elevation}ft {formation},0,19,-47.65,square,1,0,100.0,100.0,#a3e1f7,#a3e1f7
0,{elevation}ft {formation},0,19,-8.47,square,1,0,100.0,100.0,#9fe0f7,#9fe0f7
0,{elevation}ft {formation},0,19,-7.41,square,1,0,100.0,100.0,#a3e1f7,#a3e1f7
0,{elevation}ft {formation},0,19,-6.35,square,1,0,100.0,100.0,#a3e1f7,#a3e1f7
0,{elevation}ft {formation},0,19,2.12,square,1,0,100.0,100.0,#a3e1f7,#a3e1f7
0,{elevation}ft {formation},0,19,3.18,square,1,0,100.0,100.0,#a3e1f7,#a3e1f7
0,{elevation}ft {formation},0,19,5.29,square,1,0,100.0,100.0,#a3e1f7,#a3e1f7
0,{elevation}ft {formation},0,19,7.41,square,1,0,100.0,100.0,#8edcf7,#8edcf7
0,{elevation}ft {formation},0,19,8.47,square,1,0,100.0,100.0,#8edcf7,#8edcf7
0,{elevation}ft {formation},0,19,9.53,square,1,0,100.0,100.0,#8edcf7,#8edcf7
0,{elevation}ft {formation},0,19,20.12,square,1,0,100.0,100.0,#a3e1f7,#a3e1f7
0,{elevation}ft {formation},0,19,21.18,square,1,0,100.0,100.0,#4f8356,#4f8356
0,{elevation}ft {formation},0,19,56.12,square,1,0,100.0,100.0,#a3e1f7,#a3e1f7
0,{elevation}ft {formation},0,19,94.24,square,1,0,100.0,100.0,#dfac7a,#dfac7a
0,{elevation}ft {formation},0,20,-71.36,square,1,0,100.0,100.0,#bfb5a6,#bfb5a6
0,{elevation}ft {formation},0,20,-64.97,square,1,0,100.0,100.0,#8edcf7,#8edcf7
0,{elevation}ft {formation},0,20,-47.93,square,1,0,100.0,100.0,#a3e1f7,#a3e1f7
0,{elevation}ft {formation},0,20,-46.86,square,1,0,100.0,100.0,#9fe0f7,#9fe0f7
0,{elevation}ft {formation},0,20,-45.8,square,1,0,100.0,100.0,#a3e1f7,#a3e1f7
0,{elevation}ft {formation},0,20,-24.5,square,1,0,100.0,100.0,#2d9cd0,#2d9cd0
0,{elevation}ft {formation},0,20,-10.65,square,1,0,100.0,100.0,#2d9cd0,#2d9cd0
0,{elevation}ft {formation},0,20,-8.52,square,1,0,100.0,100.0,#a3e1f7,#a3e1f7
0,{elevation}ft {formation},0,20,1.07,square,1,0,100.0,100.0,#8edcf7,#8edcf7
0,{elevation}ft {formation},0,20,3.2,square,1,0,100.0,100.0,#a3e1f7,#a3e1f7
0,{elevation}ft {formation},0,20,4.26,square,1,0,100.0,100.0,#a3e1f7,#a3e1f7
0,{elevation}ft {formation},0,20,5.33,square,1,0,100.0,100.0,#a3e1f7,#a3e1f7
0,{elevation}ft {formation},0,20,6.39,square,1,0,100.0,100.0,#8edcf7,#8edcf7
0,{elevation}ft {formation},0,20,7.46,square,1,0,100.0,100.0,#a3e1f7,#a3e1f7
0,{elevation}ft {formation},0,20,20.24,square,1,0,100.0,100.0,#a3e1f7,#a3e1f7
0,{elevation}ft {formation},0,20,21.3,square,1,0,100.0,100.0,#a3e1f7,#a3e1f7
0,{elevation}ft {formation},0,20,54.32,square,1,0,100.0,100.0,#a3e1f7,#a3e1f7
0,{elevation}ft {formation},0,20,67.1,square,1,0,100.0,100.0,#8edcf7,#8edcf7
0,{elevation}ft {formation},0,20,69.23,square,1,0,100.0,100.0,#dfac7a,#dfac7a
0,{elevation}ft {formation},0,20,92.66,square,1,0,100.0,100.0,#dfac7a,#dfac7a
0,{elevation}ft {formation},0,20,101.18,square,1,0,100.0,100.0,#dfac7a,#dfac7a
0,{elevation}ft {formation},0,21,-72.86,square,1,0,100.0,100.0,#bfb5a6,#bfb5a6
0,{elevation}ft {formation},0,21,-68.57,square,1,0,100.0,100.0,#a3e1f7,#a3e1f7
0,{elevation}ft {formation},0,21,-67.5,square,1,0,100.0,100.0,#a3e1f7,#a3e1f7
0,{elevation}ft {formation},0,21,-65.36,square,1,0,100.0,100.0,#8edcf7,#8edcf7
0,{elevation}ft {formation},0,21,-64.29,square,1,0,100.0,100.0,#2d9cd0,#2d9cd0
0,{elevation}ft {formation},0,21,-48.21,square,1,0,100.0,100.0,#9fe0f7,#9fe0f7
0,{elevation}ft {formation},0,21,-47.14,square,1,0,100.0,100.0,#9fe0f7,#9fe0f7
0,{elevation}ft {formation},0,21,-41.79,square,1,0,100.0,100.0,#091a2d,#091a2d
0,{elevation}ft {formation},0,21,-25.71,square,1,0,100.0,100.0,#2d9cd0,#2d9cd0
0,{elevation}ft {formation},0,21,-8.57,square,1,0,100.0,100.0,#2d9cd0,#2d9cd0
0,{elevation}ft {formation},0,21,2.14,square,1,0,100.0,100.0,#8edcf7,#8edcf7
0,{elevation}ft {formation},0,21,3.21,square,1,0,100.0,100.0,#a3e1f7,#a3e1f7
0,{elevation}ft {formation},0,21,4.29,square,1,0,100.0,100.0,#a3e1f7,#a3e1f7
0,{elevation}ft {formation},0,21,20.36,square,1,0,100.0,100.0,#a3e1f7,#a3e1f7
0,{elevation}ft {formation},0,21,21.43,square,1,0,100.0,100.0,#9bdff7,#9bdff7
0,{elevation}ft {formation},0,21,52.5,square,1,0,100.0,100.0,#a3e1f7,#a3e1f7
0,{elevation}ft {formation},0,21,98.57,square,1,0,100.0,100.0,#799774,#799774
0,{elevation}ft {formation},0,21,99.64,square,1,0,100.0,100.0,#9db070,#9db070
0,{elevation}ft {formation},0,21,100.71,square,1,0,100.0,100.0,#799774,#799774
0,{elevation}ft {formation},0,22,-66.83,square,1,0,100.0,100.0,#9fe0f7,#9fe0f7
0,{elevation}ft {formation},0,22,-65.75,square,1,0,100.0,100.0,#9bdff7,#9bdff7
0,{elevation}ft {formation},0,22,-48.5,square,1,0,100.0,100.0,#9fe0f7,#9fe0f7
0,{elevation}ft {formation},0,22,-47.43,square,1,0,100.0,100.0,#9fe0f7,#9fe0f7
0,{elevation}ft {formation},0,22,-46.35,square,1,0,100.0,100.0,#a3e1f7,#a3e1f7
0,{elevation}ft {formation},0,22,-31.26,square,1,0,100.0,100.0,#2d9cd0,#2d9cd0
0,{elevation}ft {formation},0,22,19.4,square,1,0,100.0,100.0,#8edcf7,#8edcf7
0,{elevation}ft {formation},0,22,50.66,square,1,0,100.0,100.0,#a3e1f7,#a3e1f7
0,{elevation}ft {formation},0,22,51.74,square,1,0,100.0,100.0,#a3e1f7,#a3e1f7
0,{elevation}ft {formation},0,22,98.08,square,1,0,100.0,100.0,#dfac7a,#dfac7a
0,{elevation}ft {formation},0,22,99.16,square,1,0,100.0,100.0,#dfac7a,#dfac7a
0,{elevation}ft {formation},0,23,-67.98,square,1,0,100.0,100.0,#8edcf7,#8edcf7
0,{elevation}ft {formation},0,23,-66.89,square,1,0,100.0,100.0,#8edcf7,#8edcf7
0,{elevation}ft {formation},0,23,-65.8,square,1,0,100.0,100.0,#8edcf7,#8edcf7
0,{elevation}ft {formation},0,23,-64.71,square,1,0,100.0,100.0,#2d9cd0,#2d9cd0
0,{elevation}ft {formation},0,23,-48.4,square,1,0,100.0,100.0,#a3e1f7,#a3e1f7
0,{elevation}ft {formation},0,23,-47.31,square,1,0,100.0,100.0,#a3e1f7,#a3e1f7
0,{elevation}ft {formation},0,23,19.03,square,1,0,100.0,100.0,#a3e1f7,#a3e1f7
0,{elevation}ft {formation},0,23,49.49,square,1,0,100.0,100.0,#a3e1f7,#a3e1f7
0,{elevation}ft {formation},0,23,50.57,square,1,0,100.0,100.0,#8edcf7,#8edcf7
0,{elevation}ft {formation},0,23,73.41,square,1,0,100.0,100.0,#a3e1f7,#a3e1f7
0,{elevation}ft {formation},0,23,74.5,square,1,0,100.0,100.0,#bfb5a6,#bfb5a6
0,{elevation}ft {formation},0,23,111.48,square,1,0,100.0,100.0,#89592a,#89592a
0,{elevation}ft {formation},0,24,-68.39,square,1,0,100.0,100.0,#9bdff7,#9bdff7
0,{elevation}ft {formation},0,24,-67.29,square,1,0,100.0,100.0,#8edcf7,#8edcf7
0,{elevation}ft {formation},0,24,-66.2,square,1,0,100.0,100.0,#9bdff7,#9bdff7
0,{elevation}ft {formation},0,24,-65.11,square,1,0,100.0,100.0,#2d9cd0,#2d9cd0
0,{elevation}ft {formation},0,24,-48.69,square,1,0,100.0,100.0,#a8e2f7,#a8e2f7
0,{elevation}ft {formation},0,24,-47.6,square,1,0,100.0,100.0,#a3e1f7,#a3e1f7
0,{elevation}ft {formation},0,24,-33.37,square,1,0,100.0,100.0,#091a2d,#091a2d
0,{elevation}ft {formation},0,24,20.24,square,1,0,100.0,100.0,#8edcf7,#8edcf7
0,{elevation}ft {formation},0,24,48.69,square,1,0,100.0,100.0,#a3e1f7,#a3e1f7
0,{elevation}ft {formation},0,24,49.79,square,1,0,100.0,100.0,#a3e1f7,#a3e1f7
0,{elevation}ft {formation},0,24,67.29,square,1,0,100.0,100.0,#a3e1f7,#a3e1f7
0,{elevation}ft {formation},0,24,68.39,square,1,0,100.0,100.0,#89592a,#89592a
0,{elevation}ft {formation},0,24,70.58,square,1,0,100.0,100.0,#a3e1f7,#a3e1f7
0,{elevation}ft {formation},0,24,111.06,square,1,0,100.0,100.0,#89592a,#89592a
0,{elevation}ft {formation},0,24,113.25,square,1,0,100.0,100.0,#89592a,#89592a
0,{elevation}ft {formation},0,25,-76.2,square,1,0,100.0,100.0,#2d9cd0,#2d9cd0
0,{elevation}ft {formation},0,25,-72.88,square,1,0,100.0,100.0,#a3e1f7,#a3e1f7
0,{elevation}ft {formation},0,25,-69.57,square,1,0,100.0,100.0,#8edcf7,#8edcf7
0,{elevation}ft {formation},0,25,-68.47,square,1,0,100.0,100.0,#a3e1f7,#a3e1f7
0,{elevation}ft {formation},0,25,-66.26,square,1,0,100.0,100.0,#8edcf7,#8edcf7
0,{elevation}ft {formation},0,25,-65.15,square,1,0,100.0,100.0,#8edcf7,#8edcf7
0,{elevation}ft {formation},0,25,-50.8,square,1,0,100.0,100.0,#2b462f,#2b462f
0,{elevation}ft {formation},0,25,-49.69,square,1,0,100.0,100.0,#2b462f,#2b462f
0,{elevation}ft {formation},0,25,-48.59,square,1,0,100.0,100.0,#2b462f,#2b462f
0,{elevation}ft {formation},0,25,-47.48,square,1,0,100.0,100.0,#2b462f,#2b462f
0,{elevation}ft {formation},0,25,-46.38,square,1,0,100.0,100.0,#2b462f,#2b462f
0,{elevation}ft {formation},0,25,17.67,square,1,0,100.0,100.0,#a3e1f7,#a3e1f7
0,{elevation}ft {formation},0,25,46.38,square,1,0,100.0,100.0,#8edcf7,#8edcf7
0,{elevation}ft {formation},0,25,50.8,square,1,0,100.0,100.0,#dfac7a,#dfac7a
0,{elevation}ft {formation},0,25,65.15,square,1,0,100.0,100.0,#8edcf7,#8edcf7
0,{elevation}ft {formation},0,25,100.49,square,1,0,100.0,100.0,#dfac7a,#dfac7a
0,{elevation}ft {formation},0,25,101.6,square,1,0,100.0,100.0,#9db070,#9db070
0,{elevation}ft {formation},0,25,102.7,square,1,0,100.0,100.0,#9db070,#9db070
0,{elevation}ft {formation},0,25,107.12,square,1,0,100.0,100.0,#89592a,#89592a
0,{elevation}ft {formation},0,26,-76.67,square,1,0,100.0,100.0,#2d9cd0,#2d9cd0
0,{elevation}ft {formation},0,26,-75.56,square,1,0,100.0,100.0,#2d9cd0,#2d9cd0
0,{elevation}ft {formation},0,26,-74.44,square,1,0,100.0,100.0,#bfb5a6,#bfb5a6
0,{elevation}ft {formation},0,26,-73.33,square,1,0,100.0,100.0,#2b462f,#2b462f
0,{elevation}ft {formation},0,26,-68.89,square,1,0,100.0,100.0,#a3e1f7,#a3e1f7
0,{elevation}ft {formation},0,26,-67.78,square,1,0,100.0,100.0,#a3e1f7,#a3e1f7
0,{elevation}ft {formation},0,26,-66.67,square,1,0,100.0,100.0,#8edcf7,#8edcf7
0,{elevation}ft {formation},0,26,-65.56,square,1,0,100.0,100.0,#8edcf7,#8edcf7
0,{elevation}ft {formation},0,26,-53.33,square,1,0,100.0,100.0,#a3e1f7,#a3e1f7
0,{elevation}ft {formation},0,26,-51.11,square,1,0,100.0,100.0,#2b462f,#2b462f
0,{elevation}ft {formation},0,26,-50.0,square,1,0,100.0,100.0,#2b462f,#2b462f
0,{elevation}ft {formation},0,26,-48.89,square,1,0,100.0,100.0,#2b462f,#2b462f
0,{elevation}ft {formation},0,26,-47.78,square,1,0,100.0,100.0,#4f8356,#4f8356
0,{elevation}ft {formation},0,26,-46.67,square,1,0,100.0,100.0,#a3e1f7,#a3e1f7
0,{elevation}ft {formation},0,26,-45.56,square,1,0,100.0,100.0,#a3e1f7,#a3e1f7
0,{elevation}ft {formation},0,26,12.22,square,1,0,100.0,100.0,#2d9cd0,#2d9cd0
0,{elevation}ft {formation},0,26,13.33,square,1,0,100.0,100.0,#2d9cd0,#2d9cd0
0,{elevation}ft {formation},0,26,17.78,square,1,0,100.0,100.0,#9bdff7,#9bdff7
0,{elevation}ft {formation},0,26,18.89,square,1,0,100.0,100.0,#9bdff7,#9bdff7
0,{elevation}ft {formation},0,26,22.22,square,1,0,100.0,100.0,#65d8eb,#65d8eb
0,{elevation}ft {formation},0,26,24.44,square,1,0,100.0,100.0,#a3e1f7,#a3e1f7
0,{elevation}ft {formation},0,26,43.33,square,1,0,100.0,100.0,#8edcf7,#8edcf7
0,{elevation}ft {formation},0,26,45.56,square,1,0,100.0,100.0,#8edcf7,#8edcf7
0,{elevation}ft {formation},0,26,68.89,square,1,0,100.0,100.0,#a3e1f7,#a3e1f7
0,{elevation}ft {formation},0,26,101.11,square,1,0,100.0,100.0,#9db070,#9db070
0,{elevation}ft {formation},0,26,102.22,square,1,0,100.0,100.0,#dfac7a,#dfac7a
0,{elevation}ft {formation},0,26,112.22,square,1,0,100.0,100.0,#89592a,#89592a
0,{elevation}ft {formation},0,27,-76.82,square,1,0,100.0,100.0,#2d9cd0,#2d9cd0
0,{elevation}ft {formation},0,27,-75.7,square,1,0,100.0,100.0,#bfb5a6,#bfb5a6
0,{elevation}ft {formation},0,27,-68.97,square,1,0,100.0,100.0,#8edcf7,#8edcf7
0,{elevation}ft {formation},0,27,-67.85,square,1,0,100.0,100.0,#a3e1f7,#a3e1f7
0,{elevation}ft {formation},0,27,-66.73,square,1,0,100.0,100.0,#a3e1f7,#a3e1f7
0,{elevation}ft {formation},0,27,-65.61,square,1,0,100.0,100.0,#8edcf7,#8edcf7
0,{elevation}ft {formation},0,27,-64.49,square,1,0,100.0,100.0,#9fe0f7,#9fe0f7
0,{elevation}ft {formation},0,27,-63.36,square,1,0,100.0,100.0,#9fe0f7,#9fe0f7
0,{elevation}ft {formation},0,27,-62.24,square,1,0,100.0,100.0,#9fe0f7,#9fe0f7
0,{elevation}ft {formation},0,27,-54.39,square,1,0,100.0,100.0,#2b462f,#2b462f
0,{elevation}ft {formation},0,27,-53.27,square,1,0,100.0,100.0,#a8e2f7,#a8e2f7
0,{elevation}ft {formation},0,27,-52.15,square,1,0,100.0,100.0,#2b462f,#2b462f
0,{elevation}ft {formation},0,27,-51.03,square,1,0,100.0,100.0,#2b462f,#2b462f
0,{elevation}ft {formation},0,27,-49.91,square,1,0,100.0,100.0,#4f8356,#4f8356
0,{elevation}ft {formation},0,27,-48.79,square,1,0,100.0,100.0,#4f8356,#4f8356
0,{elevation}ft {formation},0,27,-47.66,square,1,0,100.0,100.0,#4f8356,#4f8356
0,{elevation}ft {formation},0,27,-46.54,square,1,0,100.0,100.0,#4f8356,#4f8356
0,{elevation}ft {formation},0,27,-45.42,square,1,0,100.0,100.0,#2b462f,#2b462f
0,{elevation}ft {formation},0,27,-34.21,square,1,0,100.0,100.0,#091a2d,#091a2d
0,{elevation}ft {formation},0,27,11.78,square,1,0,100.0,100.0,#2d9cd0,#2d9cd0
0,{elevation}ft {formation},0,27,12.9,square,1,0,100.0,100.0,#2d9cd0,#2d9cd0
0,{elevation}ft {formation},0,27,19.63,square,1,0,100.0,100.0,#a3e1f7,#a3e1f7
0,{elevation}ft {formation},0,27,21.87,square,1,0,100.0,100.0,#65d8eb,#65d8eb
0,{elevation}ft {formation},0,27,25.23,square,1,0,100.0,100.0,#8edcf7,#8edcf7
0,{elevation}ft {formation},0,27,45.42,square,1,0,100.0,100.0,#8edcf7,#8edcf7
0,{elevation}ft {formation},0,27,66.73,square,1,0,100.0,100.0,#a3e1f7,#a3e1f7
0,{elevation}ft {formation},0,27,101.5,square,1,0,100.0,100.0,#dfac7a,#dfac7a
0,{elevation}ft {formation},0,27,102.62,square,1,0,100.0,100.0,#dfac7a,#dfac7a
0,{elevation}ft {formation},0,27,111.59,square,1,0,100.0,100.0,#89592a,#89592a
0,{elevation}ft {formation},0,27,112.71,square,1,0,100.0,100.0,#89592a,#89592a
0,{elevation}ft {formation},0,27,113.83,square,1,0,100.0,100.0,#89592a,#89592a
0,{elevation}ft {formation},0,28,-75.85,square,1,0,100.0,100.0,#2d9cd0,#2d9cd0
0,{elevation}ft {formation},0,28,-69.06,square,1,0,100.0,100.0,#a3e1f7,#a3e1f7
0,{elevation}ft {formation},0,28,-67.92,square,1,0,100.0,100.0,#a3e1f7,#a3e1f7
0,{elevation}ft {formation},0,28,-66.79,square,1,0,100.0,100.0,#a3e1f7,#a3e1f7
0,{elevation}ft {formation},0,28,-65.66,square,1,0,100.0,100.0,#8edcf7,#8edcf7
0,{elevation}ft {formation},0,28,-61.13,square,1,0,100.0,100.0,#a3e1f7,#a3e1f7
0,{elevation}ft {formation},0,28,-60.0,square,1,0,100.0,100.0,#a3e1f7,#a3e1f7
0,{elevation}ft {formation},0,28,-58.87,square,1,0,100.0,100.0,#a3e1f7,#a3e1f7
0,{elevation}ft {formation},0,28,-55.47,square,1,0,100.0,100.0,#2b462f,#2b462f
0,{elevation}ft {formation},0,28,-54.34,square,1,0,100.0,100.0,#2b462f,#2b462f
0,{elevation}ft {formation},0,28,-53.21,square,1,0,100.0,100.0,#2b462f,#2b462f
0,{elevation}ft {formation},0,28,-52.08,square,1,0,100.0,100.0,#2b462f,#2b462f
0,{elevation}ft {formation},0,28,-50.94,square,1,0,100.0,100.0,#a8e2f7,#a8e2f7
0,{elevation}ft {formation},0,28,-46.42,square,1,0,100.0,100.0,#4f8356,#4f8356
0,{elevation}ft {formation},0,28,-45.28,square,1,0,100.0,100.0,#4f8356,#4f8356
0,{elevation}ft {formation},0,28,-44.15,square,1,0,100.0,100.0,#4f8356,#4f8356
0,{elevation}ft {formation},0,28,-43.02,square,1,0,100.0,100.0,#4f8356,#4f8356
0,{elevation}ft {formation},0,28,-41.89,square,1,0,100.0,100.0,#2b462f,#2b462f
0,{elevation}ft {formation},0,28,-40.75,square,1,0,100.0,100.0,#2b462f,#2b462f
0,{elevation}ft {formation},0,28,-39.62,square,1,0,100.0,100.0,#a3e1f7,#a3e1f7
0,{elevation}ft {formation},0,28,10.19,square,1,0,100.0,100.0,#091a2d,#091a2d
0,{elevation}ft {formation},0,28,11.32,square,1,0,100.0,100.0,#9bdff7,#9bdff7
0,{elevation}ft {formation},0,28,12.45,square,1,0,100.0,100.0,#50c4f2,#50c4f2
0,{elevation}ft {formation},0,28,13.58,square,1,0,100.0,100.0,#8edcf7,#8edcf7
0,{elevation}ft {formation},0,28,14.72,square,1,0,100.0,100.0,#a3e1f7,#a3e1f7
0,{elevation}ft {formation},0,28,15.85,square,1,0,100.0,100.0,#9bdff7,#9bdff7
0,{elevation}ft {formation},0,28,18.11,square,1,0,100.0,100.0,#a3e1f7,#a3e1f7
0,{elevation}ft {formation},0,28,19.25,square,1,0,100.0,100.0,#a3e1f7,#a3e1f7
0,{elevation}ft {formation},0,28,22.64,square,1,0,100.0,100.0,#8edcf7,#8edcf7
0,{elevation}ft {formation},0,28,24.91,square,1,0,100.0,100.0,#2d9cd0,#2d9cd0
0,{elevation}ft {formation},0,28,45.28,square,1,0,100.0,100.0,#8edcf7,#8edcf7
0,{elevation}ft {formation},0,28,100.75,square,1,0,100.0,100.0,#dfac7a,#dfac7a
0,{elevation}ft {formation},0,28,101.89,square,1,0,100.0,100.0,#dfac7a,#dfac7a
0,{elevation}ft {formation},0,28,110.94,square,1,0,100.0,100.0,#dfac7a,#dfac7a
0,{elevation}ft {formation},0,28,112.08,square,1,0,100.0,100.0,#89592a,#89592a
0,{elevation}ft {formation},0,28,113.21,square,1,0,100.0,100.0,#89592a,#89592a
0,{elevation}ft {formation},0,29,-76.0,square,1,0,100.0,100.0,#bfb5a6,#bfb5a6
0,{elevation}ft {formation},0,29,-69.14,square,1,0,100.0,100.0,#a3e1f7,#a3e1f7
0,{elevation}ft {formation},0,29,-68.0,square,1,0,100.0,100.0,#a3e1f7,#a3e1f7
0,{elevation}ft {formation},0,29,-61.14,square,1,0,100.0,100.0,#a3e1f7,#a3e1f7
0,{elevation}ft {formation},0,29,-60.0,square,1,0,100.0,100.0,#a3e1f7,#a3e1f7
0,{elevation}ft {formation},0,29,-58.86,square,1,0,100.0,100.0,#a8e2f7,#a8e2f7
0,{elevation}ft {formation},0,29,-57.71,square,1,0,100.0,100.0,#2b462f,#2b462f
0,{elevation}ft {formation},0,29,-56.57,square,1,0,100.0,100.0,#2b462f,#2b462f
0,{elevation}ft {formation},0,29,-53.14,square,1,0,100.0,100.0,#a8e2f7,#a8e2f7
0,{elevation}ft {formation},0,29,-52.0,square,1,0,100.0,100.0,#4f8356,#4f8356
0,{elevation}ft {formation},0,29,-41.71,square,1,0,100.0,100.0,#2b462f,#2b462f
0,{elevation}ft {formation},0,29,-40.57,square,1,0,100.0,100.0,#2b462f,#2b462f
0,{elevation}ft {formation},0,29,-28.0,square,1,0,100.0,100.0,#8edcf7,#8edcf7
0,{elevation}ft {formation},0,29,9.71,square,1,0,100.0,100.0,#8edcf7,#8edcf7
0,{elevation}ft {formation},0,29,10.86,square,1,0,100.0,100.0,#65d8eb,#65d8eb
0,{elevation}ft {formation},0,29,13.14,square,1,0,100.0,100.0,#50c4f2,#50c4f2
0,{elevation}ft {formation},0,29,23.43,square,1,0,100.0,100.0,#65d8eb,#65d8eb
0,{elevation}ft {formation},0,29,24.57,square,1,0,100.0,100.0,#8edcf7,#8edcf7
0,{elevation}ft {formation},0,29,44.0,square,1,0,100.0,100.0,#a3e1f7,#a3e1f7
0,{elevation}ft {formation},0,29,45.14,square,1,0,100.0,100.0,#a3e1f7,#a3e1f7
0,{elevation}ft {formation},0,29,101.14,square,1,0,100.0,100.0,#dfac7a,#dfac7a
0,{elevation}ft {formation},0,29,102.29,square,1,0,100.0,100.0,#dfac7a,#dfac7a
0,{elevation}ft {formation},0,29,112.57,square,1,0,100.0,100.0,#89592a,#89592a
0,{elevation}ft {formation},0,29,114.86,square,1,0,100.0,100.0,#c47c36,#c47c36
0,{elevation}ft {formation},0,29,116.0,square,1,0,100.0,100.0,#89592a,#89592a
0,{elevation}ft {formation},0,30,-77.31,square,1,0,100.0,100.0,#bfb5a6,#bfb5a6
0,{elevation}ft {formation},0,30,-76.15,square,1,0,100.0,100.0,#bfb5a6,#bfb5a6
0,{elevation}ft {formation},0,30,-68.08,square,1,0,100.0,100.0,#a3e1f7,#a3e1f7
0,{elevation}ft {formation},0,30,-61.15,square,1,0,100.0,100.0,#a3e1f7,#a3e1f7
0,{elevation}ft {formation},0,30,-60.0,square,1,0,100.0,100.0,#a3e1f7,#a3e1f7
0,{elevation}ft {formation},0,30,-58.85,square,1,0,100.0,100.0,#a8e2f7,#a8e2f7
0,{elevation}ft {formation},0,30,-57.69,square,1,0,100.0,100.0,#4f8356,#4f8356
0,{elevation}ft {formation},0,30,-56.54,square,1,0,100.0,100.0,#4f8356,#4f8356
0,{elevation}ft {formation},0,30,-53.08,square,1,0,100.0,100.0,#2b462f,#2b462f
0,{elevation}ft {formation},0,30,-51.92,square,1,0,100.0,100.0,#4f8356,#4f8356
0,{elevation}ft {formation},0,30,-41.54,square,1,0,100.0,100.0,#4f8356,#4f8356
0,{elevation}ft {formation},0,30,-40.38,square,1,0,100.0,100.0,#4f8356,#4f8356
0,{elevation}ft {formation},0,30,-6.92,square,1,0,100.0,100.0,#2d9cd0,#2d9cd0
0,{elevation}ft {formation},0,30,4.62,square,1,0,100.0,100.0,#2d9cd0,#2d9cd0
0,{elevation}ft {formation},0,30,12.69,square,1,0,100.0,100.0,#65d8eb,#65d8eb
0,{elevation}ft {formation},0,30,13.85,square,1,0,100.0,100.0,#2d9cd0,#2d9cd0
0,{elevation}ft {formation},0,30,16.15,square,1,0,100.0,100.0,#103054,#103054
0,{elevation}ft {formation},0,30,18.46,square,1,0,100.0,100.0,#a3e1f7,#a3e1f7
0,{elevation}ft {formation},0,30,20.77,square,1,0,100.0,100.0,#a3e1f7,#a3e1f7
0,{elevation}ft {formation},0,30,21.92,square,1,0,100.0,100.0,#8edcf7,#8edcf7
0,{elevation}ft {formation},0,30,23.08,square,1,0,100.0,100.0,#2d9cd0,#2d9cd0
0,{elevation}ft {formation},0,30,24.23,square,1,0,100.0,100.0,#2d9cd0,#2d9cd0
0,{elevation}ft {formation},0,30,45.0,square,1,0,100.0,100.0,#a3e1f7,#a3e1f7
0,{elevation}ft {formation},0,30,96.92,square,1,0,100.0,100.0,#89592a,#89592a
0,{elevation}ft {formation},0,30,100.38,square,1,0,100.0,100.0,#9db070,#9db070
0,{elevation}ft {formation},0,30,101.54,square,1,0,100.0,100.0,#dfac7a,#dfac7a
0,{elevation}ft {formation},0,30,102.69,square,1,0,100.0,100.0,#dfac7a,#dfac7a
0,{elevation}ft {formation},0,30,103.85,square,1,0,100.0,100.0,#dfac7a,#dfac7a
0,{elevation}ft {formation},0,30,108.46,square,1,0,100.0,100.0,#dfac7a,#dfac7a
0,{elevation}ft {formation},0,30,109.62,square,1,0,100.0,100.0,#89592a,#89592a
0,{elevation}ft {formation},0,30,110.77,square,1,0,100.0,100.0,#89592a,#89592a
0,{elevation}ft {formation},0,30,111.92,square,1,0,100.0,100.0,#89592a,#89592a
0,{elevation}ft {formation},0,30,113.08,square,1,0,100.0,100.0,#89592a,#89592a
0,{elevation}ft {formation},0,30,114.23,square,1,0,100.0,100.0,#c47c36,#c47c36
0,{elevation}ft {formation},0,30,115.38,square,1,0,100.0,100.0,#c47c36,#c47c36
0,{elevation}ft {formation},0,31,-77.48,square,1,0,100.0,100.0,#bfb5a6,#bfb5a6
0,{elevation}ft {formation},0,31,-76.31,square,1,0,100.0,100.0,#724b25,#724b25
0,{elevation}ft {formation},0,31,-75.15,square,1,0,100.0,100.0,#dfac7a,#dfac7a
0,{elevation}ft {formation},0,31,-60.0,square,1,0,100.0,100.0,#2b462f,#2b462f
0,{elevation}ft {formation},0,31,-56.5,square,1,0,100.0,100.0,#dfac7a,#dfac7a
0,{elevation}ft {formation},0,31,-51.84,square,1,0,100.0,100.0,#4f8356,#4f8356
0,{elevation}ft {formation},0,31,-50.68,square,1,0,100.0,100.0,#4f8356,#4f8356
0,{elevation}ft {formation},0,31,-41.36,square,1,0,100.0,100.0,#4f8356,#4f8356
0,{elevation}ft {formation},0,31,-40.19,square,1,0,100.0,100.0,#4f8356,#4f8356
0,{elevation}ft {formation},0,31,-39.03,square,1,0,100.0,100.0,#2b462f,#2b462f
0,{elevation}ft {formation},0,31,-37.86,square,1,0,100.0,100.0,#9fe0f7,#9fe0f7
0,{elevation}ft {formation},0,31,-36.7,square,1,0,100.0,100.0,#9fe0f7,#9fe0f7
0,{elevation}ft {formation},0,31,2.91,square,1,0,100.0,100.0,#65d8eb,#65d8eb
0,{elevation}ft {formation},0,31,4.08,square,1,0,100.0,100.0,#2b462f,#2b462f
0,{elevation}ft {formation},0,31,100.78,square,1,0,100.0,100.0,#9db070,#9db070
0,{elevation}ft {formation},0,31,104.27,square,1,0,100.0,100.0,#dfac7a,#dfac7a
0,{elevation}ft {formation},0,31,107.77,square,1,0,100.0,100.0,#dfac7a,#dfac7a
0,{elevation}ft {formation},0,31,108.93,square,1,0,100.0,100.0,#dfac7a,#dfac7a
0,{elevation}ft {formation},0,31,110.1,square,1,0,100.0,100.0,#c47c36,#c47c36
0,{elevation}ft {formation},0,31,111.26,square,1,0,100.0,100.0,#dfac7a,#dfac7a
0,{elevation}ft {formation},0,31,112.43,square,1,0,100.0,100.0,#89592a,#89592a
0,{elevation}ft {formation},0,31,113.59,square,1,0,100.0,100.0,#d4985e,#d4985e
0,{elevation}ft {formation},0,31,114.76,square,1,0,100.0,100.0,#c47c36,#c47c36
0,{elevation}ft {formation},0,31,115.92,square,1,0,100.0,100.0,#89592a,#89592a
0,{elevation}ft {formation},0,32,-78.49,square,1,0,100.0,100.0,#4f8356,#4f8356
0,{elevation}ft {formation},0,32,-77.31,square,1,0,100.0,100.0,#dfac7a,#dfac7a
0,{elevation}ft {formation},0,32,-51.34,square,1,0,100.0,100.0,#4f8356,#4f8356
0,{elevation}ft {formation},0,32,-40.72,square,1,0,100.0,100.0,#4f8356,#4f8356
0,{elevation}ft {formation},0,32,-39.54,square,1,0,100.0,100.0,#4f8356,#4f8356
0,{elevation}ft {formation},0,32,-38.36,square,1,0,100.0,100.0,#2b462f,#2b462f
0,{elevation}ft {formation},0,32,-37.18,square,1,0,100.0,100.0,#a3e1f7,#a3e1f7
0,{elevation}ft {formation},0,32,-36.0,square,1,0,100.0,100.0,#9fe0f7,#9fe0f7
0,{elevation}ft {formation},0,32,-32.46,square,1,0,100.0,100.0,#a3e1f7,#a3e1f7
0,{elevation}ft {formation},0,32,-31.28,square,1,0,100.0,100.0,#a3e1f7,#a3e1f7
0,{elevation}ft {formation},0,32,-12.39,square,1,0,100.0,100.0,#2d9cd0,#2d9cd0
0,{elevation}ft {formation},0,32,1.77,square,1,0,100.0,100.0,#a3e1f7,#a3e1f7
0,{elevation}ft {formation},0,32,2.95,square,1,0,100.0,100.0,#9bdff7,#9bdff7
0,{elevation}ft {formation},0,32,6.49,square,1,0,100.0,100.0,#2b462f,#2b462f
0,{elevation}ft {formation},0,32,7.67,square,1,0,100.0,100.0,#a3e1f7,#a3e1f7
0,{elevation}ft {formation},0,32,56.07,square,1,0,100.0,100.0,#a3e1f7,#a3e1f7
0,{elevation}ft {formation},0,32,108.0,square,1,0,100.0,100.0,#dfac7a,#dfac7a
0,{elevation}ft {formation},0,32,110.36,square,1,0,100.0,100.0,#dfac7a,#dfac7a
0,{elevation}ft {formation},0,32,111.54,square,1,0,100.0,100.0,#c47c36,#c47c36
0,{elevation}ft {formation},0,32,112.72,square,1,0,100.0,100.0,#89592a,#89592a
0,{elevation}ft {formation},0,32,113.9,square,1,0,100.0,100.0,#c47c36,#c47c36
0,{elevation}ft {formation},0,32,115.08,square,1,0,100.0,100.0,#d4985e,#d4985e
0,{elevation}ft {formation},0,32,117.44,square,1,0,100.0,100.0,#89592a,#89592a
0,{elevation}ft {formation},0,33,-78.68,square,1,0,100.0,100.0,#bfb5a6,#bfb5a6
0,{elevation}ft {formation},0,33,-75.1,square,1,0,100.0,100.0,#a3e1f7,#a3e1f7
0,{elevation}ft {formation},0,33,-73.91,square,1,0,100.0,100.0,#a3e1f7,#a3e1f7
0,{elevation}ft {formation},0,33,-51.26,square,1,0,100.0,100.0,#4f8356,#4f8356
0,{elevation}ft {formation},0,33,-38.15,square,1,0,100.0,100.0,#4f8356,#4f8356
0,{elevation}ft {formation},0,33,-36.95,square,1,0,100.0,100.0,#4f8356,#4f8356
0,{elevation}ft {formation},0,33,-33.38,square,1,0,100.0,100.0,#2b462f,#2b462f
0,{elevation}ft {formation},0,33,-26.23,square,1,0,100.0,100.0,#65d8eb,#65d8eb
0,{elevation}ft {formation},0,33,-15.5,square,1,0,100.0,100.0,#a3e1f7,#a3e1f7
0,{elevation}ft {formation},0,33,1.19,square,1,0,100.0,100.0,#9fe0f7,#9fe0f7
0,{elevation}ft {formation},0,33,2.38,square,1,0,100.0,100.0,#a3e1f7,#a3e1f7
0,{elevation}ft {formation},0,33,7.15,square,1,0,100.0,100.0,#a3e1f7,#a3e1f7
0,{elevation}ft {formation},0,33,8.34,square,1,0,100.0,100.0,#a3e1f7,#a3e1f7
0,{elevation}ft {formation},0,33,42.91,square,1,0,100.0,100.0,#a3e1f7,#a3e1f7
0,{elevation}ft {formation},0,33,53.64,square,1,0,100.0,100.0,#a3e1f7,#a3e1f7
0,{elevation}ft {formation},0,33,56.03,square,1,0,100.0,100.0,#8edcf7,#8edcf7
0,{elevation}ft {formation},0,33,58.41,square,1,0,100.0,100.0,#8edcf7,#8edcf7
0,{elevation}ft {formation},0,33,63.18,square,1,0,100.0,100.0,#a3e1f7,#a3e1f7
0,{elevation}ft {formation},0,33,73.91,square,1,0,100.0,100.0,#a3e1f7,#a3e1f7
0,{elevation}ft {formation},0,33,75.1,square,1,0,100.0,100.0,#a3e1f7,#a3e1f7
0,{elevation}ft {formation},0,33,76.29,square,1,0,100.0,100.0,#a3e1f7,#a3e1f7
0,{elevation}ft {formation},0,33,108.48,square,1,0,100.0,100.0,#dfac7a,#dfac7a
0,{elevation}ft {formation},0,33,110.86,square,1,0,100.0,100.0,#d4985e,#d4985e
0,{elevation}ft {formation},0,33,112.05,square,1,0,100.0,100.0,#c47c36,#c47c36
0,{elevation}ft {formation},0,33,113.25,square,1,0,100.0,100.0,#89592a,#89592a
0,{elevation}ft {formation},0,33,114.44,square,1,0,100.0,100.0,#89592a,#89592a
0,{elevation}ft {formation},0,34,-73.69,square,1,0,100.0,100.0,#2b462f,#2b462f
0,{elevation}ft {formation},0,34,-28.99,square,1,0,100.0,100.0,#9fe0f7,#9fe0f7
0,{elevation}ft {formation},0,34,-26.58,square,1,0,100.0,100.0,#a3e1f7,#a3e1f7
0,{elevation}ft {formation},0,34,-25.37,square,1,0,100.0,100.0,#a3e1f7,#a3e1f7
0,{elevation}ft {formation},0,34,-24.16,square,1,0,100.0,100.0,#a3e1f7,#a3e1f7
0,{elevation}ft {formation},0,34,-22.95,square,1,0,100.0,100.0,#a3e1f7,#a3e1f7
0,{elevation}ft {formation},0,34,-19.33,square,1,0,100.0,100.0,#9fe0f7,#9fe0f7
0,{elevation}ft {formation},0,34,-16.91,square,1,0,100.0,100.0,#8edcf7,#8edcf7
0,{elevation}ft {formation},0,34,1.21,square,1,0,100.0,100.0,#a3e1f7,#a3e1f7
0,{elevation}ft {formation},0,34,2.42,square,1,0,100.0,100.0,#a3e1f7,#a3e1f7
0,{elevation}ft {formation},0,34,21.74,square,1,0,100.0,100.0,#8edcf7,#8edcf7
0,{elevation}ft {formation},0,34,38.66,square,1,0,100.0,100.0,#a3e1f7,#a3e1f7
0,{elevation}ft {formation},0,34,39.87,square,1,0,100.0,100.0,#a3e1f7,#a3e1f7
0,{elevation}ft {formation},0,34,41.07,square,1,0,100.0,100.0,#9bdff7,#9bdff7
0,{elevation}ft {formation},0,34,42.28,square,1,0,100.0,100.0,#a3e1f7,#a3e1f7
0,{elevation}ft {formation},0,34,43.49,square,1,0,100.0,100.0,#a3e1f7,#a3e1f7
0,{elevation}ft {formation},0,34,44.7,square,1,0,100.0,100.0,#a3e1f7,#a3e1f7
0,{elevation}ft {formation},0,34,45.91,square,1,0,100.0,100.0,#65d8eb,#65d8eb
0,{elevation}ft {formation},0,34,57.99,square,1,0,100.0,100.0,#8edcf7,#8edcf7
0,{elevation}ft {formation},0,34,60.4,square,1,0,100.0,100.0,#8edcf7,#8edcf7
0,{elevation}ft {formation},0,34,64.03,square,1,0,100.0,100.0,#a3e1f7,#a3e1f7
0,{elevation}ft {formation},0,34,107.52,square,1,0,100.0,100.0,#89592a,#89592a
0,{elevation}ft {formation},0,34,109.93,square,1,0,100.0,100.0,#dfac7a,#dfac7a
0,{elevation}ft {formation},0,34,111.14,square,1,0,100.0,100.0,#c47c36,#c47c36
0,{elevation}ft {formation},0,34,112.35,square,1,0,100.0,100.0,#89592a,#89592a
0,{elevation}ft {formation},0,34,113.56,square,1,0,100.0,100.0,#89592a,#89592a
0,{elevation}ft {formation},0,34,118.39,square,1,0,100.0,100.0,#bfb5a6,#bfb5a6
0,{elevation}ft {formation},0,35,-78.71,square,1,0,100.0,100.0,#bfb5a6,#bfb5a6
0,{elevation}ft {formation},0,35,-76.27,square,1,0,100.0,100.0,#89592a,#89592a
0,{elevation}ft {formation},0,35,-73.83,square,1,0,100.0,100.0,#2b462f,#2b462f
0,{elevation}ft {formation},0,35,-72.61,square,1,0,100.0,100.0,#a8e2f7,#a8e2f7
0,{elevation}ft {formation},0,35,-71.39,square,1,0,100.0,100.0,#9fe0f7,#9fe0f7
0,{elevation}ft {formation},0,35,-65.29,square,1,0,100.0,100.0,#9fe0f7,#9fe0f7
0,{elevation}ft {formation},0,35,-36.0,square,1,0,100.0,100.0,#89592a,#89592a
0,{elevation}ft {formation},0,35,-34.78,square,1,0,100.0,100.0,#89592a,#89592a
0,{elevation}ft {formation},0,35,-33.56,square,1,0,100.0,100.0,#89592a,#89592a
0,{elevation}ft {formation},0,35,-23.8,square,1,0,100.0,100.0,#2b462f,#2b462f
0,{elevation}ft {formation},0,35,-22.58,square,1,0,100.0,100.0,#4f8356,#4f8356
0,{elevation}ft {formation},0,35,-21.36,square,1,0,100.0,100.0,#a3e1f7,#a3e1f7
0,{elevation}ft {formation},0,35,-18.92,square,1,0,100.0,100.0,#a3e1f7,#a3e1f7
0,{elevation}ft {formation},0,35,-17.69,square,1,0,100.0,100.0,#8edcf7,#8edcf7
0,{elevation}ft {formation},0,35,-15.25,square,1,0,100.0,100.0,#a3e1f7,#a3e1f7
0,{elevation}ft {formation},0,35,-14.03,square,1,0,100.0,100.0,#8edcf7,#8edcf7
0,{elevation}ft {formation},0,35,3.05,square,1,0,100.0,100.0,#a3e1f7,#a3e1f7
0,{elevation}ft {formation},0,35,7.93,square,1,0,100.0,100.0,#2d9cd0,#2d9cd0
0,{elevation}ft {formation},0,35,23.8,square,1,0,100.0,100.0,#2d9cd0,#2d9cd0
0,{elevation}ft {formation},0,35,26.24,square,1,0,100.0,100.0,#a3e1f7,#a3e1f7
0,{elevation}ft {formation},0,35,37.22,square,1,0,100.0,100.0,#a3e1f7,#a3e1f7
0,{elevation}ft {formation},0,35,38.44,square,1,0,100.0,100.0,#a3e1f7,#a3e1f7
0,{elevation}ft {formation},0,35,39.66,square,1,0,100.0,100.0,#a3e1f7,#a3e1f7
0,{elevation}ft {formation},0,35,42.1,square,1,0,100.0,100.0,#2d9cd0,#2d9cd0
0,{elevation}ft {formation},0,35,43.32,square,1,0,100.0,100.0,#8edcf7,#8edcf7
0,{elevation}ft {formation},0,35,44.54,square,1,0,100.0,100.0,#8edcf7,#8edcf7
0,{elevation}ft {formation},0,35,49.42,square,1,0,100.0,100.0,#a3e1f7,#a3e1f7
0,{elevation}ft {formation},0,35,51.86,square,1,0,100.0,100.0,#a3e1f7,#a3e1f7
0,{elevation}ft {formation},0,35,53.08,square,1,0,100.0,100.0,#a3e1f7,#a3e1f7
0,{elevation}ft {formation},0,35,54.31,square,1,0,100.0,100.0,#a3e1f7,#a3e1f7
0,{elevation}ft {formation},0,35,59.19,square,1,0,100.0,100.0,#a3e1f7,#a3e1f7
0,{elevation}ft {formation},0,35,60.41,square,1,0,100.0,100.0,#a3e1f7,#a3e1f7
0,{elevation}ft {formation},0,35,64.07,square,1,0,100.0,100.0,#a3e1f7,#a3e1f7
0,{elevation}ft {formation},0,35,70.17,square,1,0,100.0,100.0,#a3e1f7,#a3e1f7
0,{elevation}ft {formation},0,35,93.36,square,1,0,100.0,100.0,#89592a,#89592a
0,{elevation}ft {formation},0,35,106.78,square,1,0,100.0,100.0,#89592a,#89592a
0,{elevation}ft {formation},0,35,108.0,square,1,0,100.0,100.0,#89592a,#89592a
0,{elevation}ft {formation},0,35,109.22,square,1,0,100.0,100.0,#dfac7a,#dfac7a
0,{elevation}ft {formation},0,35,111.66,square,1,0,100.0,100.0,#89592a,#89592a
0,{elevation}ft {formation},0,35,112.88,square,1,0,100.0,100.0,#89592a,#89592a
0,{elevation}ft {formation},0,35,114.1,square,1,0,100.0,100.0,#89592a,#89592a
0,{elevation}ft {formation},0,35,115.32,square,1,0,100.0,100.0,#89592a,#89592a
0,{elevation}ft {formation},0,36,-81.03,square,1,0,100.0,100.0,#2d9cd0,#2d9cd0
0,{elevation}ft {formation},0,36,-79.79,square,1,0,100.0,100.0,#c47c36,#c47c36
0,{elevation}ft {formation},0,36,-78.56,square,1,0,100.0,100.0,#bfb5a6,#bfb5a6
0,{elevation}ft {formation},0,36,-77.32,square,1,0,100.0,100.0,#89592a,#89592a
0,{elevation}ft {formation},0,36,-76.08,square,1,0,100.0,100.0,#89592a,#89592a
0,{elevation}ft {formation},0,36,-74.85,square,1,0,100.0,100.0,#2b462f,#2b462f
0,{elevation}ft {formation},0,36,-73.61,square,1,0,100.0,100.0,#2b462f,#2b462f
0,{elevation}ft {formation},0,36,-72.37,square,1,0,100.0,100.0,#2b462f,#2b462f
0,{elevation}ft {formation},0,36,-71.13,square,1,0,100.0,100.0,#4f8356,#4f8356
0,{elevation}ft {formation},0,36,-66.19,square,1,0,100.0,100.0,#4f8356,#4f8356
0,{elevation}ft {formation},0,36,-62.47,square,1,0,100.0,100.0,#4f8356,#4f8356
0,{elevation}ft {formation},0,36,-61.24,square,1,0,100.0,100.0,#4f8356,#4f8356
0,{elevation}ft {formation},0,36,-60.0,square,1,0,100.0,100.0,#4f8356,#4f8356
0,{elevation}ft {formation},0,36,-35.26,square,1,0,100.0,100.0,#89592a,#89592a
0,{elevation}ft {formation},0,36,1.86,square,1,0,100.0,100.0,#a3e1f7,#a3e1f7
0,{elevation}ft {formation},0,36,3.09,square,1,0,100.0,100.0,#a3e1f7,#a3e1f7
0,{elevation}ft {formation},0,36,4.33,square,1,0,100.0,100.0,#a3e1f7,#a3e1f7
0,{elevation}ft {formation},0,36,8.04,square,1,0,100.0,100.0,#a3e1f7,#a3e1f7
0,{elevation}ft {formation},0,36,9.28,square,1,0,100.0,100.0,#9fe0f7,#9fe0f7
0,{elevation}ft {formation},0,36,24.12,square,1,0,100.0,100.0,#8edcf7,#8edcf7
0,{elevation}ft {formation},0,36,26.6,square,1,0,100.0,100.0,#9bdff7,#9bdff7
0,{elevation}ft {formation},0,36,30.31,square,1,0,100.0,100.0,#8edcf7,#8edcf7
0,{elevation}ft {formation},0,36,31.55,square,1,0,100.0,100.0,#8edcf7,#8edcf7
0,{elevation}ft {formation},0,36,34.02,square,1,0,100.0,100.0,#2d9cd0,#2d9cd0
0,{elevation}ft {formation},0,36,35.26,square,1,0,100.0,100.0,#2d9cd0,#2d9cd0
0,{elevation}ft {formation},0,36,36.49,square,1,0,100.0,100.0,#2d9cd0,#2d9cd0
0,{elevation}ft {formation},0,36,37.73,square,1,0,100.0,100.0,#a3e1f7,#a3e1f7
0,{elevation}ft {formation},0,36,40.21,square,1,0,100.0,100.0,#a3e1f7,#a3e1f7
0,{elevation}ft {formation},0,36,41.44,square,1,0,100.0,100.0,#8edcf7,#8edcf7
0,{elevation}ft {formation},0,36,42.68,square,1,0,100.0,100.0,#8edcf7,#8edcf7
0,{elevation}ft {formation},0,36,48.87,square,1,0,100.0,100.0,#a3e1f7,#a3e1f7
0,{elevation}ft {formation},0,36,53.81,square,1,0,100.0,100.0,#a3e1f7,#a3e1f7
0,{elevation}ft {formation},0,36,57.53,square,1,0,100.0,100.0,#a3e1f7,#a3e1f7
0,{elevation}ft {formation},0,36,60.0,square,1,0,100.0,100.0,#a3e1f7,#a3e1f7
0,{elevation}ft {formation},0,36,64.95,square,1,0,100.0,100.0,#a3e1f7,#a3e1f7
0,{elevation}ft {formation},0,36,67.42,square,1,0,100.0,100.0,#a3e1f7,#a3e1f7
0,{elevation}ft {formation},0,36,68.66,square,1,0,100.0,100.0,#a3e1f7,#a3e1f7
0,{elevation}ft {formation},0,36,69.9,square,1,0,100.0,100.0,#a3e1f7,#a3e1f7
0,{elevation}ft {formation},0,36,87.22,square,1,0,100.0,100.0,#dfac7a,#dfac7a
0,{elevation}ft {formation},0,36,89.69,square,1,0,100.0,100.0,#dfac7a,#dfac7a
0,{elevation}ft {formation},0,36,107.01,square,1,0,100.0,100.0,#89592a,#89592a
0,{elevation}ft {formation},0,36,109.48,square,1,0,100.0,100.0,#89592a,#89592a
0,{elevation}ft {formation},0,36,113.2,square,1,0,100.0,100.0,#89592a,#89592a
0,{elevation}ft {formation},0,36,114.43,square,1,0,100.0,100.0,#89592a,#89592a
0,{elevation}ft {formation},0,36,115.67,square,1,0,100.0,100.0,#799774,#799774
0,{elevation}ft {formation},0,37,-81.25,square,1,0,100.0,100.0,#2d9cd0,#2d9cd0
0,{elevation}ft {formation},0,37,-80.0,square,1,0,100.0,100.0,#89592a,#89592a
0,{elevation}ft {formation},0,37,-78.75,square,1,0,100.0,100.0,#724b25,#724b25
0,{elevation}ft {formation},0,37,-77.5,square,1,0,100.0,100.0,#c47c36,#c47c36
0,{elevation}ft {formation},0,37,-72.5,square,1,0,100.0,100.0,#2b462f,#2b462f
0,{elevation}ft {formation},0,37,-71.25,square,1,0,100.0,100.0,#2b462f,#2b462f
0,{elevation}ft {formation},0,37,-66.25,square,1,0,100.0,100.0,#9fe0f7,#9fe0f7
0,{elevation}ft {formation},0,37,-63.75,square,1,0,100.0,100.0,#9fe0f7,#9fe0f7
0,{elevation}ft {formation},0,37,-61.25,square,1,0,100.0,100.0,#4f8356,#4f8356
0,{elevation}ft {formation},0,37,-60.0,square,1,0,100.0,100.0,#4f8356,#4f8356
0,{elevation}ft {formation},0,37,-58.75,square,1,0,100.0,100.0,#4f8356,#4f8356
0,{elevation}ft {formation},0,37,-33.75,square,1,0,100.0,100.0,#89592a,#89592a
0,{elevation}ft {formation},0,37,2.5,square,1,0,100.0,100.0,#a3e1f7,#a3e1f7
0,{elevation}ft {formation},0,37,3.75,square,1,0,100.0,100.0,#a3e1f7,#a3e1f7
0,{elevation}ft {formation},0,37,5.0,square,1,0,100.0,100.0,#9bdff7,#9bdff7
0,{elevation}ft {formation},0,37,12.5,square,1,0,100.0,100.0,#a3e1f7,#a3e1f7
0,{elevation}ft {formation},0,37,13.75,square,1,0,100.0,100.0,#a3e1f7,#a3e1f7
0,{elevation}ft {formation},0,37,15.0,square,1,0,100.0,100.0,#091a2d,#091a2d
0,{elevation}ft {formation},0,37,26.25,square,1,0,100.0,100.0,#8edcf7,#8edcf7
0,{elevation}ft {formation},0,37,27.5,square,1,0,100.0,100.0,#8edcf7,#8edcf7
0,{elevation}ft {formation},0,37,28.75,square,1,0,100.0,100.0,#a3e1f7,#a3e1f7
0,{elevation}ft {formation},0,37,31.25,square,1,0,100.0,100.0,#8edcf7,#8edcf7
0,{elevation}ft {formation},0,37,37.5,square,1,0,100.0,100.0,#8edcf7,#8edcf7
0,{elevation}ft {formation},0,37,40.0,square,1,0,100.0,100.0,#a3e1f7,#a3e1f7
0,{elevation}ft {formation},0,37,41.25,square,1,0,100.0,100.0,#a3e1f7,#a3e1f7
0,{elevation}ft {formation},0,37,65.0,square,1,0,100.0,100.0,#a3e1f7,#a3e1f7
0,{elevation}ft {formation},0,37,66.25,square,1,0,100.0,100.0,#a3e1f7,#a3e1f7
0,{elevation}ft {formation},0,37,68.75,square,1,0,100.0,100.0,#a3e1f7,#a3e1f7
0,{elevation}ft {formation},0,37,70.0,square,1,0,100.0,100.0,#a3e1f7,#a3e1f7
0,{elevation}ft {formation},0,37,108.75,square,1,0,100.0,100.0,#89592a,#89592a
0,{elevation}ft {formation},0,37,110.0,square,1,0,100.0,100.0,#89592a,#89592a
0,{elevation}ft {formation},0,37,111.25,square,1,0,100.0,100.0,#89592a,#89592a
0,{elevation}ft {formation},0,37,112.5,square,1,0,100.0,100.0,#89592a,#89592a
0,{elevation}ft {formation},0,37,113.75,square,1,0,100.0,100.0,#89592a,#89592a
0,{elevation}ft {formation},0,37,116.25,square,1,0,100.0,100.0,#4f8356,#4f8356
0,{elevation}ft {formation},0,38,-81.13,square,1,0,100.0,100.0,#2d9cd0,#2d9cd0
0,{elevation}ft {formation},0,38,-79.86,square,1,0,100.0,100.0,#bfb5a6,#bfb5a6
0,{elevation}ft {formation},0,38,-77.32,square,1,0,100.0,100.0,#724b25,#724b25
0,{elevation}ft {formation},0,38,-76.06,square,1,0,100.0,100.0,#2b462f,#2b462f
0,{elevation}ft {formation},0,38,-74.79,square,1,0,100.0,100.0,#799774,#799774
0,{elevation}ft {formation},0,38,-72.25,square,1,0,100.0,100.0,#2b462f,#2b462f
0,{elevation}ft {formation},0,38,-70.99,square,1,0,100.0,100.0,#9fe0f7,#9fe0f7
0,{elevation}ft {formation},0,38,-63.38,square,1,0,100.0,100.0,#4f8356,#4f8356
0,{elevation}ft {formation},0,38,-62.11,square,1,0,100.0,100.0,#4f8356,#4f8356
0,{elevation}ft {formation},0,38,-60.85,square,1,0,100.0,100.0,#4f8356,#4f8356
0,{elevation}ft {formation},0,38,-59.58,square,1,0,100.0,100.0,#4f8356,#4f8356
0,{elevation}ft {formation},0,38,-7.61,square,1,0,100.0,100.0,#8edcf7,#8edcf7
0,{elevation}ft {formation},0,38,-1.27,square,1,0,100.0,100.0,#a3e1f7,#a3e1f7
0,{elevation}ft {formation},0,38,0.0,square,1,0,100.0,100.0,#a3e1f7,#a3e1f7
0,{elevation}ft {formation},0,38,2.54,square,1,0,100.0,100.0,#a3e1f7,#a3e1f7
0,{elevation}ft {formation},0,38,3.8,square,1,0,100.0,100.0,#9fe0f7,#9fe0f7
0,{elevation}ft {formation},0,38,5.07,square,1,0,100.0,100.0,#9bdff7,#9bdff7
0,{elevation}ft {formation},0,38,6.34,square,1,0,100.0,100.0,#a3e1f7,#a3e1f7
0,{elevation}ft {formation},0,38,11.41,square,1,0,100.0,100.0,#a3e1f7,#a3e1f7
0,{elevation}ft {formation},0,38,15.21,square,1,0,100.0,100.0,#a3e1f7,#a3e1f7
0,{elevation}ft {formation},0,38,22.82,square,1,0,100.0,100.0,#2d9cd0,#2d9cd0
0,{elevation}ft {formation},0,38,25.35,square,1,0,100.0,100.0,#8edcf7,#8edcf7
0,{elevation}ft {formation},0,38,26.62,square,1,0,100.0,100.0,#9bdff7,#9bdff7
0,{elevation}ft {formation},0,38,27.89,square,1,0,100.0,100.0,#a3e1f7,#a3e1f7
0,{elevation}ft {formation},0,38,29.15,square,1,0,100.0,100.0,#a3e1f7,#a3e1f7
0,{elevation}ft {formation},0,38,30.42,square,1,0,100.0,100.0,#a3e1f7,#a3e1f7
0,{elevation}ft {formation},0,38,32.96,square,1,0,100.0,100.0,#a3e1f7,#a3e1f7
0,{elevation}ft {formation},0,38,34.23,square,1,0,100.0,100.0,#9bdff7,#9bdff7
0,{elevation}ft {formation},0,38,35.49,square,1,0,100.0,100.0,#8edcf7,#8edcf7
0,{elevation}ft {formation},0,38,36.76,square,1,0,100.0,100.0,#8edcf7,#8edcf7
0,{elevation}ft {formation},0,38,38.03,square,1,0,100.0,100.0,#8edcf7,#8edcf7
0,{elevation}ft {formation},0,38,39.3,square,1,0,100.0,100.0,#a3e1f7,#a3e1f7
0,{elevation}ft {formation},0,38,40.56,square,1,0,100.0,100.0,#a3e1f7,#a3e1f7
0,{elevation}ft {formation},0,38,41.83,square,1,0,100.0,100.0,#a3e1f7,#a3e1f7
0,{elevation}ft {formation},0,38,48.17,square,1,0,100.0,100.0,#a3e1f7,#a3e1f7
0,{elevation}ft {formation},0,38,49.44,square,1,0,100.0,100.0,#a3e1f7,#a3e1f7
0,{elevation}ft {formation},0,38,53.24,square,1,0,100.0,100.0,#a3e1f7,#a3e1f7
0,{elevation}ft {formation},0,38,54.51,square,1,0,100.0,100.0,#a3e1f7,#a3e1f7
0,{elevation}ft {formation},0,38,55.77,square,1,0,100.0,100.0,#a3e1f7,#a3e1f7
0,{elevation}ft {formation},0,38,57.04,square,1,0,100.0,100.0,#4f8356,#4f8356
0,{elevation}ft {formation},0,38,63.38,square,1,0,100.0,100.0,#4f8356,#4f8356
0,{elevation}ft {formation},0,38,65.92,square,1,0,100.0,100.0,#a3e1f7,#a3e1f7
0,{elevation}ft {formation},0,38,67.18,square,1,0,100.0,100.0,#a3e1f7,#a3e1f7
0,{elevation}ft {formation},0,38,68.45,square,1,0,100.0,100.0,#a3e1f7,#a3e1f7
0,{elevation}ft {formation},0,38,101.41,square,1,0,100.0,100.0,#89592a,#89592a
0,{elevation}ft {formation},0,38,102.68,square,1,0,100.0,100.0,#89592a,#89592a
0,{elevation}ft {formation},0,38,103.94,square,1,0,100.0,100.0,#724b25,#724b25
0,{elevation}ft {formation},0,38,112.82,square,1,0,100.0,100.0,#c47c36,#c47c36
0,{elevation}ft {formation},0,38,114.08,square,1,0,100.0,100.0,#89592a,#89592a
0,{elevation}ft {formation},0,38,115.35,square,1,0,100.0,100.0,#dfac7a,#dfac7a
0,{elevation}ft {formation},0,38,116.62,square,1,0,100.0,100.0,#dfac7a,#dfac7a
0,{elevation}ft {formation},0,39,-82.29,square,1,0,100.0,100.0,#4f8356,#4f8356
0,{elevation}ft {formation},0,39,-81.0,square,1,0,100.0,100.0,#2d9cd0,#2d9cd0
0,{elevation}ft {formation},0,39,-79.71,square,1,0,100.0,100.0,#bfb5a6,#bfb5a6
0,{elevation}ft {formation},0,39,-74.57,square,1,0,100.0,100.0,#2b462f,#2b462f
0,{elevation}ft {formation},0,39,-73.29,square,1,0,100.0,100.0,#2b462f,#2b462f
0,{elevation}ft {formation},0,39,-72.0,square,1,0,100.0,100.0,#a3e1f7,#a3e1f7
0,{elevation}ft {formation},0,39,-70.71,square,1,0,100.0,100.0,#9fe0f7,#9fe0f7
0,{elevation}ft {formation},0,39,-69.43,square,1,0,100.0,100.0,#8edcf7,#8edcf7
0,{elevation}ft {formation},0,39,-65.57,square,1,0,100.0,100.0,#9fe0f7,#9fe0f7
0,{elevation}ft {formation},0,39,-64.29,square,1,0,100.0,100.0,#9fe0f7,#9fe0f7
0,{elevation}ft {formation},0,39,-63.0,square,1,0,100.0,100.0,#9fe0f7,#9fe0f7
0,{elevation}ft {formation},0,39,-61.71,square,1,0,100.0,100.0,#4f8356,#4f8356
0,{elevation}ft {formation},0,39,-60.43,square,1,0,100.0,100.0,#4f8356,#4f8356
0,{elevation}ft {formation},0,39,-59.14,square,1,0,100.0,100.0,#2b462f,#2b462f
0,{elevation}ft {formation},0,39,-57.86,square,1,0,100.0,100.0,#2b462f,#2b462f
0,{elevation}ft {formation},0,39,-56.57,square,1,0,100.0,100.0,#2b462f,#2b462f
0,{elevation}ft {formation},0,39,-55.29,square,1,0,100.0,100.0,#2b462f,#2b462f
0,{elevation}ft {formation},0,39,-52.71,square,1,0,100.0,100.0,#4f8356,#4f8356
0,{elevation}ft {formation},0,39,-51.43,square,1,0,100.0,100.0,#4f8356,#4f8356
0,{elevation}ft {formation},0,39,-50.14,square,1,0,100.0,100.0,#4f8356,#4f8356
0,{elevation}ft {formation},0,39,-11.57,square,1,0,100.0,100.0,#a3e1f7,#a3e1f7
0,{elevation}ft {formation},0,39,-1.29,square,1,0,100.0,100.0,#a3e1f7,#a3e1f7
0,{elevation}ft {formation},0,39,0.0,square,1,0,100.0,100.0,#a3e1f7,#a3e1f7
0,{elevation}ft {formation},0,39,1.29,square,1,0,100.0,100.0,#8edcf7,#8edcf7
0,{elevation}ft {formation},0,39,2.57,square,1,0,100.0,100.0,#8edcf7,#8edcf7
0,{elevation}ft {formation},0,39,3.86,square,1,0,100.0,100.0,#9bdff7,#9bdff7
0,{elevation}ft {formation},0,39,5.14,square,1,0,100.0,100.0,#a3e1f7,#a3e1f7
0,{elevation}ft {formation},0,39,12.86,square,1,0,100.0,100.0,#2b462f,#2b462f
0,{elevation}ft {formation},0,39,14.14,square,1,0,100.0,100.0,#2b462f,#2b462f
0,{elevation}ft {formation},0,39,15.43,square,1,0,100.0,100.0,#2b462f,#2b462f
0,{elevation}ft {formation},0,39,16.71,square,1,0,100.0,100.0,#a3e1f7,#a3e1f7
0,{elevation}ft {formation},0,39,18.0,square,1,0,100.0,100.0,#2d9cd0,#2d9cd0
0,{elevation}ft {formation},0,39,19.29,square,1,0,100.0,100.0,#2d9cd0,#2d9cd0
0,{elevation}ft {formation},0,39,20.57,square,1,0,100.0,100.0,#2d9cd0,#2d9cd0
0,{elevation}ft {formation},0,39,21.86,square,1,0,100.0,100.0,#8edcf7,#8edcf7
0,{elevation}ft {formation},0,39,23.14,square,1,0,100.0,100.0,#8edcf7,#8edcf7
0,{elevation}ft {formation},0,39,24.43,square,1,0,100.0,100.0,#a3e1f7,#a3e1f7
0,{elevation}ft {formation},0,39,25.71,square,1,0,100.0,100.0,#a3e1f7,#a3e1f7
0,{elevation}ft {formation},0,39,32.14,square,1,0,100.0,100.0,#a3e1f7,#a3e1f7
0,{elevation}ft {formation},0,39,34.71,square,1,0,100.0,100.0,#a3e1f7,#a3e1f7
0,{elevation}ft {formation},0,39,36.0,square,1,0,100.0,100.0,#a3e1f7,#a3e1f7
0,{elevation}ft {formation},0,39,37.29,square,1,0,100.0,100.0,#a3e1f7,#a3e1f7
0,{elevation}ft {formation},0,39,38.57,square,1,0,100.0,100.0,#a3e1f7,#a3e1f7
0,{elevation}ft {formation},0,39,41.14,square,1,0,100.0,100.0,#a3e1f7,#a3e1f7
0,{elevation}ft {formation},0,39,42.43,square,1,0,100.0,100.0,#a3e1f7,#a3e1f7
0,{elevation}ft {formation},0,39,43.71,square,1,0,100.0,100.0,#a3e1f7,#a3e1f7
0,{elevation}ft {formation},0,39,47.57,square,1,0,100.0,100.0,#a3e1f7,#a3e1f7
0,{elevation}ft {formation},0,39,51.43,square,1,0,100.0,100.0,#a3e1f7,#a3e1f7
0,{elevation}ft {formation},0,39,61.71,square,1,0,100.0,100.0,#4f8356,#4f8356
0,{elevation}ft {formation},0,39,63.0,square,1,0,100.0,100.0,#4f8356,#4f8356
0,{elevation}ft {formation},0,39,93.86,square,1,0,100.0,100.0,#dfac7a,#dfac7a
0,{elevation}ft {formation},0,39,95.14,square,1,0,100.0,100.0,#dfac7a,#dfac7a
0,{elevation}ft {formation},0,39,96.43,square,1,0,100.0,100.0,#dfac7a,#dfac7a
0,{elevation}ft {formation},0,39,104.14,square,1,0,100.0,100.0,#89592a,#89592a
0,{elevation}ft {formation},0,39,111.86,square,1,0,100.0,100.0,#89592a,#89592a
0,{elevation}ft {formation},0,39,113.14,square,1,0,100.0,100.0,#c47c36,#c47c36
0,{elevation}ft {formation},0,39,114.43,square,1,0,100.0,100.0,#c47c36,#c47c36
0,{elevation}ft {formation},0,39,115.71,square,1,0,100.0,100.0,#89592a,#89592a
0,{elevation}ft {formation},0,40,-82.17,square,1,0,100.0,100.0,#2d9cd0,#2d9cd0
0,{elevation}ft {formation},0,40,-79.57,square,1,0,100.0,100.0,#bfb5a6,#bfb5a6
0,{elevation}ft {formation},0,40,-78.26,square,1,0,100.0,100.0,#bfb5a6,#bfb5a6
0,{elevation}ft {formation},0,40,-76.96,square,1,0,100.0,100.0,#bfb5a6,#bfb5a6
0,{elevation}ft {formation},0,40,-75.65,square,1,0,100.0,100.0,#89592a,#89592a
0,{elevation}ft {formation},0,40,-74.35,square,1,0,100.0,100.0,#2b462f,#2b462f
0,{elevation}ft {formation},0,40,-73.04,square,1,0,100.0,100.0,#2b462f,#2b462f
0,{elevation}ft {formation},0,40,-71.74,square,1,0,100.0,100.0,#9bdff7,#9bdff7
0,{elevation}ft {formation},0,40,-70.43,square,1,0,100.0,100.0,#8edcf7,#8edcf7
0,{elevation}ft {formation},0,40,-66.52,square,1,0,100.0,100.0,#8edcf7,#8edcf7
0,{elevation}ft {formation},0,40,-65.22,square,1,0,100.0,100.0,#8edcf7,#8edcf7
0,{elevation}ft {formation},0,40,-63.91,square,1,0,100.0,100.0,#9fe0f7,#9fe0f7
0,{elevation}ft {formation},0,40,-62.61,square,1,0,100.0,100.0,#9fe0f7,#9fe0f7
0,{elevation}ft {formation},0,40,-57.39,square,1,0,100.0,100.0,#2b462f,#2b462f
0,{elevation}ft {formation},0,40,-56.09,square,1,0,100.0,100.0,#2b462f,#2b462f
0,{elevation}ft {formation},0,40,-54.78,square,1,0,100.0,100.0,#4f8356,#4f8356
0,{elevation}ft {formation},0,40,-53.48,square,1,0,100.0,100.0,#4f8356,#4f8356
0,{elevation}ft {formation},0,40,-52.17,square,1,0,100.0,100.0,#4f8356,#4f8356
0,{elevation}ft {formation},0,40,-5.22,square,1,0,100.0,100.0,#8edcf7,#8edcf7
0,{elevation}ft {formation},0,40,1.3,square,1,0,100.0,100.0,#8edcf7,#8edcf7
0,{elevation}ft {formation},0,40,2.61,square,1,0,100.0,100.0,#8edcf7,#8edcf7
0,{elevation}ft {formation},0,40,3.91,square,1,0,100.0,100.0,#a3e1f7,#a3e1f7
0,{elevation}ft {formation},0,40,6.52,square,1,0,100.0,100.0,#a3e1f7,#a3e1f7
0,{elevation}ft {formation},0,40,7.83,square,1,0,100.0,100.0,#a3e1f7,#a3e1f7
0,{elevation}ft {formation},0,40,9.13,square,1,0,100.0,100.0,#a3e1f7,#a3e1f7
0,{elevation}ft {formation},0,40,10.43,square,1,0,100.0,100.0,#a3e1f7,#a3e1f7
0,{elevation}ft {formation},0,40,11.74,square,1,0,100.0,100.0,#9bdff7,#9bdff7
0,{elevation}ft {formation},0,40,13.04,square,1,0,100.0,100.0,#a3e1f7,#a3e1f7
0,{elevation}ft {formation},0,40,14.35,square,1,0,100.0,100.0,#a3e1f7,#a3e1f7
0,{elevation}ft {formation},0,40,16.96,square,1,0,100.0,100.0,#a3e1f7,#a3e1f7
0,{elevation}ft {formation},0,40,18.26,square,1,0,100.0,100.0,#a3e1f7,#a3e1f7
0,{elevation}ft {formation},0,40,19.57,square,1,0,100.0,100.0,#2d9cd0,#2d9cd0
0,{elevation}ft {formation},0,40,20.87,square,1,0,100.0,100.0,#8edcf7,#8edcf7
0,{elevation}ft {formation},0,40,22.17,square,1,0,100.0,100.0,#8edcf7,#8edcf7
0,{elevation}ft {formation},0,40,23.48,square,1,0,100.0,100.0,#a3e1f7,#a3e1f7
0,{elevation}ft {formation},0,40,26.09,square,1,0,100.0,100.0,#a3e1f7,#a3e1f7
0,{elevation}ft {formation},0,40,27.39,square,1,0,100.0,100.0,#a3e1f7,#a3e1f7
0,{elevation}ft {formation},0,40,28.7,square,1,0,100.0,100.0,#a3e1f7,#a3e1f7
0,{elevation}ft {formation},0,40,30.0,square,1,0,100.0,100.0,#a3e1f7,#a3e1f7
0,{elevation}ft {formation},0,40,31.3,square,1,0,100.0,100.0,#a3e1f7,#a3e1f7
0,{elevation}ft {formation},0,40,33.91,square,1,0,100.0,100.0,#a3e1f7,#a3e1f7
0,{elevation}ft {formation},0,40,35.22,square,1,0,100.0,100.0,#a3e1f7,#a3e1f7
0,{elevation}ft {formation},0,40,37.83,square,1,0,100.0,100.0,#a3e1f7,#a3e1f7
0,{elevation}ft {formation},0,40,40.43,square,1,0,100.0,100.0,#a3e1f7,#a3e1f7
0,{elevation}ft {formation},0,40,48.26,square,1,0,100.0,100.0,#a3e1f7,#a3e1f7
0,{elevation}ft {formation},0,40,49.57,square,1,0,100.0,100.0,#a3e1f7,#a3e1f7
0,{elevation}ft {formation},0,40,60.0,square,1,0,100.0,100.0,#4f8356,#4f8356
0,{elevation}ft {formation},0,40,62.61,square,1,0,100.0,100.0,#4f8356,#4f8356
0,{elevation}ft {formation},0,40,112.17,square,1,0,100.0,100.0,#dfac7a,#dfac7a
0,{elevation}ft {formation},0,40,113.48,square,1,0,100.0,100.0,#d4985e,#d4985e
0,{elevation}ft {formation},0,40,114.78,square,1,0,100.0,100.0,#dfac7a,#dfac7a
0,{elevation}ft {formation},0,41,-82.06,square,1,0,100.0,100.0,#2d9cd0,#2d9cd0
0,{elevation}ft {formation},0,41,-80.74,square,1,0,100.0,100.0,#2d9cd0,#2d9cd0
0,{elevation}ft {formation},0,41,-76.76,square,1,0,100.0,100.0,#bfb5a6,#bfb5a6
0,{elevation}ft {formation},0,41,-72.79,square,1,0,100.0,100.0,#a8e2f7,#a8e2f7
0,{elevation}ft {formation},0,41,-67.5,square,1,0,100.0,100.0,#9fe0f7,#9fe0f7
0,{elevation}ft {formation},0,41,-66.18,square,1,0,100.0,100.0,#8edcf7,#8edcf7
0,{elevation}ft {formation},0,41,-64.85,square,1,0,100.0,100.0,#8edcf7,#8edcf7
0,{elevation}ft {formation},0,41,-63.53,square,1,0,100.0,100.0,#9fe0f7,#9fe0f7
0,{elevation}ft {formation},0,41,-60.88,square,1,0,100.0,100.0,#4f8356,#4f8356
0,{elevation}ft {formation},0,41,-59.56,square,1,0,100.0,100.0,#a3e1f7,#a3e1f7
0,{elevation}ft {formation},0,41,-58.24,square,1,0,100.0,100.0,#4f8356,#4f8356
0,{elevation}ft {formation},0,41,-56.91,square,1,0,100.0,100.0,#4f8356,#4f8356
0,{elevation}ft {formation},0,41,-55.59,square,1,0,100.0,100.0,#2b462f,#2b462f
0,{elevation}ft {formation},0,41,-54.26,square,1,0,100.0,100.0,#4f8356,#4f8356
0,{elevation}ft {formation},0,41,-51.62,square,1,0,100.0,100.0,#4f8356,#4f8356
0,{elevation}ft {formation},0,41,-7.94,square,1,0,100.0,100.0,#8edcf7,#8edcf7
0,{elevation}ft {formation},0,41,2.65,square,1,0,100.0,100.0,#8edcf7,#8edcf7
0,{elevation}ft {formation},0,41,7.94,square,1,0,100.0,100.0,#a3e1f7,#a3e1f7
0,{elevation}ft {formation},0,41,9.26,square,1,0,100.0,100.0,#9fe0f7,#9fe0f7
0,{elevation}ft {formation},0,41,10.59,square,1,0,100.0,100.0,#9fe0f7,#9fe0f7
0,{elevation}ft {formation},0,41,11.91,square,1,0,100.0,100.0,#9bdff7,#9bdff7
0,{elevation}ft {formation},0,41,13.24,square,1,0,100.0,100.0,#a3e1f7,#a3e1f7
0,{elevation}ft {formation},0,41,14.56,square,1,0,100.0,100.0,#a3e1f7,#a3e1f7
0,{elevation}ft {formation},0,41,17.21,square,1,0,100.0,100.0,#9bdff7,#9bdff7
0,{elevation}ft {formation},0,41,18.53,square,1,0,100.0,100.0,#9bdff7,#9bdff7
0,{elevation}ft {formation},0,41,19.85,square,1,0,100.0,100.0,#9bdff7,#9bdff7
0,{elevation}ft {formation},0,41,22.5,square,1,0,100.0,100.0,#a3e1f7,#a3e1f7
0,{elevation}ft {formation},0,41,25.15,square,1,0,100.0,100.0,#a3e1f7,#a3e1f7
0,{elevation}ft {formation},0,41,26.47,square,1,0,100.0,100.0,#a3e1f7,#a3e1f7
0,{elevation}ft {formation},0,41,27.79,square,1,0,100.0,100.0,#a3e1f7,#a3e1f7
0,{elevation}ft {formation},0,41,29.12,square,1,0,100.0,100.0,#a3e1f7,#a3e1f7
0,{elevation}ft {formation},0,41,30.44,square,1,0,100.0,100.0,#a3e1f7,#a3e1f7
0,{elevation}ft {formation},0,41,31.76,square,1,0,100.0,100.0,#a3e1f7,#a3e1f7
0,{elevation}ft {formation},0,41,33.09,square,1,0,100.0,100.0,#a3e1f7,#a3e1f7
0,{elevation}ft {formation},0,41,34.41,square,1,0,100.0,100.0,#a3e1f7,#a3e1f7
0,{elevation}ft {formation},0,41,35.74,square,1,0,100.0,100.0,#a3e1f7,#a3e1f7
0,{elevation}ft {formation},0,41,38.38,square,1,0,100.0,100.0,#a3e1f7,#a3e1f7
0,{elevation}ft {formation},0,41,39.71,square,1,0,100.0,100.0,#a3e1f7,#a3e1f7
0,{elevation}ft {formation},0,41,46.32,square,1,0,100.0,100.0,#a3e1f7,#a3e1f7
0,{elevation}ft {formation},0,41,47.65,square,1,0,100.0,100.0,#a3e1f7,#a3e1f7
0,{elevation}ft {formation},0,41,48.97,square,1,0,100.0,100.0,#a3e1f7,#a3e1f7
0,{elevation}ft {formation},0,41,50.29,square,1,0,100.0,100.0,#a3e1f7,#a3e1f7
0,{elevation}ft {formation},0,41,56.91,square,1,0,100.0,100.0,#4f8356,#4f8356
0,{elevation}ft {formation},0,41,58.24,square,1,0,100.0,100.0,#4f8356,#4f8356
0,{elevation}ft {formation},0,41,75.44,square,1,0,100.0,100.0,#4f8356,#4f8356
0,{elevation}ft {formation},0,41,93.97,square,1,0,100.0,100.0,#dfac7a,#dfac7a
0,{elevation}ft {formation},0,41,95.29,square,1,0,100.0,100.0,#dfac7a,#dfac7a
0,{elevation}ft {formation},0,41,112.5,square,1,0,100.0,100.0,#dfac7a,#dfac7a
0,{elevation}ft {formation},0,41,113.82,square,1,0,100.0,100.0,#dfac7a,#dfac7a
0,{elevation}ft {formation},0,42,-80.6,square,1,0,100.0,100.0,#799774,#799774
0,{elevation}ft {formation},0,42,-76.57,square,1,0,100.0,100.0,#bfb5a6,#bfb5a6
0,{elevation}ft {formation},0,42,-72.54,square,1,0,100.0,100.0,#a8e2f7,#a8e2f7
0,{elevation}ft {formation},0,42,-71.19,square,1,0,100.0,100.0,#a8e2f7,#a8e2f7
0,{elevation}ft {formation},0,42,-67.16,square,1,0,100.0,100.0,#9bdff7,#9bdff7
0,{elevation}ft {formation},0,42,-65.82,square,1,0,100.0,100.0,#9bdff7,#9bdff7
0,{elevation}ft {formation},0,42,-64.48,square,1,0,100.0,100.0,#8edcf7,#8edcf7
0,{elevation}ft {formation},0,42,-63.13,square,1,0,100.0,100.0,#8edcf7,#8edcf7
0,{elevation}ft {formation},0,42,-61.79,square,1,0,100.0,100.0,#8edcf7,#8edcf7
0,{elevation}ft {formation},0,42,-60.45,square,1,0,100.0,100.0,#8edcf7,#8edcf7
0,{elevation}ft {formation},0,42,-59.1,square,1,0,100.0,100.0,#8edcf7,#8edcf7
0,{elevation}ft {formation},0,42,-57.76,square,1,0,100.0,100.0,#8edcf7,#8edcf7
0,{elevation}ft {formation},0,42,-56.42,square,1,0,100.0,100.0,#2b462f,#2b462f
0,{elevation}ft {formation},0,42,-53.73,square,1,0,100.0,100.0,#4f8356,#4f8356
0,{elevation}ft {formation},0,42,-1.34,square,1,0,100.0,100.0,#8edcf7,#8edcf7
0,{elevation}ft {formation},0,42,2.69,square,1,0,100.0,100.0,#8edcf7,#8edcf7
0,{elevation}ft {formation},0,42,9.4,square,1,0,100.0,100.0,#8edcf7,#8edcf7
0,{elevation}ft {formation},0,42,10.75,square,1,0,100.0,100.0,#8edcf7,#8edcf7
0,{elevation}ft {formation},0,42,12.09,square,1,0,100.0,100.0,#9bdff7,#9bdff7
0,{elevation}ft {formation},0,42,13.43,square,1,0,100.0,100.0,#8edcf7,#8edcf7
0,{elevation}ft {formation},0,42,16.12,square,1,0,100.0,100.0,#9fe0f7,#9fe0f7
0,{elevation}ft {formation},0,42,18.81,square,1,0,100.0,100.0,#8edcf7,#8edcf7
0,{elevation}ft {formation},0,42,20.15,square,1,0,100.0,100.0,#a3e1f7,#a3e1f7
0,{elevation}ft {formation},0,42,21.49,square,1,0,100.0,100.0,#a3e1f7,#a3e1f7
0,{elevation}ft {formation},0,42,24.18,square,1,0,100.0,100.0,#a3e1f7,#a3e1f7
0,{elevation}ft {formation},0,42,25.52,square,1,0,100.0,100.0,#a3e1f7,#a3e1f7
0,{elevation}ft {formation},0,42,28.21,square,1,0,100.0,100.0,#a3e1f7,#a3e1f7
0,{elevation}ft {formation},0,42,29.55,square,1,0,100.0,100.0,#a3e1f7,#a3e1f7
0,{elevation}ft {formation},0,42,30.9,square,1,0,100.0,100.0,#a3e1f7,#a3e1f7
0,{elevation}ft {formation},0,42,32.24,square,1,0,100.0,100.0,#a3e1f7,#a3e1f7
0,{elevation}ft {formation},0,42,34.93,square,1,0,100.0,100.0,#a3e1f7,#a3e1f7
0,{elevation}ft {formation},0,42,36.27,square,1,0,100.0,100.0,#a3e1f7,#a3e1f7
0,{elevation}ft {formation},0,42,38.96,square,1,0,100.0,100.0,#a3e1f7,#a3e1f7
0,{elevation}ft {formation},0,42,40.3,square,1,0,100.0,100.0,#a3e1f7,#a3e1f7
0,{elevation}ft {formation},0,42,41.64,square,1,0,100.0,100.0,#a3e1f7,#a3e1f7
0,{elevation}ft {formation},0,42,42.99,square,1,0,100.0,100.0,#a3e1f7,#a3e1f7
0,{elevation}ft {formation},0,42,48.36,square,1,0,100.0,100.0,#a3e1f7,#a3e1f7
0,{elevation}ft {formation},0,42,49.7,square,1,0,100.0,100.0,#a3e1f7,#a3e1f7
0,{elevation}ft {formation},0,42,51.04,square,1,0,100.0,100.0,#2b462f,#2b462f
0,{elevation}ft {formation},0,42,96.72,square,1,0,100.0,100.0,#89592a,#89592a
0,{elevation}ft {formation},0,42,112.84,square,1,0,100.0,100.0,#c47c36,#c47c36
0,{elevation}ft {formation},0,42,114.18,square,1,0,100.0,100.0,#dfac7a,#dfac7a
0,{elevation}ft {formation},0,43,-70.49,square,1,0,100.0,100.0,#a8e2f7,#a8e2f7
0,{elevation}ft {formation},0,43,-67.76,square,1,0,100.0,100.0,#9bdff7,#9bdff7
0,{elevation}ft {formation},0,43,-66.39,square,1,0,100.0,100.0,#9bdff7,#9bdff7
0,{elevation}ft {formation},0,43,-65.02,square,1,0,100.0,100.0,#9bdff7,#9bdff7
0,{elevation}ft {formation},0,43,-63.65,square,1,0,100.0,100.0,#8edcf7,#8edcf7
0,{elevation}ft {formation},0,43,-62.28,square,1,0,100.0,100.0,#8edcf7,#8edcf7
0,{elevation}ft {formation},0,43,-60.91,square,1,0,100.0,100.0,#8edcf7,#8edcf7
0,{elevation}ft {formation},0,43,-59.54,square,1,0,100.0,100.0,#8edcf7,#8edcf7
0,{elevation}ft {formation},0,43,-58.17,square,1,0,100.0,100.0,#8edcf7,#8edcf7
0,{elevation}ft {formation},0,43,-56.81,square,1,0,100.0,100.0,#9bdff7,#9bdff7
0,{elevation}ft {formation},0,43,-55.44,square,1,0,100.0,100.0,#2b462f,#2b462f
0,{elevation}ft {formation},0,43,-52.7,square,1,0,100.0,100.0,#a3e1f7,#a3e1f7
0,{elevation}ft {formation},0,43,-17.11,square,1,0,100.0,100.0,#a3e1f7,#a3e1f7
0,{elevation}ft {formation},0,43,-3.42,square,1,0,100.0,100.0,#a3e1f7,#a3e1f7
0,{elevation}ft {formation},0,43,-2.05,square,1,0,100.0,100.0,#8edcf7,#8edcf7
0,{elevation}ft {formation},0,43,2.05,square,1,0,100.0,100.0,#8edcf7,#8edcf7
0,{elevation}ft {formation},0,43,8.9,square,1,0,100.0,100.0,#8edcf7,#8edcf7
0,{elevation}ft {formation},0,43,10.27,square,1,0,100.0,100.0,#8edcf7,#8edcf7
0,{elevation}ft {formation},0,43,11.63,square,1,0,100.0,100.0,#8edcf7,#8edcf7
0,{elevation}ft {formation},0,43,13.0,square,1,0,100.0,100.0,#8edcf7,#8edcf7
0,{elevation}ft {formation},0,43,14.37,square,1,0,100.0,100.0,#9bdff7,#9bdff7
0,{elevation}ft {formation},0,43,17.11,square,1,0,100.0,100.0,#8edcf7,#8edcf7
0,{elevation}ft {formation},0,43,18.48,square,1,0,100.0,100.0,#a3e1f7,#a3e1f7
0,{elevation}ft {formation},0,43,21.22,square,1,0,100.0,100.0,#a3e1f7,#a3e1f7
0,{elevation}ft {formation},0,43,23.95,square,1,0,100.0,100.0,#a3e1f7,#a3e1f7
0,{elevation}ft {formation},0,43,25.32,square,1,0,100.0,100.0,#a3e1f7,#a3e1f7
0,{elevation}ft {formation},0,43,26.69,square,1,0,100.0,100.0,#a3e1f7,#a3e1f7
0,{elevation}ft {formation},0,43,28.06,square,1,0,100.0,100.0,#a3e1f7,#a3e1f7
0,{elevation}ft {formation},0,43,30.8,square,1,0,100.0,100.0,#a3e1f7,#a3e1f7
0,{elevation}ft {formation},0,43,34.9,square,1,0,100.0,100.0,#a3e1f7,#a3e1f7
0,{elevation}ft {formation},0,43,36.27,square,1,0,100.0,100.0,#a3e1f7,#a3e1f7
0,{elevation}ft {formation},0,43,37.64,square,1,0,100.0,100.0,#a3e1f7,#a3e1f7
0,{elevation}ft {formation},0,43,40.38,square,1,0,100.0,100.0,#a3e1f7,#a3e1f7
0,{elevation}ft {formation},0,43,48.59,square,1,0,100.0,100.0,#a3e1f7,#a3e1f7
0,{elevation}ft {formation},0,43,49.96,square,1,0,100.0,100.0,#a3e1f7,#a3e1f7
0,{elevation}ft {formation},0,43,52.7,square,1,0,100.0,100.0,#4f8356,#4f8356
0,{elevation}ft {formation},0,43,97.87,square,1,0,100.0,100.0,#89592a,#89592a
0,{elevation}ft {formation},0,43,112.93,square,1,0,100.0,100.0,#89592a,#89592a
0,{elevation}ft {formation},0,43,114.3,square,1,0,100.0,100.0,#dfac7a,#dfac7a
0,{elevation}ft {formation},0,44,-82.7,square,1,0,100.0,100.0,#bfb5a6,#bfb5a6
0,{elevation}ft {formation},0,44,-81.31,square,1,0,100.0,100.0,#dfac7a,#dfac7a
0,{elevation}ft {formation},0,44,-77.14,square,1,0,100.0,100.0,#a8e2f7,#a8e2f7
0,{elevation}ft {formation},0,44,-75.75,square,1,0,100.0,100.0,#bfb5a6,#bfb5a6
0,{elevation}ft {formation},0,44,-74.36,square,1,0,100.0,100.0,#bfb5a6,#bfb5a6
0,{elevation}ft {formation},0,44,-67.41,square,1,0,100.0,100.0,#9bdff7,#9bdff7
0,{elevation}ft {formation},0,44,-66.02,square,1,0,100.0,100.0,#9bdff7,#9bdff7
0,{elevation}ft {formation},0,44,-64.63,square,1,0,100.0,100.0,#8edcf7,#8edcf7
0,{elevation}ft {formation},0,44,-63.24,square,1,0,100.0,100.0,#8edcf7,#8edcf7
0,{elevation}ft {formation},0,44,-61.85,square,1,0,100.0,100.0,#8edcf7,#8edcf7
0,{elevation}ft {formation},0,44,-60.46,square,1,0,100.0,100.0,#8edcf7,#8edcf7
0,{elevation}ft {formation},0,44,-59.07,square,1,0,100.0,100.0,#8edcf7,#8edcf7
0,{elevation}ft {formation},0,44,-57.68,square,1,0,100.0,100.0,#8edcf7,#8edcf7
0,{elevation}ft {formation},0,44,-56.29,square,1,0,100.0,100.0,#8edcf7,#8edcf7
0,{elevation}ft {formation},0,44,9.03,square,1,0,100.0,100.0,#8edcf7,#8edcf7
0,{elevation}ft {formation},0,44,11.81,square,1,0,100.0,100.0,#8edcf7,#8edcf7
0,{elevation}ft {formation},0,44,13.2,square,1,0,100.0,100.0,#a3e1f7,#a3e1f7
0,{elevation}ft {formation},0,44,15.98,square,1,0,100.0,100.0,#a3e1f7,#a3e1f7
0,{elevation}ft {formation},0,44,17.37,square,1,0,100.0,100.0,#a3e1f7,#a3e1f7
0,{elevation}ft {formation},0,44,18.76,square,1,0,100.0,100.0,#a3e1f7,#a3e1f7
0,{elevation}ft {formation},0,44,20.15,square,1,0,100.0,100.0,#a3e1f7,#a3e1f7
0,{elevation}ft {formation},0,44,21.54,square,1,0,100.0,100.0,#a3e1f7,#a3e1f7
0,{elevation}ft {formation},0,44,22.93,square,1,0,100.0,100.0,#a3e1f7,#a3e1f7
0,{elevation}ft {formation},0,44,25.71,square,1,0,100.0,100.0,#a3e1f7,#a3e1f7
0,{elevation}ft {formation},0,44,27.1,square,1,0,100.0,100.0,#a3e1f7,#a3e1f7
0,{elevation}ft {formation},0,44,28.49,square,1,0,100.0,100.0,#a3e1f7,#a3e1f7
0,{elevation}ft {formation},0,44,31.27,square,1,0,100.0,100.0,#a3e1f7,#a3e1f7
0,{elevation}ft {formation},0,44,36.83,square,1,0,100.0,100.0,#a3e1f7,#a3e1f7
0,{elevation}ft {formation},0,44,38.22,square,1,0,100.0,100.0,#a3e1f7,#a3e1f7
0,{elevation}ft {formation},0,44,39.61,square,1,0,100.0,100.0,#a3e1f7,#a3e1f7
0,{elevation}ft {formation},0,44,45.17,square,1,0,100.0,100.0,#a3e1f7,#a3e1f7
0,{elevation}ft {formation},0,44,46.56,square,1,0,100.0,100.0,#a3e1f7,#a3e1f7
0,{elevation}ft {formation},0,44,49.34,square,1,0,100.0,100.0,#a3e1f7,#a3e1f7
0,{elevation}ft {formation},0,44,50.73,square,1,0,100.0,100.0,#4f8356,#4f8356
0,{elevation}ft {formation},0,44,57.68,square,1,0,100.0,100.0,#4f8356,#4f8356
0,{elevation}ft {formation},0,44,78.53,square,1,0,100.0,100.0,#dfac7a,#dfac7a
0,{elevation}ft {formation},0,44,79.92,square,1,0,100.0,100.0,#dfac7a,#dfac7a
0,{elevation}ft {formation},0,44,118.84,square,1,0,100.0,100.0,#bfb5a6,#bfb5a6
0,{elevation}ft {formation},0,45,-81.18,square,1,0,100.0,100.0,#89592a,#89592a
0,{elevation}ft {formation},0,45,-79.76,square,1,0,100.0,100.0,#89592a,#89592a
0,{elevation}ft {formation},0,45,-74.12,square,1,0,100.0,100.0,#89592a,#89592a
0,{elevation}ft {formation},0,45,-68.47,square,1,0,100.0,100.0,#9bdff7,#9bdff7
0,{elevation}ft {formation},0,45,-67.06,square,1,0,100.0,100.0,#8edcf7,#8edcf7
0,{elevation}ft {formation},0,45,-65.65,square,1,0,100.0,100.0,#8edcf7,#8edcf7
0,{elevation}ft {formation},0,45,-64.24,square,1,0,100.0,100.0,#8edcf7,#8edcf7
0,{elevation}ft {formation},0,45,-62.82,square,1,0,100.0,100.0,#8edcf7,#8edcf7
0,{elevation}ft {formation},0,45,-60.0,square,1,0,100.0,100.0,#8edcf7,#8edcf7
0,{elevation}ft {formation},0,45,-58.59,square,1,0,100.0,100.0,#8edcf7,#8edcf7
0,{elevation}ft {formation},0,45,-57.18,square,1,0,100.0,100.0,#8edcf7,#8edcf7
0,{elevation}ft {formation},0,45,-55.76,square,1,0,100.0,100.0,#8edcf7,#8edcf7
0,{elevation}ft {formation},0,45,-52.94,square,1,0,100.0,100.0,#4f8356,#4f8356
0,{elevation}ft {formation},0,45,-19.06,square,1,0,100.0,100.0,#8edcf7,#8edcf7
0,{elevation}ft {formation},0,45,-3.53,square,1,0,100.0,100.0,#a3e1f7,#a3e1f7
0,{elevation}ft {formation},0,45,12.0,square,1,0,100.0,100.0,#dfac7a,#dfac7a
0,{elevation}ft {formation},0,45,13.41,square,1,0,100.0,100.0,#8edcf7,#8edcf7
0,{elevation}ft {formation},0,45,19.06,square,1,0,100.0,100.0,#a3e1f7,#a3e1f7
0,{elevation}ft {formation},0,45,20.47,square,1,0,100.0,100.0,#a3e1f7,#a3e1f7
0,{elevation}ft {formation},0,45,21.88,square,1,0,100.0,100.0,#a3e1f7,#a3e1f7
0,{elevation}ft {formation},0,45,26.12,square,1,0,100.0,100.0,#a3e1f7,#a3e1f7
0,{elevation}ft {formation},0,45,27.53,square,1,0,100.0,100.0,#a3e1f7,#a3e1f7
0,{elevation}ft {formation},0,45,28.94,square,1,0,100.0,100.0,#a3e1f7,#a3e1f7
0,{elevation}ft {formation},0,45,37.41,square,1,0,100.0,100.0,#a3e1f7,#a3e1f7
0,{elevation}ft {formation},0,45,40.24,square,1,0,100.0,100.0,#a3e1f7,#a3e1f7
0,{elevation}ft {formation},0,45,43.06,square,1,0,100.0,100.0,#a3e1f7,#a3e1f7
0,{elevation}ft {formation},0,45,44.47,square,1,0,100.0,100.0,#a3e1f7,#a3e1f7
0,{elevation}ft {formation},0,45,47.29,square,1,0,100.0,100.0,#a3e1f7,#a3e1f7
0,{elevation}ft {formation},0,45,48.71,square,1,0,100.0,100.0,#a3e1f7,#a3e1f7
0,{elevation}ft {formation},0,45,55.76,square,1,0,100.0,100.0,#4f8356,#4f8356
0,{elevation}ft {formation},0,45,76.94,square,1,0,100.0,100.0,#dfac7a,#dfac7a
0,{elevation}ft {formation},0,45,81.18,square,1,0,100.0,100.0,#dfac7a,#dfac7a
0,{elevation}ft {formation},0,45,103.76,square,1,0,100.0,100.0,#dfac7a,#dfac7a
0,{elevation}ft {formation},0,45,105.18,square,1,0,100.0,100.0,#dfac7a,#dfac7a
0,{elevation}ft {formation},0,46,-83.52,square,1,0,100.0,100.0,#724b25,#724b25
0,{elevation}ft {formation},0,46,-73.44,square,1,0,100.0,100.0,#bfb5a6,#bfb5a6
0,{elevation}ft {formation},0,46,-69.12,square,1,0,100.0,100.0,#9fe0f7,#9fe0f7
0,{elevation}ft {formation},0,46,-67.68,square,1,0,100.0,100.0,#8edcf7,#8edcf7
0,{elevation}ft {formation},0,46,-66.24,square,1,0,100.0,100.0,#8edcf7,#8edcf7
0,{elevation}ft {formation},0,46,-64.8,square,1,0,100.0,100.0,#8edcf7,#8edcf7
0,{elevation}ft {formation},0,46,-61.92,square,1,0,100.0,100.0,#8edcf7,#8edcf7
0,{elevation}ft {formation},0,46,-60.48,square,1,0,100.0,100.0,#8edcf7,#8edcf7
0,{elevation}ft {formation},0,46,-59.04,square,1,0,100.0,100.0,#8edcf7,#8edcf7
0,{elevation}ft {formation},0,46,-57.6,square,1,0,100.0,100.0,#9bdff7,#9bdff7
0,{elevation}ft {formation},0,46,-56.16,square,1,0,100.0,100.0,#9bdff7,#9bdff7
0,{elevation}ft {formation},0,46,-27.36,square,1,0,100.0,100.0,#dfac7a,#dfac7a
0,{elevation}ft {formation},0,46,-2.88,square,1,0,100.0,100.0,#a3e1f7,#a3e1f7
0,{elevation}ft {formation},0,46,1.44,square,1,0,100.0,100.0,#8edcf7,#8edcf7
0,{elevation}ft {formation},0,46,11.52,square,1,0,100.0,100.0,#8edcf7,#8edcf7
0,{elevation}ft {formation},0,46,18.72,square,1,0,100.0,100.0,#a3e1f7,#a3e1f7
0,{elevation}ft {formation},0,46,28.8,square,1,0,100.0,100.0,#a3e1f7,#a3e1f7
0,{elevation}ft {formation},0,46,30.24,square,1,0,100.0,100.0,#a3e1f7,#a3e1f7
0,{elevation}ft {formation},0,46,37.44,square,1,0,100.0,100.0,#a3e1f7,#a3e1f7
0,{elevation}ft {formation},0,46,40.32,square,1,0,100.0,100.0,#a3e1f7,#a3e1f7
0,{elevation}ft {formation},0,46,46.08,square,1,0,100.0,100.0,#a3e1f7,#a3e1f7
0,{elevation}ft {formation},0,46,53.28,square,1,0,100.0,100.0,#4f8356,#4f8356
0,{elevation}ft {formation},0,46,95.04,square,1,0,100.0,100.0,#dfac7a,#dfac7a
0,{elevation}ft {formation},0,46,120.96,square,1,0,100.0,100.0,#4f8356,#4f8356
0,{elevation}ft {formation},0,46,125.28,square,1,0,100.0,100.0,#dfac7a,#dfac7a
0,{elevation}ft {formation},0,47,-83.41,square,1,0,100.0,100.0,#bfb5a6,#bfb5a6
0,{elevation}ft {formation},0,47,-80.49,square,1,0,100.0,100.0,#bfb5a6,#bfb5a6
0,{elevation}ft {formation},0,47,-79.02,square,1,0,100.0,100.0,#89592a,#89592a
0,{elevation}ft {formation},0,47,-68.78,square,1,0,100.0,100.0,#8edcf7,#8edcf7
0,{elevation}ft {formation},0,47,-67.32,square,1,0,100.0,100.0,#8edcf7,#8edcf7
0,{elevation}ft {formation},0,47,-65.85,square,1,0,100.0,100.0,#8edcf7,#8edcf7
0,{elevation}ft {formation},0,47,-64.39,square,1,0,100.0,100.0,#8edcf7,#8edcf7
0,{elevation}ft {formation},0,47,-62.93,square,1,0,100.0,100.0,#8edcf7,#8edcf7
0,{elevation}ft {formation},0,47,-61.46,square,1,0,100.0,100.0,#8edcf7,#8edcf7
0,{elevation}ft {formation},0,47,-60.0,square,1,0,100.0,100.0,#8edcf7,#8edcf7
0,{elevation}ft {formation},0,47,-58.54,square,1,0,100.0,100.0,#8edcf7,#8edcf7
0,{elevation}ft {formation},0,47,-57.07,square,1,0,100.0,100.0,#8edcf7,#8edcf7
0,{elevation}ft {formation},0,47,-55.61,square,1,0,100.0,100.0,#8edcf7,#8edcf7
0,{elevation}ft {formation},0,47,1.46,square,1,0,100.0,100.0,#8edcf7,#8edcf7
0,{elevation}ft {formation},0,47,2.93,square,1,0,100.0,100.0,#8edcf7,#8edcf7
0,{elevation}ft {formation},0,47,30.73,square,1,0,100.0,100.0,#a3e1f7,#a3e1f7
0,{elevation}ft {formation},0,47,39.51,square,1,0,100.0,100.0,#a3e1f7,#a3e1f7
0,{elevation}ft {formation},0,47,57.07,square,1,0,100.0,100.0,#4f8356,#4f8356
0,{elevation}ft {formation},0,47,115.61,square,1,0,100.0,100.0,#89592a,#89592a
0,{elevation}ft {formation},0,47,124.39,square,1,0,100.0,100.0,#bfb5a6,#bfb5a6
0,{elevation}ft {formation},0,47,125.85,square,1,0,100.0,100.0,#dfac7a,#dfac7a
0,{elevation}ft {formation},0,48,-82.9,square,1,0,100.0,100.0,#dfac7a,#dfac7a
0,{elevation}ft {formation},0,48,-81.41,square,1,0,100.0,100.0,#89592a,#89592a
0,{elevation}ft {formation},0,48,-79.92,square,1,0,100.0,100.0,#4f8356,#4f8356
0,{elevation}ft {formation},0,48,-75.44,square,1,0,100.0,100.0,#bfb5a6,#bfb5a6
0,{elevation}ft {formation},0,48,-69.46,square,1,0,100.0,100.0,#8edcf7,#8edcf7
0,{elevation}ft {formation},0,48,-67.97,square,1,0,100.0,100.0,#8edcf7,#8edcf7
0,{elevation}ft {formation},0,48,-66.47,square,1,0,100.0,100.0,#8edcf7,#8edcf7
0,{elevation}ft {formation},0,48,-64.98,square,1,0,100.0,100.0,#8edcf7,#8edcf7
0,{elevation}ft {formation},0,48,-63.49,square,1,0,100.0,100.0,#8edcf7,#8edcf7
0,{elevation}ft {formation},0,48,-61.99,square,1,0,100.0,100.0,#8edcf7,#8edcf7
0,{elevation}ft {formation},0,48,-59.0,square,1,0,100.0,100.0,#8edcf7,#8edcf7
0,{elevation}ft {formation},0,48,-57.51,square,1,0,100.0,100.0,#8edcf7,#8edcf7
0,{elevation}ft {formation},0,48,-56.02,square,1,0,100.0,100.0,#8edcf7,#8edcf7
0,{elevation}ft {formation},0,48,-21.66,square,1,0,100.0,100.0,#8edcf7,#8edcf7
0,{elevation}ft {formation},0,48,-2.24,square,1,0,100.0,100.0,#a3e1f7,#a3e1f7
0,{elevation}ft {formation},0,48,2.24,square,1,0,100.0,100.0,#9bdff7,#9bdff7
0,{elevation}ft {formation},0,48,32.12,square,1,0,100.0,100.0,#a3e1f7,#a3e1f7
0,{elevation}ft {formation},0,48,96.35,square,1,0,100.0,100.0,#dfac7a,#dfac7a
0,{elevation}ft {formation},0,48,99.34,square,1,0,100.0,100.0,#dfac7a,#dfac7a
0,{elevation}ft {formation},0,48,103.82,square,1,0,100.0,100.0,#dfac7a,#dfac7a
0,{elevation}ft {formation},0,48,109.79,square,1,0,100.0,100.0,#89592a,#89592a
0,{elevation}ft {formation},0,48,111.29,square,1,0,100.0,100.0,#bfb5a6,#bfb5a6
0,{elevation}ft {formation},0,48,124.73,square,1,0,100.0,100.0,#bfb5a6,#bfb5a6
0,{elevation}ft {formation},0,48,126.22,square,1,0,100.0,100.0,#bfb5a6,#bfb5a6
0,{elevation}ft {formation},0,48,127.72,square,1,0,100.0,100.0,#c47c36,#c47c36
0,{elevation}ft {formation},0,48,129.21,square,1,0,100.0,100.0,#a3e1f7,#a3e1f7
0,{elevation}ft {formation},0,49,-85.42,square,1,0,100.0,100.0,#a3e1f7,#a3e1f7
0,{elevation}ft {formation},0,49,-79.32,square,1,0,100.0,100.0,#89592a,#89592a
0,{elevation}ft {formation},0,49,-77.8,square,1,0,100.0,100.0,#bfb5a6,#bfb5a6
0,{elevation}ft {formation},0,49,-74.75,square,1,0,100.0,100.0,#bfb5a6,#bfb5a6
0,{elevation}ft {formation},0,49,-68.64,square,1,0,100.0,100.0,#8edcf7,#8edcf7
0,{elevation}ft {formation},0,49,-67.12,square,1,0,100.0,100.0,#8edcf7,#8edcf7
0,{elevation}ft {formation},0,49,-65.59,square,1,0,100.0,100.0,#8edcf7,#8edcf7
0,{elevation}ft {formation},0,49,-64.07,square,1,0,100.0,100.0,#8edcf7,#8edcf7
0,{elevation}ft {formation},0,49,-62.54,square,1,0,100.0,100.0,#8edcf7,#8edcf7
0,{elevation}ft {formation},0,49,-61.02,square,1,0,100.0,100.0,#8edcf7,#8edcf7
0,{elevation}ft {formation},0,49,-59.49,square,1,0,100.0,100.0,#8edcf7,#8edcf7
0,{elevation}ft {formation},0,49,-57.97,square,1,0,100.0,100.0,#8edcf7,#8edcf7
0,{elevation}ft {formation},0,49,-56.44,square,1,0,100.0,100.0,#8edcf7,#8edcf7
0,{elevation}ft {formation},0,49,-1.53,square,1,0,100.0,100.0,#a3e1f7,#a3e1f7
0,{elevation}ft {formation},0,49,0.0,square,1,0,100.0,100.0,#a3e1f7,#a3e1f7
0,{elevation}ft {formation},0,49,54.92,square,1,0,100.0,100.0,#4f8356,#4f8356
0,{elevation}ft {formation},0,49,100.68,square,1,0,100.0,100.0,#dfac7a,#dfac7a
0,{elevation}ft {formation},0,49,112.88,square,1,0,100.0,100.0,#dfac7a,#dfac7a
0,{elevation}ft {formation},0,49,129.66,square,1,0,100.0,100.0,#bfb5a6,#bfb5a6
0,{elevation}ft {formation},0,49,131.19,square,1,0,100.0,100.0,#bfb5a6,#bfb5a6
0,{elevation}ft {formation},0,50,-84.94,square,1,0,100.0,100.0,#bfb5a6,#bfb5a6
0,{elevation}ft {formation},0,50,-77.14,square,1,0,100.0,100.0,#89592a,#89592a
0,{elevation}ft {formation},0,50,-75.58,square,1,0,100.0,100.0,#89592a,#89592a
0,{elevation}ft {formation},0,50,-72.47,square,1,0,100.0,100.0,#a3e1f7,#a3e1f7
0,{elevation}ft {formation},0,50,-69.35,square,1,0,100.0,100.0,#8edcf7,#8edcf7
0,{elevation}ft {formation},0,50,-67.79,square,1,0,100.0,100.0,#8edcf7,#8edcf7
0,{elevation}ft {formation},0,50,-66.23,square,1,0,100.0,100.0,#8edcf7,#8edcf7
0,{elevation}ft {formation},0,50,-63.12,square,1,0,100.0,100.0,#8edcf7,#8edcf7
0,{elevation}ft {formation},0,50,-58.44,square,1,0,100.0,100.0,#8edcf7,#8edcf7
0,{elevation}ft {formation},0,50,-56.88,square,1,0,100.0,100.0,#8edcf7,#8edcf7
0,{elevation}ft {formation},0,50,112.99,square,1,0,100.0,100.0,#dfac7a,#dfac7a
0,{elevation}ft {formation},0,50,131.69,square,1,0,100.0,100.0,#bfb5a6,#bfb5a6
0,{elevation}ft {formation},0,51,-78.5,square,1,0,100.0,100.0,#bfb5a6,#bfb5a6
0,{elevation}ft {formation},0,51,-76.92,square,1,0,100.0,100.0,#89592a,#89592a
0,{elevation}ft {formation},0,51,-70.57,square,1,0,100.0,100.0,#a3e1f7,#a3e1f7
0,{elevation}ft {formation},0,51,-68.99,square,1,0,100.0,100.0,#8edcf7,#8edcf7
0,{elevation}ft {formation},0,51,-65.81,square,1,0,100.0,100.0,#8edcf7,#8edcf7
0,{elevation}ft {formation},0,51,-64.23,square,1,0,100.0,100.0,#8edcf7,#8edcf7
0,{elevation}ft {formation},0,51,-62.64,square,1,0,100.0,100.0,#8edcf7,#8edcf7
0,{elevation}ft {formation},0,51,-61.06,square,1,0,100.0,100.0,#8edcf7,#8edcf7
0,{elevation}ft {formation},0,51,-59.47,square,1,0,100.0,100.0,#8edcf7,#8edcf7
0,{elevation}ft {formation},0,51,-57.89,square,1,0,100.0,100.0,#8edcf7,#8edcf7
0,{elevation}ft {formation},0,51,-56.3,square,1,0,100.0,100.0,#8edcf7,#8edcf7
0,{elevation}ft {formation},0,51,-3.96,square,1,0,100.0,100.0,#8edcf7,#8edcf7
0,{elevation}ft {formation},0,51,51.54,square,1,0,100.0,100.0,#4f8356,#4f8356
0,{elevation}ft {formation},0,51,100.7,square,1,0,100.0,100.0,#dfac7a,#dfac7a
0,{elevation}ft {formation},0,51,110.22,square,1,0,100.0,100.0,#89592a,#89592a
0,{elevation}ft {formation},0,51,111.81,square,1,0,100.0,100.0,#89592a,#89592a
0,{elevation}ft {formation},0,51,130.84,square,1,0,100.0,100.0,#bfb5a6,#bfb5a6
0,{elevation}ft {formation},0,52,-87.57,square,1,0,100.0,100.0,#8edcf7,#8edcf7
0,{elevation}ft {formation},0,52,-82.7,square,1,0,100.0,100.0,#bfb5a6,#bfb5a6
0,{elevation}ft {formation},0,52,-81.08,square,1,0,100.0,100.0,#dfac7a,#dfac7a
0,{elevation}ft {formation},0,52,-76.22,square,1,0,100.0,100.0,#89592a,#89592a
0,{elevation}ft {formation},0,52,-69.73,square,1,0,100.0,100.0,#9bdff7,#9bdff7
0,{elevation}ft {formation},0,52,-68.11,square,1,0,100.0,100.0,#8edcf7,#8edcf7
0,{elevation}ft {formation},0,52,-66.49,square,1,0,100.0,100.0,#8edcf7,#8edcf7
0,{elevation}ft {formation},0,52,-64.86,square,1,0,100.0,100.0,#8edcf7,#8edcf7
0,{elevation}ft {formation},0,52,-63.24,square,1,0,100.0,100.0,#8edcf7,#8edcf7
0,{elevation}ft {formation},0,52,-61.62,square,1,0,100.0,100.0,#8edcf7,#8edcf7
0,{elevation}ft {formation},0,52,-60.0,square,1,0,100.0,100.0,#8edcf7,#8edcf7
0,{elevation}ft {formation},0,52,51.89,square,1,0,100.0,100.0,#4f8356,#4f8356
0,{elevation}ft {formation},0,52,61.62,square,1,0,100.0,100.0,#4f8356,#4f8356
0,{elevation}ft {formation},0,52,113.51,square,1,0,100.0,100.0,#dfac7a,#dfac7a
0,{elevation}ft {formation},0,52,115.14,square,1,0,100.0,100.0,#dfac7a,#dfac7a
0,{elevation}ft {formation},0,52,121.62,square,1,0,100.0,100.0,#bfb5a6,#bfb5a6
0,{elevation}ft {formation},0,52,124.86,square,1,0,100.0,100.0,#4f8356,#4f8356
0,{elevation}ft {formation},0,52,126.49,square,1,0,100.0,100.0,#4f8356,#4f8356
0,{elevation}ft {formation},0,52,132.97,square,1,0,100.0,100.0,#bfb5a6,#bfb5a6
0,{elevation}ft {formation},0,52,134.59,square,1,0,100.0,100.0,#bfb5a6,#bfb5a6
0,{elevation}ft {formation},0,53,-85.44,square,1,0,100.0,100.0,#bfb5a6,#bfb5a6
0,{elevation}ft {formation},0,53,-80.46,square,1,0,100.0,100.0,#89592a,#89592a
0,{elevation}ft {formation},0,53,-78.8,square,1,0,100.0,100.0,#89592a,#89592a
0,{elevation}ft {formation},0,53,-77.14,square,1,0,100.0,100.0,#89592a,#89592a
0,{elevation}ft {formation},0,53,-75.48,square,1,0,100.0,100.0,#89592a,#89592a
0,{elevation}ft {formation},0,53,-73.82,square,1,0,100.0,100.0,#a3e1f7,#a3e1f7
0,{elevation}ft {formation},0,53,-70.51,square,1,0,100.0,100.0,#a3e1f7,#a3e1f7
0,{elevation}ft {formation},0,53,-68.85,square,1,0,100.0,100.0,#8edcf7,#8edcf7
0,{elevation}ft {formation},0,53,-65.53,square,1,0,100.0,100.0,#8edcf7,#8edcf7
0,{elevation}ft {formation},0,53,-63.87,square,1,0,100.0,100.0,#8edcf7,#8edcf7
0,{elevation}ft {formation},0,53,-62.21,square,1,0,100.0,100.0,#8edcf7,#8edcf7
0,{elevation}ft {formation},0,53,-57.24,square,1,0,100.0,100.0,#8edcf7,#8edcf7
0,{elevation}ft {formation},0,53,50.6,square,1,0,100.0,100.0,#4f8356,#4f8356
0,{elevation}ft {formation},0,53,52.26,square,1,0,100.0,100.0,#4f8356,#4f8356
0,{elevation}ft {formation},0,53,53.92,square,1,0,100.0,100.0,#4f8356,#4f8356
0,{elevation}ft {formation},0,53,58.89,square,1,0,100.0,100.0,#4f8356,#4f8356
0,{elevation}ft {formation},0,53,65.53,square,1,0,100.0,100.0,#4f8356,#4f8356
0,{elevation}ft {formation},0,53,107.0,square,1,0,100.0,100.0,#dfac7a,#dfac7a
0,{elevation}ft {formation},0,53,108.66,square,1,0,100.0,100.0,#dfac7a,#dfac7a
0,{elevation}ft {formation},0,53,115.3,square,1,0,100.0,100.0,#dfac7a,#dfac7a
0,{elevation}ft {formation},0,53,116.96,square,1,0,100.0,100.0,#dfac7a,#dfac7a
0,{elevation}ft {formation},0,53,121.94,square,1,0,100.0,100.0,#bfb5a6,#bfb5a6
0,{elevation}ft {formation},0,53,123.59,square,1,0,100.0,100.0,#bfb5a6,#bfb5a6
0,{elevation}ft {formation},0,53,131.89,square,1,0,100.0,100.0,#bfb5a6,#bfb5a6
0,{elevation}ft {formation},0,53,133.55,square,1,0,100.0,100.0,#bfb5a6,#bfb5a6
0,{elevation}ft {formation},0,53,135.21,square,1,0,100.0,100.0,#bfb5a6,#bfb5a6
0,{elevation}ft {formation},0,53,136.87,square,1,0,100.0,100.0,#a3e1f7,#a3e1f7
0,{elevation}ft {formation},0,54,-86.6,square,1,0,100.0,100.0,#bfb5a6,#bfb5a6
0,{elevation}ft {formation},0,54,-84.91,square,1,0,100.0,100.0,#bfb5a6,#bfb5a6
0,{elevation}ft {formation},0,54,-79.81,square,1,0,100.0,100.0,#c47c36,#c47c36
0,{elevation}ft {formation},0,54,-78.11,square,1,0,100.0,100.0,#89592a,#89592a
0,{elevation}ft {formation},0,54,-69.62,square,1,0,100.0,100.0,#9fe0f7,#9fe0f7
0,{elevation}ft {formation},0,54,5.09,square,1,0,100.0,100.0,#8edcf7,#8edcf7
0,{elevation}ft {formation},0,54,50.94,square,1,0,100.0,100.0,#4f8356,#4f8356
0,{elevation}ft {formation},0,54,52.64,square,1,0,100.0,100.0,#4f8356,#4f8356
0,{elevation}ft {formation},0,54,54.34,square,1,0,100.0,100.0,#4f8356,#4f8356
0,{elevation}ft {formation},0,54,115.47,square,1,0,100.0,100.0,#dfac7a,#dfac7a
0,{elevation}ft {formation},0,54,117.17,square,1,0,100.0,100.0,#dfac7a,#dfac7a
0,{elevation}ft {formation},0,54,122.26,square,1,0,100.0,100.0,#bfb5a6,#bfb5a6
0,{elevation}ft {formation},0,54,123.96,square,1,0,100.0,100.0,#bfb5a6,#bfb5a6
0,{elevation}ft {formation},0,54,134.15,square,1,0,100.0,100.0,#bfb5a6,#bfb5a6
0,{elevation}ft {formation},0,54,137.55,square,1,0,100.0,100.0,#8edcf7,#8edcf7
0,{elevation}ft {formation},0,55,-80.39,square,1,0,100.0,100.0,#dfac7a,#dfac7a
0,{elevation}ft {formation},0,55,-78.64,square,1,0,100.0,100.0,#5a3d1f,#5a3d1f
0,{elevation}ft {formation},0,55,-71.65,square,1,0,100.0,100.0,#a8e2f7,#a8e2f7
0,{elevation}ft {formation},0,55,-69.9,square,1,0,100.0,100.0,#a8e2f7,#a8e2f7
0,{elevation}ft {formation},0,55,-68.16,square,1,0,100.0,100.0,#8edcf7,#8edcf7
0,{elevation}ft {formation},0,55,-20.97,square,1,0,100.0,100.0,#4f8356,#4f8356
0,{elevation}ft {formation},0,55,0.0,square,1,0,100.0,100.0,#8edcf7,#8edcf7
0,{elevation}ft {formation},0,55,50.68,square,1,0,100.0,100.0,#4f8356,#4f8356
0,{elevation}ft {formation},0,55,115.34,square,1,0,100.0,100.0,#dfac7a,#dfac7a
0,{elevation}ft {formation},0,55,117.09,square,1,0,100.0,100.0,#dfac7a,#dfac7a
0,{elevation}ft {formation},0,55,118.83,square,1,0,100.0,100.0,#dfac7a,#dfac7a
0,{elevation}ft {formation},0,55,122.33,square,1,0,100.0,100.0,#bfb5a6,#bfb5a6
0,{elevation}ft {formation},0,55,124.08,square,1,0,100.0,100.0,#bfb5a6,#bfb5a6
0,{elevation}ft {formation},0,55,134.56,square,1,0,100.0,100.0,#bfb5a6,#bfb5a6
0,{elevation}ft {formation},0,55,143.3,square,1,0,100.0,100.0,#8edcf7,#8edcf7
0,{elevation}ft {formation},0,56,-83.28,square,1,0,100.0,100.0,#dfac7a,#dfac7a
0,{elevation}ft {formation},0,56,-81.49,square,1,0,100.0,100.0,#dfac7a,#dfac7a
0,{elevation}ft {formation},0,56,-76.12,square,1,0,100.0,100.0,#a8e2f7,#a8e2f7
0,{elevation}ft {formation},0,56,-72.54,square,1,0,100.0,100.0,#a8e2f7,#a8e2f7
0,{elevation}ft {formation},0,56,-70.75,square,1,0,100.0,100.0,#a8e2f7,#a8e2f7
0,{elevation}ft {formation},0,56,-68.96,square,1,0,100.0,100.0,#a8e2f7,#a8e2f7
0,{elevation}ft {formation},0,56,-15.22,square,1,0,100.0,100.0,#4f8356,#4f8356
0,{elevation}ft {formation},0,56,49.25,square,1,0,100.0,100.0,#4f8356,#4f8356
0,{elevation}ft {formation},0,56,61.79,square,1,0,100.0,100.0,#4f8356,#4f8356
0,{elevation}ft {formation},0,56,65.37,square,1,0,100.0,100.0,#4f8356,#4f8356
0,{elevation}ft {formation},0,56,95.82,square,1,0,100.0,100.0,#89592a,#89592a
0,{elevation}ft {formation},0,56,117.31,square,1,0,100.0,100.0,#dfac7a,#dfac7a
0,{elevation}ft {formation},0,56,119.1,square,1,0,100.0,100.0,#dfac7a,#dfac7a
0,{elevation}ft {formation},0,56,120.9,square,1,0,100.0,100.0,#dfac7a,#dfac7a
0,{elevation}ft {formation},0,56,129.85,square,1,0,100.0,100.0,#a3e1f7,#a3e1f7
0,{elevation}ft {formation},0,56,131.64,square,1,0,100.0,100.0,#bfb5a6,#bfb5a6
0,{elevation}ft {formation},0,56,133.43,square,1,0,100.0,100.0,#bfb5a6,#bfb5a6
0,{elevation}ft {formation},0,57,-80.82,square,1,0,100.0,100.0,#89592a,#89592a
0,{elevation}ft {formation},0,57,-78.98,square,1,0,100.0,100.0,#89592a,#89592a
0,{elevation}ft {formation},0,57,-73.47,square,1,0,100.0,100.0,#a8e2f7,#a8e2f7
0,{elevation}ft {formation},0,57,-71.63,square,1,0,100.0,100.0,#a8e2f7,#a8e2f7
0,{elevation}ft {formation},0,57,-69.8,square,1,0,100.0,100.0,#a8e2f7,#a8e2f7
0,{elevation}ft {formation},0,57,-18.37,square,1,0,100.0,100.0,#4f8356,#4f8356
0,{elevation}ft {formation},0,57,-16.53,square,1,0,100.0,100.0,#a3e1f7,#a3e1f7
0,{elevation}ft {formation},0,57,73.47,square,1,0,100.0,100.0,#4f8356,#4f8356
0,{elevation}ft {formation},0,57,75.31,square,1,0,100.0,100.0,#4f8356,#4f8356
0,{elevation}ft {formation},0,57,101.02,square,1,0,100.0,100.0,#89592a,#89592a
0,{elevation}ft {formation},0,57,119.39,square,1,0,100.0,100.0,#dfac7a,#dfac7a
0,{elevation}ft {formation},0,57,121.22,square,1,0,100.0,100.0,#9db070,#9db070
0,{elevation}ft {formation},0,57,130.41,square,1,0,100.0,100.0,#a3e1f7,#a3e1f7
0,{elevation}ft {formation},0,58,-83.87,square,1,0,100.0,100.0,#bfb5a6,#bfb5a6
0,{elevation}ft {formation},0,58,-80.1,square,1,0,100.0,100.0,#89592a,#89592a
0,{elevation}ft {formation},0,58,-74.45,square,1,0,100.0,100.0,#a8e2f7,#a8e2f7
0,{elevation}ft {formation},0,58,-70.68,square,1,0,100.0,100.0,#a8e2f7,#a8e2f7
0,{elevation}ft {formation},0,58,70.68,square,1,0,100.0,100.0,#4f8356,#4f8356
0,{elevation}ft {formation},0,58,130.99,square,1,0,100.0,100.0,#a3e1f7,#a3e1f7
0,{elevation}ft {formation},0,58,136.65,square,1,0,100.0,100.0,#a3e1f7,#a3e1f7
0,{elevation}ft {formation},0,58,157.38,square,1,0,100.0,100.0,#a3e1f7,#a3e1f7
0,{elevation}ft {formation},0,59,-86.59,square,1,0,100.0,100.0,#9bdff7,#9bdff7
0,{elevation}ft {formation},0,59,-80.76,square,1,0,100.0,100.0,#89592a,#89592a
0,{elevation}ft {formation},0,59,-78.81,square,1,0,100.0,100.0,#89592a,#89592a
0,{elevation}ft {formation},0,59,-72.97,square,1,0,100.0,100.0,#a8e2f7,#a8e2f7
0,{elevation}ft {formation},0,59,-71.03,square,1,0,100.0,100.0,#a8e2f7,#a8e2f7
0,{elevation}ft {formation},0,59,47.68,square,1,0,100.0,100.0,#a3e1f7,#a3e1f7
0,{elevation}ft {formation},0,59,131.35,square,1,0,100.0,100.0,#a3e1f7,#a3e1f7
0,{elevation}ft {formation},0,59,135.24,square,1,0,100.0,100.0,#a3e1f7,#a3e1f7
0,{elevation}ft {formation},0,60,-84.0,square,1,0,100.0,100.0,#bfb5a6,#bfb5a6
0,{elevation}ft {formation},0,60,-72.0,square,1,0,100.0,100.0,#a8e2f7,#a8e2f7
0,{elevation}ft {formation},0,60,-70.0,square,1,0,100.0,100.0,#a3e1f7,#a3e1f7
0,{elevation}ft {formation},0,60,130.0,square,1,0,100.0,100.0,#a3e1f7,#a3e1f7
0,{elevation}ft {formation},0,60,136.0,square,1,0,100.0,100.0,#a3e1f7,#a3e1f7
0,{elevation}ft {formation},0,61,-87.43,square,1,0,100.0,100.0,#a3e1f7,#a3e1f7
0,{elevation}ft {formation},0,61,-81.26,square,1,0,100.0,100.0,#bfb5a6,#bfb5a6
0,{elevation}ft {formation},0,61,-73.03,square,1,0,100.0,100.0,#4f8356,#4f8356
0,{elevation}ft {formation},0,61,-70.97,square,1,0,100.0,100.0,#a3e1f7,#a3e1f7
0,{elevation}ft {formation},0,61,-68.91,square,1,0,100.0,100.0,#a8e2f7,#a8e2f7
0,{elevation}ft {formation},0,61,13.37,square,1,0,100.0,100.0,#8edcf7,#8edcf7
0,{elevation}ft {formation},0,61,68.91,square,1,0,100.0,100.0,#4f8356,#4f8356
0,{elevation}ft {formation},0,61,130.63,square,1,0,100.0,100.0,#4f8356,#4f8356
0,{elevation}ft {formation},0,61,132.69,square,1,0,100.0,100.0,#a3e1f7,#a3e1f7
0,{elevation}ft {formation},0,62,-82.01,square,1,0,100.0,100.0,#5a3d1f,#5a3d1f
0,{elevation}ft {formation},0,62,-79.88,square,1,0,100.0,100.0,#89592a,#89592a
0,{elevation}ft {formation},0,62,-71.36,square,1,0,100.0,100.0,#a8e2f7,#a8e2f7
0,{elevation}ft {formation},0,62,-69.23,square,1,0,100.0,100.0,#a3e1f7,#a3e1f7
0,{elevation}ft {formation},0,62,113.96,square,1,0,100.0,100.0,#4f8356,#4f8356
0,{elevation}ft {formation},0,63,-91.66,square,1,0,100.0,100.0,#bfb5a6,#bfb5a6
0,{elevation}ft {formation},0,63,-80.61,square,1,0,100.0,100.0,#89592a,#89592a
0,{elevation}ft {formation},0,63,-69.57,square,1,0,100.0,100.0,#a8e2f7,#a8e2f7
0,{elevation}ft {formation},0,63,-67.36,square,1,0,100.0,100.0,#a8e2f7,#a8e2f7
0,{elevation}ft {formation},0,64,-82.03,square,1,0,100.0,100.0,#89592a,#89592a
0,{elevation}ft {formation},0,64,-22.78,square,1,0,100.0,100.0,#4f8356,#4f8356
0,{elevation}ft {formation},0,65,-82.89,square,1,0,100.0,100.0,#5a3d1f,#5a3d1f
0,{elevation}ft {formation},0,65,-80.53,square,1,0,100.0,100.0,#5a3d1f,#5a3d1f
0,{elevation}ft {formation},0,65,-68.68,square,1,0,100.0,100.0,#a3e1f7,#a3e1f7
0,{elevation}ft {formation},0,65,-23.68,square,1,0,100.0,100.0,#4f8356,#4f8356
0,{elevation}ft {formation},0,66,-88.77,square,1,0,100.0,100.0,#89592a,#89592a
0,{elevation}ft {formation},0,66,-81.37,square,1,0,100.0,100.0,#5a3d1f,#5a3d1f
0,{elevation}ft {formation},0,66,-78.9,square,1,0,100.0,100.0,#bfb5a6,#bfb5a6
0,{elevation}ft {formation},0,66,-69.04,square,1,0,100.0,100.0,#a3e1f7,#a3e1f7
0,{elevation}ft {formation},0,66,-64.11,square,1,0,100.0,100.0,#4f8356,#4f8356
0,{elevation}ft {formation},0,66,0.0,square,1,0,100.0,100.0,#4f8356,#4f8356
0,{elevation}ft {formation},0,67,-103.4,square,1,0,100.0,100.0,#8edcf7,#8edcf7
0,{elevation}ft {formation},0,67,-85.53,square,1,0,100.0,100.0,#bfb5a6,#bfb5a6
0,{elevation}ft {formation},0,67,-70.21,square,1,0,100.0,100.0,#a3e1f7,#a3e1f7
0,{elevation}ft {formation},0,67,-67.66,square,1,0,100.0,100.0,#a3e1f7,#a3e1f7
0,{elevation}ft {formation},0,67,-24.26,square,1,0,100.0,100.0,#4f8356,#4f8356
0,{elevation}ft {formation},0,67,60.0,square,1,0,100.0,100.0,#4f8356,#4f8356
0,{elevation}ft {formation},0,68,-100.0,square,1,0,100.0,100.0,#8edcf7,#8edcf7
0,{elevation}ft {formation},0,68,-92.0,square,1,0,100.0,100.0,#89592a,#89592a
0,{elevation}ft {formation},0,68,-81.33,square,1,0,100.0,100.0,#89592a,#89592a
0,{elevation}ft {formation},0,68,-70.67,square,1,0,100.0,100.0,#a3e1f7,#a3e1f7
0,{elevation}ft {formation},0,68,-62.67,square,1,0,100.0,100.0,#4f8356,#4f8356
0,{elevation}ft {formation},0,68,-20.0,square,1,0,100.0,100.0,#a3e1f7,#a3e1f7
0,{elevation}ft {formation},0,68,54.67,square,1,0,100.0,100.0,#4f8356,#4f8356
0,{elevation}ft {formation},0,68,57.33,square,1,0,100.0,100.0,#4f8356,#4f8356
0,{elevation}ft {formation},0,68,60.0,square,1,0,100.0,100.0,#4f8356,#4f8356
0,{elevation}ft {formation},0,68,100.0,square,1,0,100.0,100.0,#4f8356,#4f8356
0,{elevation}ft {formation},0,69,-73.95,square,1,0,100.0,100.0,#a3e1f7,#a3e1f7
0,{elevation}ft {formation},0,69,-15.35,square,1,0,100.0,100.0,#4f8356,#4f8356
0,{elevation}ft {formation},0,69,104.65,square,1,0,100.0,100.0,#4f8356,#4f8356
0,{elevation}ft {formation},0,70,-100.98,square,1,0,100.0,100.0,#a3e1f7,#a3e1f7
0,{elevation}ft {formation},0,70,-98.05,square,1,0,100.0,100.0,#4f8356,#4f8356
0,{elevation}ft {formation},0,70,-86.34,square,1,0,100.0,100.0,#89592a,#89592a
0,{elevation}ft {formation},0,70,-21.95,square,1,0,100.0,100.0,#4f8356,#4f8356
0,{elevation}ft {formation},0,70,-19.02,square,1,0,100.0,100.0,#2b462f,#2b462f
0,{elevation}ft {formation},0,70,98.05,square,1,0,100.0,100.0,#4f8356,#4f8356
0,{elevation}ft {formation},0,70,100.98,square,1,0,100.0,100.0,#4f8356,#4f8356
0,{elevation}ft {formation},0,70,103.9,square,1,0,100.0,100.0,#4f8356,#4f8356
0,{elevation}ft {formation},0,71,-90.77,square,1,0,100.0,100.0,#89592a,#89592a
0,{elevation}ft {formation},0,71,-81.54,square,1,0,100.0,100.0,#4f8356,#4f8356
0,{elevation}ft {formation},0,71,-78.46,square,1,0,100.0,100.0,#a3e1f7,#a3e1f7
0,{elevation}ft {formation},0,71,-72.31,square,1,0,100.0,100.0,#8edcf7,#8edcf7
0,{elevation}ft {formation},0,71,-26.15,square,1,0,100.0,100.0,#a8e2f7,#a8e2f7
0,{elevation}ft {formation},0,71,103.08,square,1,0,100.0,100.0,#4f8356,#4f8356
0,{elevation}ft {formation},0,71,106.15,square,1,0,100.0,100.0,#4f8356,#4f8356
0,{elevation}ft {formation},0,71,109.23,square,1,0,100.0,100.0,#4f8356,#4f8356
0,{elevation}ft {formation},0,72,-76.22,square,1,0,100.0,100.0,#8edcf7,#8edcf7
0,{elevation}ft {formation},0,72,-69.73,square,1,0,100.0,100.0,#8edcf7,#8edcf7
0,{elevation}ft {formation},0,72,98.92,square,1,0,100.0,100.0,#4f8356,#4f8356
0,{elevation}ft {formation},0,73,25.71,square,1,0,100.0,100.0,#a3e1f7,#a3e1f7
0,{elevation}ft {formation},0,73,70.29,square,1,0,100.0,100.0,#4f8356,#4f8356
0,{elevation}ft {formation},0,74,-107.27,square,1,0,100.0,100.0,#89592a,#89592a
0,{elevation}ft {formation},0,74,-85.45,square,1,0,100.0,100.0,#89592a,#89592a
0,{elevation}ft {formation},0,74,78.18,square,1,0,100.0,100.0,#4f8356,#4f8356
0,{elevation}ft {formation},0,74,100.0,square,1,0,100.0,100.0,#4f8356,#4f8356
0,{elevation}ft {formation},0,74,136.36,square,1,0,100.0,100.0,#4f8356,#4f8356
0,{elevation}ft {formation},0,75,-125.81,square,1,0,100.0,100.0,#89592a,#89592a
0,{elevation}ft {formation},0,75,-94.84,square,1,0,100.0,100.0,#89592a,#89592a
0,{elevation}ft {formation},0,75,-90.97,square,1,0,100.0,100.0,#89592a,#89592a
0,{elevation}ft {formation},0,75,-87.1,square,1,0,100.0,100.0,#a8e2f7,#a8e2f7
0,{elevation}ft {formation},0,75,71.61,square,1,0,100.0,100.0,#4f8356,#4f8356
0,{elevation}ft {formation},0,75,180.0,square,1,0,100.0,100.0,#89592a,#89592a
0,{elevation}ft {formation},0,76,-180.0,square,1,0,100.0,100.0,#a3e1f7,#a3e1f7
0,{elevation}ft {formation},0,76,-101.38,square,1,0,100.0,100.0,#89592a,#89592a
0,{elevation}ft {formation},0,76,-88.97,square,1,0,100.0,100.0,#4f8356,#4f8356
0,{elevation}ft {formation},0,76,-84.83,square,1,0,100.0,100.0,#a8e2f7,#a8e2f7
0,{elevation}ft {formation},0,76,31.03,square,1,0,100.0,100.0,#4f8356,#4f8356
0,{elevation}ft {formation},0,76,68.28,square,1,0,100.0,100.0,#4f8356,#4f8356
0,{elevation}ft {formation},0,77,-86.67,square,1,0,100.0,100.0,#a8e2f7,#a8e2f7
0,{elevation}ft {formation},0,77,140.0,square,1,0,100.0,100.0,#4f8356,#4f8356
0,{elevation}ft {formation},0,78,-132.0,square,1,0,100.0,100.0,#a3e1f7,#a3e1f7
0,{elevation}ft {formation},0,78,-122.4,square,1,0,100.0,100.0,#a3e1f7,#a3e1f7
0,{elevation}ft {formation},0,78,-117.6,square,1,0,100.0,100.0,#a3e1f7,#a3e1f7
0,{elevation}ft {formation},0,78,-103.2,square,1,0,100.0,100.0,#a8e2f7,#a8e2f7
0,{elevation}ft {formation},0,78,-93.6,square,1,0,100.0,100.0,#4f8356,#4f8356
0,{elevation}ft {formation},0,78,-84.0,square,1,0,100.0,100.0,#a8e2f7,#a8e2f7
0,{elevation}ft {formation},0,79,-106.96,square,1,0,100.0,100.0,#a3e1f7,#a3e1f7
0,{elevation}ft {formation},0,80,-151.43,square,1,0,100.0,100.0,#89592a,#89592a
0,{elevation}ft {formation},0,80,-145.71,square,1,0,100.0,100.0,#a3e1f7,#a3e1f7
0,{elevation}ft {formation},0,80,-134.29,square,1,0,100.0,100.0,#89592a,#89592a
0,{elevation}ft {formation},0,80,-117.14,square,1,0,100.0,100.0,#a3e1f7,#a3e1f7
0,{elevation}ft {formation},0,83,-155.45,square,1,0,100.0,100.0,#89592a,#89592a
