URN,label,PlateID,PoleLatitude,PoleLongitude,Symbol,Size,azimuth,Told,Tyoung,liine,fill
15801,15801 1695,1695,85,-177,circle,1.9725,0,16,-4,black,byPlateId
15802,15802 676,676,86,-30,circle,1.907,0,13,-7,black,byPlateId
15803,15803 615,615,85,-53,circle,2.3,0,10,-10,black,byPlateId
15804,15804 1046,1046,84,-39,circle,1.252,0,10,-10,black,byPlateId
15805,15805 611,611,81,-30,circle,1.907,0,10,-10,black,byPlateId
15806,15806 619,619,79,-43,circle,0.55,0,10,-10,black,byPlateId
15807,15807 1042,1042,83,-15,circle,2.038,0,10,-10,black,byPlateId
15808,15808 1600,1600,83,-33,circle,1.9725,0,10,-10,black,byPlateId
15809,15809 611,611,77,-167,circle,1.383,0,20,0,black,byPlateId
15810,15810 512,512,77,174,circle,1.645,0,20,0,black,byPlateId
15811,15811 715,715,86,152,circle,2.1035,0,10,-10,black,byPlateId
15812,15812 605,605,82,-104,circle,1.776,0,20,0,black,byPlateId
15813,15813 329,329,76,148,circle,1.7105,0,19,-1,black,byPlateId
15814,15814 329,329,82,141,circle,1.9725,0,16,-4,black,byPlateId
15815,15815 5012,5012,81,-156,circle,1.8415,0,10,-10,black,byPlateId
15816,15816 615,615,86,-47,circle,1.9725,0,10,-10,black,byPlateId
15817,15817 8011,8011,63,36,circle,1.3175,0,18,-2,black,byPlateId
15818,15818 8011,8011,34,55,circle,2.3,0,10,-10,black,byPlateId
15819,15819 323,323,50,98,circle,1.8415,0,10,-10,black,byPlateId
15820,15820 308,308,88,-40,circle,1.776,0,19,-1,black,byPlateId
15821,15821 308,308,75,132,circle,1.252,0,10,-10,black,byPlateId
15822,15822 308,308,77,70,circle,1.645,0,10,-10,black,byPlateId
15823,15823 330,330,82,-156,circle,1.8415,0,10,-10,black,byPlateId
15824,15824 507,507,78,-130,circle,1.776,0,10,-10,black,byPlateId
15825,15825 305,305,88,-149,circle,1.907,0,10,-10,black,byPlateId
15826,15826 323,323,86,-21,circle,1.9725,0,13,-7,black,byPlateId
15827,15827 323,323,84,-99,circle,1.9725,0,20,0,black,byPlateId
15828,15828 679,679,48,49,circle,1.514,0,10,-10,black,byPlateId
15829,15829 301,301,84,-142,circle,2.038,0,10,-10,black,byPlateId
15830,15830 308,308,87,-162,circle,2.1035,0,26,6,black,byPlateId
15831,15831 305,305,87,-13,circle,2.3,0,20,0,black,byPlateId
15832,15832 615,615,86,171,circle,1.9725,0,20,0,black,byPlateId
15833,15833 615,615,66,-170,circle,1.8415,0,27,7,black,byPlateId
15834,15834 1616,1616,71,-167,circle,1.9725,0,22,2,black,byPlateId
15835,15835 1600,1600,83,-31,circle,2.038,0,10,-10,black,byPlateId
15836,15836 503,503,83,-13,circle,1.4485,0,20,0,black,byPlateId
15837,15837 1684,1684,85,26,circle,1.1865,0,10,-10,black,byPlateId
15838,15838 1618,1618,75,-122,circle,1.5795,0,20,0,black,byPlateId
15839,15839 1018,1018,82,-111,circle,1.776,0,25,5,black,byPlateId
15840,15840 1018,1018,82,-115,circle,1.645,0,26,6,black,byPlateId
15841,15841 1680,1680,40,28,circle,1.121,0,20,0,black,byPlateId
15842,15842 1669,1669,89,13,circle,1.8415,0,10,-10,black,byPlateId
15843,15843 323,323,82,-159,circle,1.7105,0,23,3,black,byPlateId
15844,15844 308,308,68,143,circle,1.645,0,10,-10,black,byPlateId
15845,15845 308,308,71,134,circle,1.121,0,10,-10,black,byPlateId
15846,15846 330,330,82,-158,circle,1.776,0,10,-10,black,byPlateId
15847,15847 1061,1061,16,34,circle,2.038,0,20,0,black,byPlateId
15848,15848 3291,3291,48,115,circle,1.8415,0,25,5,black,byPlateId
15849,15849 3453,3453,84,-162,circle,1.9725,0,10,-10,black,byPlateId
15850,15850 1661,1661,85,-88,circle,1.514,0,12,-8,black,byPlateId
15851,15851 1600,1600,74,-149,circle,1.8415,0,18,-2,black,byPlateId
15852,15852 1663,1663,84,-1,circle,1.776,0,10,-10,black,byPlateId
15853,15853 330,330,81,-135,circle,1.9725,0,13,-7,black,byPlateId
15854,15854 323,323,79,-115,circle,1.645,0,29,9,black,byPlateId
15855,15855 309,309,75,-125,circle,2.038,0,10,-10,black,byPlateId
15856,15856 605,605,43,161,circle,1.1865,0,36,16,black,byPlateId
15857,15857 1658,1658,75,-68,circle,1.8415,0,12,-8,black,byPlateId
15858,15858 3452,3452,73,144,circle,2.3,0,10,-10,black,byPlateId
15859,15859 510,510,63,-66,circle,1.7105,0,10,-10,black,byPlateId
15860,15860 1804,1804,83,-152,circle,1.1865,0,10,-10,black,byPlateId
15861,15861 675,675,6,-128,circle,0.335,0,10,-10,black,byPlateId
15862,15862 512,512,60,170,circle,1.252,0,39,19,black,byPlateId
15863,15863 5012,5012,73,-164,circle,1.8415,0,10,-10,black,byPlateId
15864,15864 1803,1803,10,-141,circle,0.6625,0,10,-10,black,byPlateId
15865,15865 8011,8011,55,-140,circle,2.3,0,10,-10,black,byPlateId
15866,15866 1658,1658,81,-172,circle,1.9725,0,29,9,black,byPlateId
15867,15867 1658,1658,82,-66,circle,1.4485,0,12,-8,black,byPlateId
15868,15868 1658,1658,80,-67,circle,1.252,0,12,-8,black,byPlateId
15869,15869 508,508,26,-50,circle,2.3,0,38,18,black,byPlateId
15870,15870 1018,1018,88,-129,circle,1.252,0,16,-4,black,byPlateId
15871,15871 1042,1042,40,-142,circle,2.3,0,28,8,black,byPlateId
15872,15872 611,611,75,41,circle,1.5795,0,10,-10,black,byPlateId
15873,15873 3412,3412,65,136,circle,1.776,0,30,10,black,byPlateId
15874,15874 5031,5031,76,99,circle,2.169,0,10,-10,black,byPlateId
15875,15875 604,604,76,178,circle,1.907,0,32,12,black,byPlateId
15876,15876 3412,3412,83,164,circle,2.038,0,34,14,black,byPlateId
15877,15877 510,510,78,146,circle,1.3175,0,32,12,black,byPlateId
15878,15878 3454,3454,65,-74,circle,1.5795,0,25,5,black,byPlateId
15879,15879 510,510,80,176,circle,1.8415,0,33,13,black,byPlateId
15880,15880 510,510,65,152,circle,0.99,0,32,12,black,byPlateId
15881,15881 510,510,48,101,circle,0.9245,0,33,13,black,byPlateId
15882,15882 1600,1600,69,32,circle,1.8415,0,12,-8,black,byPlateId
15883,15883 1618,1618,33,18,circle,1.4485,0,12,-8,black,byPlateId
15884,15884 1662,1662,33,29,circle,1.121,0,12,-8,black,byPlateId
15885,15885 1669,1669,67,-153,circle,0.9245,0,22,2,black,byPlateId
15886,15886 1623,1623,66,-145,circle,1.776,0,23,3,black,byPlateId
15887,15887 306,306,70,-120,circle,1.7105,0,35,15,black,byPlateId
15888,15888 306,306,33,-68,circle,2.1035,0,35,15,black,byPlateId
15889,15889 512,512,76,-49,circle,1.514,0,20,0,black,byPlateId
15890,15890 358,358,81,-171,circle,2.3,0,17,-3,black,byPlateId
15891,15891 307,307,69,-89,circle,1.8415,0,39,19,black,byPlateId
15892,15892 3412,3412,50,112,circle,1.252,0,36,16,black,byPlateId
15893,15893 1618,1618,72,24,circle,2.3,0,15,-5,black,byPlateId
15894,15894 656,656,35,-132,circle,1.1865,0,36,16,black,byPlateId
15895,15895 305,305,79,124,circle,1.9725,0,50,30,black,byPlateId
15896,15896 604,604,89,29,circle,1.776,0,20,0,black,byPlateId
15897,15897 1018,1018,88,10,circle,2.038,0,10,-10,black,byPlateId
15898,15898 1018,1018,85,-119,circle,1.9725,0,22,2,black,byPlateId
15899,15899 7161,7161,81,168,circle,1.907,0,43,23,black,byPlateId
15900,15900 7161,7161,87,-106,circle,1.5795,0,36,16,black,byPlateId
15901,15901 708,708,76,135,circle,1.7105,0,10,-10,black,byPlateId
15902,15902 5031,5031,75,-140,circle,1.907,0,39,19,black,byPlateId
15903,15903 512,512,64,-57,circle,1.1865,0,30,10,black,byPlateId
15904,15904 358,358,65,-100,circle,1.121,0,38,18,black,byPlateId
15905,15905 334,334,67,-91,circle,2.038,0,38,18,black,byPlateId
15906,15906 5011,5011,70,-145,circle,1.776,0,10,-10,black,byPlateId
15907,15907 5012,5012,52,-145,circle,1.1865,0,10,-10,black,byPlateId
15908,15908 1018,1018,89,24,circle,1.645,0,15,-5,black,byPlateId
15909,15909 1018,1018,69,25,circle,1.3175,0,15,-5,black,byPlateId
15910,15910 1663,1663,70,-151,circle,1.776,0,21,1,black,byPlateId
15911,15911 358,358,56,-81,circle,1.1865,0,42,22,black,byPlateId
15912,15912 309,309,40,180,circle,2.3,0,57,37,black,byPlateId
15913,15913 331,331,69,-39,circle,1.7105,0,19,-1,black,byPlateId
15914,15914 1018,1018,88,10,circle,2.038,0,10,-10,black,byPlateId
15915,15915 1018,1018,47,39,circle,1.7105,0,10,-10,black,byPlateId
15916,15916 307,307,67,-100,circle,1.8415,0,43,23,black,byPlateId
15917,15917 510,510,56,-72,circle,1.3175,0,22,2,black,byPlateId
15918,15918 1618,1618,36,16,circle,1.514,0,10,-10,black,byPlateId
15919,15919 358,358,64,-90,circle,2.169,0,39,19,black,byPlateId
15920,15920 358,358,62,-103,circle,1.645,0,38,18,black,byPlateId
15921,15921 307,307,49,-101,circle,1.907,0,43,23,black,byPlateId
15922,15922 307,307,71,-96,circle,2.1035,0,43,23,black,byPlateId
15923,15923 715,715,68,102,circle,1.645,0,23,3,black,byPlateId
15924,15924 374,374,68,123,circle,1.907,0,10,-10,black,byPlateId
15925,15925 358,358,54,-97,circle,1.5795,0,41,21,black,byPlateId
15926,15926 1693,1693,56,-170,circle,1.514,0,49,29,black,byPlateId
15927,15927 656,656,23,-135,circle,0.859,0,40,20,black,byPlateId
15928,15928 336,336,65,131,circle,1.645,0,43,23,black,byPlateId
15929,15929 336,336,76,180,circle,1.776,0,47,27,black,byPlateId
15930,15930 512,512,45,119,circle,1.645,0,45,25,black,byPlateId
15931,15931 1618,1618,-33,30,circle,1.907,0,48,28,black,byPlateId
15932,15932 307,307,70,134,circle,1.907,0,23,3,black,byPlateId
15933,15933 307,307,65,-113,circle,2.1035,0,49,29,black,byPlateId
15934,15934 308,308,38,113,circle,1.9725,0,23,3,black,byPlateId
15935,15935 6111,6111,74,37,circle,1.776,0,10,-10,black,byPlateId
15936,15936 613,613,77,-138,circle,1.776,0,40,20,black,byPlateId
15937,15937 613,613,75,179,circle,1.776,0,15,-5,black,byPlateId
15938,15938 1600,1600,44,20,circle,0.55,0,50,30,black,byPlateId
15939,15939 307,307,61,-125,circle,1.645,0,46,26,black,byPlateId
15940,15940 811,811,77,-133,circle,2.1035,0,71,51,black,byPlateId
15941,15941 5012,5012,70,-81,circle,0.99,0,46,26,black,byPlateId
15942,15942 1680,1680,75,-96,circle,1.252,0,32,12,black,byPlateId
15943,15943 304,304,69,159,circle,2.3,0,51,31,black,byPlateId
15944,15944 304,304,65,121,circle,2.3,0,43,23,black,byPlateId
15945,15945 619,619,84,130,circle,1.645,0,14,-6,black,byPlateId
15946,15946 656,656,-12,-129,circle,0.55,0,52,32,black,byPlateId
15947,15947 8011,8011,42,-140,circle,2.3,0,10,-10,black,byPlateId
15948,15948 379,379,50,139,circle,1.7105,0,30,10,black,byPlateId
15949,15949 1042,1042,-8,-151,circle,0.55,0,68,48,black,byPlateId
15950,15950 1042,1042,63,-173,circle,0.55,0,19,-1,black,byPlateId
15951,15951 307,307,65,-105,circle,1.907,0,56,36,black,byPlateId
15952,15952 1663,1663,19,-154,circle,1.514,0,51,31,black,byPlateId
15953,15953 656,656,22,-144,circle,0.55,0,41,21,black,byPlateId
15954,15954 1618,1618,-6,35,circle,2.3,0,50,30,black,byPlateId
15955,15955 101,101,86,118,circle,2.169,0,40,20,black,byPlateId
15956,15956 1618,1618,20,34,circle,1.3175,0,50,30,black,byPlateId
15957,15957 379,379,49,144,circle,1.252,0,50,30,black,byPlateId
15958,15958 506,506,72,-141,circle,1.5795,0,24,4,black,byPlateId
15959,15959 1047,1047,45,37,circle,0.466,0,18,-2,black,byPlateId
15960,15960 101,101,81,-149,circle,1.4485,0,65,45,black,byPlateId
15961,15961 307,307,78,164,circle,1.907,0,38,18,black,byPlateId
15962,15962 512,512,34,141,circle,1.907,0,57,37,black,byPlateId
15963,15963 712,712,76,-164,circle,1.645,0,71,51,black,byPlateId
15964,15964 715,715,86,152,circle,2.1035,0,31,11,black,byPlateId
15965,15965 715,715,84,139,circle,1.907,0,34,14,black,byPlateId
15966,15966 101,101,84,144,circle,1.776,0,46,26,black,byPlateId
15967,15967 1618,1618,0,34,circle,0.55,0,50,30,black,byPlateId
15968,15968 1853,1853,63,-43,circle,2.038,0,54,34,black,byPlateId
15969,15969 1852,1852,62,-43,circle,1.7105,0,54,34,black,byPlateId
15970,15970 5011,5011,35,-135,circle,2.038,0,62,42,black,byPlateId
15971,15971 307,307,64,-147,circle,1.776,0,64,44,black,byPlateId
15972,15972 3453,3453,58,-78,circle,1.7105,0,83,63,black,byPlateId
15973,15973 101,101,88,46,circle,1.7105,0,39,19,black,byPlateId
15974,15974 101,101,86,-116,circle,1.645,0,39,19,black,byPlateId
15975,15975 101,101,79,146,circle,1.645,0,56,36,black,byPlateId
15976,15976 313,313,74,-163,circle,2.038,0,70,50,black,byPlateId
15977,15977 1853,1853,36,-65,circle,2.1035,0,60,40,black,byPlateId
15978,15978 1853,1853,54,-87,circle,2.038,0,60,40,black,byPlateId
15979,15979 133,133,19,-135,circle,1.907,0,61,41,black,byPlateId
15980,15980 1693,1693,82,-177,circle,1.907,0,28,8,black,byPlateId
15981,15981 1618,1618,-32,45,circle,1.7105,0,40,20,black,byPlateId
15982,15982 1618,1618,10,28,circle,1.514,0,50,30,black,byPlateId
15983,15983 1618,1618,23,19,circle,1.5795,0,50,30,black,byPlateId
15984,15984 611,611,84,-34,circle,2.3,0,30,10,black,byPlateId
15985,15985 5012,5012,59,-161,circle,1.645,0,24,4,black,byPlateId
15986,15986 101,101,84,177,circle,1.776,0,53,33,black,byPlateId
15987,15987 5012,5012,62,-132,circle,1.645,0,42,22,black,byPlateId
15988,15988 1018,1018,53,25,circle,1.383,0,34,14,black,byPlateId
15989,15989 715,715,69,-172,circle,1.907,0,71,51,black,byPlateId
15990,15990 306,306,63,-103,circle,2.038,0,41,21,black,byPlateId
15991,15991 307,307,75,-146,circle,2.3,0,60,40,black,byPlateId
15992,15992 323,323,71,-141,circle,2.169,0,62,42,black,byPlateId
15993,15993 307,307,54,-100,circle,2.169,0,71,51,black,byPlateId
15994,15994 372,372,-18,64,circle,1.9725,0,34,14,black,byPlateId
15995,15995 308,308,15,92,circle,1.4485,0,34,14,black,byPlateId
15996,15996 504,504,65,-66,circle,1.907,0,71,51,black,byPlateId
15997,15997 510,510,-8,6,circle,1.252,0,71,51,black,byPlateId
15998,15998 504,504,64,-114,circle,0.4005,0,71,51,black,byPlateId
15999,15999 511,511,42,139,circle,1.121,0,71,51,black,byPlateId
16000,16000 613,613,63,-110,circle,2.038,0,60,40,black,byPlateId
16001,16001 613,613,65,-92,circle,1.7105,0,60,40,black,byPlateId
16002,16002 501,501,43,-79,circle,0.7935,0,75,55,black,byPlateId
16003,16003 133,133,66,-121,circle,1.907,0,79,59,black,byPlateId
16004,16004 101,101,68,-171,circle,1.383,0,79,59,black,byPlateId
16005,16005 1853,1853,66,-82,circle,2.169,0,62,42,black,byPlateId
16006,16006 304,304,70,113,circle,1.907,0,43,23,black,byPlateId
16007,16007 315,315,83,155,circle,2.038,0,66,46,black,byPlateId
16008,16008 2011,2011,59,54,circle,1.907,0,44,24,black,byPlateId
16009,16009 101,101,82,170,circle,2.038,0,57,37,black,byPlateId
16010,16010 133,133,77,146,circle,2.038,0,58,38,black,byPlateId
16011,16011 315,315,77,-149,circle,1.7105,0,73,53,black,byPlateId
16012,16012 811,811,79,-132,circle,1.9725,0,71,51,black,byPlateId
16013,16013 307,307,63,-96,circle,2.1035,0,76,56,black,byPlateId
16014,16014 5011,5011,57,-151,circle,1.7105,0,42,22,black,byPlateId
16015,16015 303,303,82,162,circle,2.169,0,67,47,black,byPlateId
16016,16016 313,313,69,165,circle,1.252,0,71,51,black,byPlateId
16017,16017 304,304,50,-144,circle,2.169,0,92,72,black,byPlateId
16018,16018 331,331,77,-135,circle,1.645,0,44,24,black,byPlateId
16019,16019 801,801,70,-54,circle,2.038,0,48,28,black,byPlateId
16020,16020 303,303,74,140,circle,1.645,0,67,47,black,byPlateId
16021,16021 307,307,64,-105,circle,1.9725,0,73,53,black,byPlateId
16022,16022 301,301,68,165,circle,2.1035,0,75,55,black,byPlateId
16023,16023 301,301,79,147,circle,1.7105,0,67,47,black,byPlateId
16024,16024 305,305,80,143,circle,1.383,0,66,46,black,byPlateId
16025,16025 102,102,63,-175,circle,1.7105,0,73,53,black,byPlateId
16026,16026 5011,5011,55,-56,circle,1.3175,0,62,42,black,byPlateId
16027,16027 304,304,50,-145,circle,1.8415,0,87,67,black,byPlateId
16028,16028 308,308,58,-103,circle,2.3,0,81,61,black,byPlateId
16029,16029 308,308,48,116,circle,2.038,0,34,14,black,byPlateId
16030,16030 512,512,62,-49,circle,1.8415,0,34,14,black,byPlateId
16031,16031 515,515,12,-9,circle,1.121,0,75,55,black,byPlateId
16032,16032 512,512,51,129,circle,1.252,0,60,40,black,byPlateId
16033,16033 5011,5011,31,-41,circle,1.7105,0,69,49,black,byPlateId
16034,16034 811,811,61,-117,circle,1.9725,0,76,56,black,byPlateId
16035,16035 303,303,75,-62,circle,1.645,0,46,26,black,byPlateId
16036,16036 324,324,77,161,circle,2.169,0,73,53,black,byPlateId
16037,16037 301,301,62,-178,circle,2.169,0,73,53,black,byPlateId
16038,16038 102,102,63,174,circle,1.3175,0,73,53,black,byPlateId
16039,16039 102,102,70,-179,circle,2.038,0,73,53,black,byPlateId
16040,16040 5012,5012,57,-81,circle,1.8415,0,64,44,black,byPlateId
16041,16041 613,613,36,-31,circle,0.5315,0,60,40,black,byPlateId
16042,16042 613,613,56,-108,circle,1.514,0,73,53,black,byPlateId
16043,16043 102,102,61,165,circle,2.038,0,71,51,black,byPlateId
16044,16044 102,102,63,180,circle,1.907,0,73,53,black,byPlateId
16045,16045 102,102,68,178,circle,2.038,0,73,53,black,byPlateId
16046,16046 102,102,56,-177,circle,1.907,0,73,53,black,byPlateId
16047,16047 313,313,82,180,circle,2.2345,0,73,53,black,byPlateId
16048,16048 101,101,76,86,circle,1.907,0,50,30,black,byPlateId
16049,16049 303,303,88,103,circle,1.8415,0,51,31,black,byPlateId
16050,16050 303,303,76,174,circle,1.8415,0,75,55,black,byPlateId
16051,16051 5012,5012,51,-52,circle,1.645,0,64,44,black,byPlateId
16052,16052 303,303,72,165,circle,2.1035,0,75,55,black,byPlateId
16053,16053 1853,1853,41,-50,circle,1.9725,0,72,52,black,byPlateId
16054,16054 5011,5011,54,-107,circle,0.859,0,66,46,black,byPlateId
16055,16055 5012,5012,61,-107,circle,1.8415,0,60,40,black,byPlateId
16056,16056 5012,5012,55,-159,circle,2.038,0,47,27,black,byPlateId
16057,16057 315,315,75,-120,circle,2.038,0,79,59,black,byPlateId
16058,16058 303,303,76,160,circle,1.9725,0,75,55,black,byPlateId
16059,16059 101,101,83,-55,circle,1.907,0,54,34,black,byPlateId
16060,16060 101,101,69,133,circle,1.121,0,58,38,black,byPlateId
16061,16061 303,303,77,173,circle,1.7105,0,73,53,black,byPlateId
16062,16062 303,303,77,175,circle,2.1035,0,75,55,black,byPlateId
16063,16063 505,505,79,-25,circle,1.8415,0,54,34,black,byPlateId
16064,16064 501,501,37,-75,circle,2.169,0,75,55,black,byPlateId
16065,16065 303,303,78,-173,circle,2.1035,0,75,55,black,byPlateId
16066,16066 801,801,73,-55,circle,2.3,0,39,19,black,byPlateId
16067,16067 101,101,81,64,circle,1.5795,0,51,31,black,byPlateId
16068,16068 505,505,75,2,circle,1.907,0,53,33,black,byPlateId
16069,16069 313,313,72,168,circle,2.1035,0,75,55,black,byPlateId
16070,16070 1820,1820,60,-61,circle,2.038,0,85,65,black,byPlateId
16071,16071 5012,5012,33,-69,circle,1.8415,0,82,62,black,byPlateId
16072,16072 101,101,72,-177,circle,1.8415,0,76,56,black,byPlateId
16073,16073 331,331,52,-78,circle,1.121,0,90,70,black,byPlateId
16074,16074 106,106,62,-145,circle,0.2695,0,81,61,black,byPlateId
16075,16075 101,101,81,-175,circle,1.907,0,62,42,black,byPlateId
16076,16076 133,133,76,148,circle,2.1035,0,58,38,black,byPlateId
16077,16077 202,202,77,-162,circle,1.907,0,81,61,black,byPlateId
16078,16078 5011,5011,53,-61,circle,0.859,0,65,45,black,byPlateId
16079,16079 5012,5012,39,-74,circle,1.9725,0,77,57,black,byPlateId
16080,16080 307,307,51,-98,circle,1.7105,0,81,61,black,byPlateId
16081,16081 307,307,56,-101,circle,1.907,0,81,61,black,byPlateId
16082,16082 5012,5012,71,-61,circle,1.5795,0,44,24,black,byPlateId
16083,16083 5012,5012,69,-90,circle,0.2695,0,46,26,black,byPlateId
16084,16084 102,102,55,-151,circle,1.5795,0,83,63,black,byPlateId
16085,16085 323,323,71,-151,circle,1.8415,0,79,59,black,byPlateId
16086,16086 323,323,47,109,circle,0.7935,0,23,3,black,byPlateId
16087,16087 372,372,9,77,circle,0.99,0,110,90,black,byPlateId
16088,16088 372,372,6,79,circle,2.3,0,110,90,black,byPlateId
16089,16089 323,323,35,98,circle,1.4485,0,23,3,black,byPlateId
16090,16090 323,323,-11,65,circle,1.645,0,115,95,black,byPlateId
16091,16091 511,511,78,-87,circle,2.3,0,85,65,black,byPlateId
16092,16092 102,102,73,140,circle,1.776,0,110,90,black,byPlateId
16093,16093 501,501,40,-84,circle,1.8415,0,77,57,black,byPlateId
16094,16094 501,501,39,-77,circle,2.1035,0,77,57,black,byPlateId
16095,16095 101,101,82,-179,circle,1.9725,0,58,38,black,byPlateId
16096,16096 7151,7151,82,-135,circle,1.7105,0,58,38,black,byPlateId
16097,16097 510,510,65,-166,circle,0.204,0,81,61,black,byPlateId
16098,16098 331,331,52,-97,circle,1.3175,0,82,62,black,byPlateId
16099,16099 331,331,63,-90,circle,1.4485,0,72,52,black,byPlateId
16100,16100 5012,5012,32,-78,circle,1.645,0,83,63,black,byPlateId
16101,16101 134,134,77,-159,circle,2.2345,0,80,60,black,byPlateId
16102,16102 380,380,29,-62,circle,1.1865,0,85,65,black,byPlateId
16103,16103 501,501,33,-85,circle,1.9725,0,79,59,black,byPlateId
16104,16104 304,304,69,-132,circle,2.169,0,83,63,black,byPlateId
16105,16105 511,511,70,-99,circle,2.038,0,85,65,black,byPlateId
16106,16106 501,501,37,-79,circle,2.169,0,79,59,black,byPlateId
16107,16107 501,501,28,-71,circle,1.776,0,84,64,black,byPlateId
16108,16108 304,304,77,122,circle,1.776,0,64,44,black,byPlateId
16109,16109 1018,1018,48,-138,circle,1.7105,0,85,65,black,byPlateId
16110,16110 291,291,84,-115,circle,1.514,0,85,65,black,byPlateId
16111,16111 304,304,36,100,circle,2.038,0,66,46,black,byPlateId
16112,16112 304,304,81,159,circle,1.9725,0,66,46,black,byPlateId
16113,16113 5031,5031,63,-129,circle,1.4485,0,85,65,black,byPlateId
16114,16114 714,714,68,-136,circle,2.3,0,104,84,black,byPlateId
16115,16115 7013,7013,85,-117,circle,2.3,0,61,41,black,byPlateId
16116,16116 291,291,74,-115,circle,1.9725,0,85,65,black,byPlateId
16117,16117 307,307,51,-90,circle,1.907,0,109,89,black,byPlateId
16118,16118 1821,1821,70,-39,circle,1.9725,0,67,47,black,byPlateId
16119,16119 313,313,71,126,circle,1.645,0,66,46,black,byPlateId
16120,16120 313,313,70,163,circle,1.9725,0,93,73,black,byPlateId
16121,16121 102,102,62,-169,circle,1.907,0,85,65,black,byPlateId
16122,16122 102,102,72,-154,circle,1.8415,0,85,65,black,byPlateId
16123,16123 5011,5011,28,-65,circle,0.5315,0,86,66,black,byPlateId
16124,16124 307,307,48,-91,circle,1.645,0,86,66,black,byPlateId
16125,16125 307,307,44,-83,circle,1.776,0,86,66,black,byPlateId
16126,16126 307,307,68,-144,circle,1.5795,0,75,55,black,byPlateId
16127,16127 291,291,79,178,circle,1.907,0,89,69,black,byPlateId
16128,16128 702,702,64,-117,circle,1.776,0,87,67,black,byPlateId
16129,16129 304,304,77,163,circle,1.9725,0,68,48,black,byPlateId
16130,16130 304,304,73,166,circle,1.8415,0,68,48,black,byPlateId
16131,16131 134,134,74,176,circle,1.907,0,87,67,black,byPlateId
16132,16132 702,702,66,-144,circle,2.038,0,86,66,black,byPlateId
16133,16133 304,304,52,91,circle,1.7105,0,59,39,black,byPlateId
16134,16134 513,513,74,-167,circle,2.1035,0,91,71,black,byPlateId
16135,16135 715,715,56,-82,circle,1.5795,0,85,65,black,byPlateId
16136,16136 304,304,73,-163,circle,2.1035,0,87,67,black,byPlateId
16137,16137 305,305,73,156,circle,1.776,0,99,79,black,byPlateId
16138,16138 132,132,73,-111,circle,1.8415,0,85,65,black,byPlateId
16139,16139 1018,1018,52,117,circle,1.8415,0,71,51,black,byPlateId
16140,16140 702,702,60,-148,circle,2.1035,0,96,76,black,byPlateId
16141,16141 133,133,69,-171,circle,1.9725,0,90,70,black,byPlateId
16142,16142 811,811,85,12,circle,1.7105,0,124,104,black,byPlateId
16143,16143 5011,5011,4,-70,circle,2.1035,0,99,79,black,byPlateId
16144,16144 307,307,62,-96,circle,1.776,0,99,79,black,byPlateId
16145,16145 2011,2011,81,53,circle,1.5795,0,101,81,black,byPlateId
16146,16146 611,611,81,-63,circle,1.7105,0,53,33,black,byPlateId
16147,16147 323,323,63,-131,circle,1.8415,0,100,80,black,byPlateId
16148,16148 323,323,62,-137,circle,1.8415,0,100,80,black,byPlateId
16149,16149 323,323,64,-124,circle,1.645,0,100,80,black,byPlateId
16150,16150 133,133,65,-162,circle,1.4485,0,89,69,black,byPlateId
16151,16151 323,323,69,-148,circle,1.8415,0,100,80,black,byPlateId
16152,16152 101,101,70,-152,circle,1.7105,0,85,65,black,byPlateId
16153,16153 7151,7151,63,-108,circle,2.1035,0,110,90,black,byPlateId
16154,16154 304,304,66,-91,circle,1.9725,0,85,65,black,byPlateId
16155,16155 307,307,64,-131,circle,1.776,0,90,70,black,byPlateId
16156,16156 336,336,55,163,circle,2.3,0,104,84,black,byPlateId
16157,16157 508,508,42,-96,circle,1.9725,0,104,84,black,byPlateId
16158,16158 5012,5012,69,-13,circle,1.9725,0,56,36,black,byPlateId
16159,16159 611,611,69,-169,circle,1.776,0,67,47,black,byPlateId
16160,16160 308,308,55,111,circle,0.335,0,56,36,black,byPlateId
16161,16161 101,101,64,-172,circle,2.038,0,90,70,black,byPlateId
16162,16162 501,501,26,-67,circle,2.038,0,93,73,black,byPlateId
16163,16163 501,501,28,-73,circle,2.038,0,88,68,black,byPlateId
16164,16164 307,307,66,-130,circle,1.907,0,80,60,black,byPlateId
16165,16165 307,307,56,-101,circle,2.038,0,109,89,black,byPlateId
16166,16166 307,307,59,-105,circle,1.7105,0,106,86,black,byPlateId
16167,16167 307,307,42,-81,circle,2.1035,0,110,90,black,byPlateId
16168,16168 714,714,57,-125,circle,1.907,0,116,96,black,byPlateId
16169,16169 715,715,68,-91,circle,1.4485,0,85,65,black,byPlateId
16170,16170 714,714,72,-109,circle,1.776,0,85,65,black,byPlateId
16171,16171 5012,5012,64,171,circle,1.9725,0,64,44,black,byPlateId
16172,16172 1046,1046,71,-13,circle,0.859,0,64,44,black,byPlateId
16173,16173 611,611,76,173,circle,1.776,0,64,44,black,byPlateId
16174,16174 5012,5012,66,-146,circle,1.7105,0,64,44,black,byPlateId
16175,16175 604,604,69,-178,circle,2.038,0,110,90,black,byPlateId
16176,16176 202,202,70,-135,circle,1.514,0,85,65,black,byPlateId
16177,16177 803,803,87,49,circle,1.514,0,97,77,black,byPlateId
16178,16178 811,811,66,-99,circle,1.9725,0,85,65,black,byPlateId
16179,16179 308,308,59,-81,circle,0.7935,0,115,95,black,byPlateId
16180,16180 372,372,5,85,circle,1.1865,0,110,90,black,byPlateId
16181,16181 372,372,49,123,circle,2.3,0,85,65,black,byPlateId
16182,16182 372,372,63,147,circle,2.038,0,110,90,black,byPlateId
16183,16183 323,323,21,100,circle,1.1865,0,66,46,black,byPlateId
16184,16184 336,336,66,177,circle,1.4485,0,115,95,black,byPlateId
16185,16185 336,336,86,-137,circle,1.8415,0,66,46,black,byPlateId
16186,16186 504,504,70,-120,circle,1.514,0,103,83,black,byPlateId
16187,16187 511,511,63,-87,circle,2.3,0,85,65,black,byPlateId
16188,16188 511,511,75,-85,circle,1.5795,0,85,65,black,byPlateId
16189,16189 7151,7151,61,-122,circle,1.776,0,112,92,black,byPlateId
16190,16190 604,604,80,170,circle,2.038,0,108,88,black,byPlateId
16191,16191 619,619,44,35,circle,1.7105,0,90,70,black,byPlateId
16192,16192 1018,1018,41,21,circle,1.776,0,90,70,black,byPlateId
16193,16193 1821,1821,46,16,circle,1.9725,0,101,81,black,byPlateId
16194,16194 304,304,65,176,circle,1.9725,0,93,73,black,byPlateId
16195,16195 304,304,77,174,circle,1.776,0,70,50,black,byPlateId
16196,16196 307,307,66,-131,circle,2.038,0,80,60,black,byPlateId
16197,16197 702,702,74,-107,circle,1.7105,0,85,65,black,byPlateId
16198,16198 291,291,82,72,circle,1.776,0,123,103,black,byPlateId
16199,16199 5012,5012,68,-77,circle,1.9725,0,53,33,black,byPlateId
16200,16200 7151,7151,59,-94,circle,1.4485,0,109,89,black,byPlateId
16201,16201 715,715,75,-157,circle,1.5795,0,75,55,black,byPlateId
16202,16202 7151,7151,82,-137,circle,2.1035,0,54,34,black,byPlateId
16203,16203 307,307,48,-95,circle,1.1865,0,109,89,black,byPlateId
16204,16204 307,307,60,-115,circle,1.7105,0,102,82,black,byPlateId
16205,16205 315,315,68,149,circle,1.9725,0,109,89,black,byPlateId
16206,16206 804,804,80,-19,circle,2.1035,0,85,65,black,byPlateId
16207,16207 331,331,14,-42,circle,1.514,0,109,89,black,byPlateId
16208,16208 331,331,26,-38,circle,1.776,0,117,97,black,byPlateId
16209,16209 811,811,77,-48,circle,1.776,0,85,65,black,byPlateId
16210,16210 702,702,70,-117,circle,1.8415,0,86,66,black,byPlateId
16211,16211 702,702,66,-130,circle,1.9725,0,110,90,black,byPlateId
16212,16212 307,307,46,-91,circle,1.645,0,112,92,black,byPlateId
16213,16213 5012,5012,74,-42,circle,1.1865,0,84,64,black,byPlateId
16214,16214 7013,7013,64,-134,circle,1.9725,0,110,90,black,byPlateId
16215,16215 7151,7151,64,-142,circle,1.907,0,110,90,black,byPlateId
16216,16216 7151,7151,76,-132,circle,1.121,0,76,56,black,byPlateId
16217,16217 2011,2011,88,135,circle,1.9725,0,116,96,black,byPlateId
16218,16218 315,315,76,-179,circle,2.038,0,114,94,black,byPlateId
16219,16219 7151,7151,69,-102,circle,1.7105,0,117,97,black,byPlateId
16220,16220 1853,1853,56,-42,circle,1.9725,0,101,81,black,byPlateId
16221,16221 501,501,22,-48,circle,2.038,0,165,145,black,byPlateId
16222,16222 307,307,64,-124,circle,2.038,0,90,70,black,byPlateId
16223,16223 307,307,48,-103,circle,1.8415,0,119,99,black,byPlateId
16224,16224 202,202,85,42,circle,1.776,0,129,109,black,byPlateId
16225,16225 5012,5012,68,-81,circle,1.8415,0,64,44,black,byPlateId
16226,16226 5012,5012,68,-20,circle,1.645,0,64,44,black,byPlateId
16227,16227 615,615,59,175,circle,1.776,0,203,183,black,byPlateId
16228,16228 803,803,86,-63,circle,1.7105,0,86,66,black,byPlateId
16229,16229 5012,5012,21,-24,circle,1.0555,0,161,141,black,byPlateId
16230,16230 307,307,55,-115,circle,1.3175,0,109,89,black,byPlateId
16231,16231 101,101,74,178,circle,2.3,0,99,79,black,byPlateId
16232,16232 611,611,87,-174,circle,1.776,0,142,122,black,byPlateId
16233,16233 5011,5011,15,-65,circle,2.038,0,125,105,black,byPlateId
16234,16234 5011,5011,18,-63,circle,2.1035,0,124,104,black,byPlateId
16235,16235 511,511,61,-82,circle,1.907,0,85,65,black,byPlateId
16236,16236 503,503,76,-103,circle,1.8415,0,96,76,black,byPlateId
16237,16237 503,503,61,-75,circle,1.776,0,115,95,black,byPlateId
16238,16238 307,307,58,-123,circle,1.9725,0,102,82,black,byPlateId
16239,16239 5012,5012,78,-78,circle,1.907,0,95,75,black,byPlateId
16240,16240 5012,5012,0,15,circle,0.335,0,117,97,black,byPlateId
16241,16241 5012,5012,72,-71,circle,1.0555,0,58,38,black,byPlateId
16242,16242 804,804,61,-118,circle,1.776,0,85,65,black,byPlateId
16243,16243 804,804,66,61,circle,1.9725,0,128,108,black,byPlateId
16244,16244 101,101,74,-167,circle,1.907,0,90,70,black,byPlateId
16245,16245 8012,8012,49,-19,circle,1.907,0,129,109,black,byPlateId
16246,16246 5012,5012,64,-12,circle,1.776,0,68,48,black,byPlateId
16247,16247 803,803,75,-69,circle,0.99,0,85,65,black,byPlateId
16248,16248 307,307,53,-108,circle,1.9725,0,111,91,black,byPlateId
16249,16249 505,505,58,-45,circle,0.9245,0,98,78,black,byPlateId
16250,16250 619,619,52,51,circle,1.907,0,154,134,black,byPlateId
16251,16251 5012,5012,62,-129,circle,0.466,0,37,17,black,byPlateId
16252,16252 304,304,73,179,circle,2.1035,0,93,73,black,byPlateId
16253,16253 611,611,64,-165,circle,1.907,0,94,74,black,byPlateId
16254,16254 611,611,74,-138,circle,1.645,0,160,140,black,byPlateId
16255,16255 628,628,83,-138,circle,2.038,0,138,118,black,byPlateId
16256,16256 611,611,76,-85,circle,1.5795,0,160,140,black,byPlateId
16257,16257 6111,6111,59,159,circle,1.8415,0,110,90,black,byPlateId
16258,16258 611,611,73,180,circle,1.8415,0,54,34,black,byPlateId
16259,16259 308,308,61,-138,circle,1.0555,0,100,80,black,byPlateId
16260,16260 508,508,77,-109,circle,0.99,0,65,45,black,byPlateId
16261,16261 5012,5012,33,-61,circle,1.1865,0,82,62,black,byPlateId
16262,16262 5012,5012,59,2,circle,2.038,0,54,34,black,byPlateId
16263,16263 7141,7141,66,-133,circle,1.252,0,110,90,black,byPlateId
16264,16264 1616,1616,79,176,circle,0.55,0,56,36,black,byPlateId
16265,16265 307,307,65,-160,circle,1.252,0,72,52,black,byPlateId
16266,16266 511,511,50,-73,circle,1.252,0,85,65,black,byPlateId
16267,16267 512,512,79,-72,circle,1.7105,0,56,36,black,byPlateId
16268,16268 801,801,50,-22,circle,1.9725,0,129,109,black,byPlateId
16269,16269 308,308,65,-115,circle,1.907,0,100,80,black,byPlateId
16270,16270 512,512,61,148,circle,1.8415,0,150,130,black,byPlateId
16271,16271 307,307,41,-96,circle,1.514,0,132,112,black,byPlateId
16272,16272 309,309,62,-137,circle,1.9725,0,92,72,black,byPlateId
16273,16273 804,804,73,30,circle,1.776,0,132,112,black,byPlateId
16274,16274 106,106,69,180,circle,1.776,0,110,90,black,byPlateId
16275,16275 307,307,40,-83,circle,1.5795,0,139,119,black,byPlateId
16276,16276 513,513,75,151,circle,2.038,0,110,90,black,byPlateId
16277,16277 5012,5012,68,-55,circle,1.8415,0,84,64,black,byPlateId
16278,16278 7013,7013,62,-100,circle,2.1035,0,127,107,black,byPlateId
16279,16279 803,803,71,15,circle,1.907,0,139,119,black,byPlateId
16280,16280 307,307,61,-111,circle,1.8415,0,101,81,black,byPlateId
16281,16281 1018,1018,-1,12,circle,1.3175,0,90,70,black,byPlateId
16282,16282 202,202,87,-116,circle,1.9725,0,133,113,black,byPlateId
16283,16283 1851,1851,49,-31,circle,2.038,0,131,111,black,byPlateId
16284,16284 5012,5012,49,176,circle,1.7105,0,146,126,black,byPlateId
16285,16285 202,202,88,-34,circle,1.7105,0,135,115,black,byPlateId
16286,16286 106,106,67,-157,circle,1.8415,0,90,70,black,byPlateId
16287,16287 307,307,57,-96,circle,1.0555,0,114,94,black,byPlateId
16288,16288 307,307,40,-74,circle,1.8415,0,141,121,black,byPlateId
16289,16289 305,305,84,11,circle,2.3,0,154,134,black,byPlateId
16290,16290 291,291,77,13,circle,1.907,0,154,134,black,byPlateId
16291,16291 5012,5012,16,-60,circle,1.8415,0,127,107,black,byPlateId
16292,16292 304,304,77,-134,circle,2.169,0,102,82,black,byPlateId
16293,16293 511,511,47,-153,circle,1.9725,0,133,113,black,byPlateId
16294,16294 5031,5031,4,-58,circle,1.252,0,145,125,black,byPlateId
16295,16295 508,508,38,-78,circle,1.907,0,145,125,black,byPlateId
16296,16296 5012,5012,8,-63,circle,2.1035,0,131,111,black,byPlateId
16297,16297 308,308,52,-90,circle,1.121,0,145,125,black,byPlateId
16298,16298 2011,2011,84,-99,circle,2.1035,0,133,113,black,byPlateId
16299,16299 804,804,36,-64,circle,0.2695,0,133,113,black,byPlateId
16300,16300 304,304,67,-158,circle,2.2345,0,110,90,black,byPlateId
16301,16301 307,307,30,-68,circle,1.4485,0,150,130,black,byPlateId
16302,16302 611,611,68,-155,circle,1.9725,0,137,117,black,byPlateId
16303,16303 707,707,46,-102,circle,1.3175,0,133,113,black,byPlateId
16304,16304 802,802,58,51,circle,1.8415,0,193,173,black,byPlateId
16305,16305 5012,5012,12,-71,circle,1.9725,0,123,103,black,byPlateId
16306,16306 101,101,71,171,circle,1.121,0,110,90,black,byPlateId
16307,16307 106,106,65,-139,circle,1.776,0,101,81,black,byPlateId
16308,16308 604,604,76,-177,circle,2.1035,0,111,91,black,byPlateId
16309,16309 1680,1680,48,141,circle,1.5795,0,91,71,black,byPlateId
16310,16310 1623,1623,-26,-160,circle,1.3175,0,90,70,black,byPlateId
16311,16311 707,707,75,-133,circle,1.8415,0,90,70,black,byPlateId
16312,16312 604,604,85,-50,circle,2.038,0,160,140,black,byPlateId
16313,16313 611,611,77,-132,circle,1.907,0,160,140,black,byPlateId
16314,16314 307,307,49,-86,circle,1.907,0,131,111,black,byPlateId
16315,16315 508,508,53,-95,circle,1.7105,0,134,114,black,byPlateId
16316,16316 507,507,71,81,circle,0.6625,0,110,90,black,byPlateId
16317,16317 315,315,61,-171,circle,0.9245,0,110,90,black,byPlateId
16318,16318 604,604,83,-110,circle,1.907,0,143,123,black,byPlateId
16319,16319 101,101,62,-151,circle,2.1035,0,133,113,black,byPlateId
16320,16320 202,202,81,-166,circle,1.645,0,120,100,black,byPlateId
16321,16321 307,307,24,-67,circle,2.1035,0,151,131,black,byPlateId
16322,16322 307,307,19,-64,circle,2.1035,0,152,132,black,byPlateId
16323,16323 715,715,45,-87,circle,0.55,0,170,150,black,byPlateId
16324,16324 804,804,49,52,circle,1.776,0,150,130,black,byPlateId
16325,16325 307,307,32,-82,circle,2.038,0,153,133,black,byPlateId
16326,16326 202,202,72,-155,circle,1.907,0,133,113,black,byPlateId
16327,16327 301,301,76,155,circle,1.776,0,110,90,black,byPlateId
16328,16328 709,709,60,-98,circle,1.7105,0,154,134,black,byPlateId
16329,16329 7013,7013,48,-90,circle,1.645,0,166,146,black,byPlateId
16330,16330 291,291,81,-15,circle,1.5795,0,153,133,black,byPlateId
16331,16331 304,304,57,-85,circle,2.038,0,154,134,black,byPlateId
16332,16332 5012,5012,18,-70,circle,1.383,0,116,96,black,byPlateId
16333,16333 2022,2022,85,-65,circle,2.038,0,135,115,black,byPlateId
16334,16334 101,101,72,-169,circle,2.169,0,133,113,black,byPlateId
16335,16335 619,619,71,41,circle,1.776,0,181,161,black,byPlateId
16336,16336 1018,1018,2,16,circle,1.9725,0,90,70,black,byPlateId
16337,16337 1047,1047,55,32,circle,1.8415,0,90,70,black,byPlateId
16338,16338 1047,1047,-26,-20,circle,1.7105,0,110,90,black,byPlateId
16339,16339 1853,1853,23,-29,circle,1.9725,0,148,128,black,byPlateId
16340,16340 508,508,48,-94,circle,1.383,0,133,113,black,byPlateId
16341,16341 5012,5012,65,-151,circle,1.7105,0,90,70,black,byPlateId
16342,16342 101,101,67,-148,circle,2.038,0,133,113,black,byPlateId
16343,16343 307,307,32,-78,circle,1.9725,0,169,149,black,byPlateId
16344,16344 307,307,48,-96,circle,1.8415,0,125,105,black,byPlateId
16345,16345 101,101,64,-173,circle,1.383,0,133,113,black,byPlateId
16346,16346 7012,7012,48,-93,circle,2.1035,0,151,131,black,byPlateId
16347,16347 308,308,47,-93,circle,2.1035,0,134,114,black,byPlateId
16348,16348 508,508,25,-75,circle,1.7105,0,166,146,black,byPlateId
16349,16349 1680,1680,51,88,circle,1.0555,0,116,96,black,byPlateId
16350,16350 1680,1680,55,11,circle,0.5315,0,122,102,black,byPlateId
16351,16351 604,604,69,-159,circle,1.514,0,116,96,black,byPlateId
16352,16352 307,307,19,-72,circle,1.645,0,169,149,black,byPlateId
16353,16353 307,307,57,-97,circle,1.776,0,115,95,black,byPlateId
16354,16354 336,336,87,-10,circle,2.1035,0,160,140,black,byPlateId
16355,16355 304,304,64,101,circle,2.038,0,125,105,black,byPlateId
16356,16356 304,304,30,74,circle,2.038,0,125,105,black,byPlateId
16357,16357 307,307,39,-73,circle,1.8415,0,166,146,black,byPlateId
16358,16358 202,202,79,-172,circle,1.5795,0,123,103,black,byPlateId
16359,16359 801,801,36,-48,circle,1.4485,0,133,113,black,byPlateId
16360,16360 1853,1853,31,15,circle,1.7105,0,170,150,black,byPlateId
16361,16361 305,305,75,179,circle,2.1035,0,130,110,black,byPlateId
16362,16362 307,307,63,147,circle,1.907,0,102,82,black,byPlateId
16363,16363 707,707,53,-98,circle,0.859,0,133,113,black,byPlateId
16364,16364 304,304,41,-123,circle,1.9725,0,176,156,black,byPlateId
16365,16365 336,336,80,172,circle,1.9725,0,174,154,black,byPlateId
16366,16366 2011,2011,81,95,circle,1.7105,0,121,101,black,byPlateId
16367,16367 133,133,68,162,circle,2.038,0,136,116,black,byPlateId
16368,16368 304,304,53,-116,circle,2.169,0,136,116,black,byPlateId
16369,16369 304,304,61,105,circle,2.169,0,136,116,black,byPlateId
16370,16370 310,310,66,-160,circle,2.038,0,133,113,black,byPlateId
16371,16371 309,309,58,179,circle,1.7105,0,185,165,black,byPlateId
16372,16372 304,304,2,54,circle,2.1035,0,177,157,black,byPlateId
16373,16373 133,133,61,142,circle,1.9725,0,171,151,black,byPlateId
16374,16374 804,804,65,-34,circle,1.8415,0,135,115,black,byPlateId
16375,16375 307,307,7,-55,circle,1.8415,0,170,150,black,byPlateId
16376,16376 134,134,63,132,circle,1.907,0,172,152,black,byPlateId
16377,16377 1851,1851,47,-45,circle,0.859,0,134,114,black,byPlateId
16378,16378 307,307,34,-65,circle,1.776,0,170,150,black,byPlateId
16379,16379 505,505,79,-143,circle,1.383,0,170,150,black,byPlateId
16380,16380 305,305,62,122,circle,1.776,0,177,157,black,byPlateId
16381,16381 1853,1853,55,0,circle,1.8415,0,174,154,black,byPlateId
16382,16382 101,101,74,147,circle,1.5795,0,174,154,black,byPlateId
16383,16383 611,611,63,176,circle,1.7105,0,126,106,black,byPlateId
16384,16384 132,132,64,170,circle,1.3175,0,141,121,black,byPlateId
16385,16385 1018,1018,41,18,circle,0.7935,0,181,161,black,byPlateId
16386,16386 604,604,71,-134,circle,1.776,0,136,116,black,byPlateId
16387,16387 604,604,74,-144,circle,2.038,0,136,116,black,byPlateId
16388,16388 304,304,86,78,circle,2.1035,0,160,140,black,byPlateId
16389,16389 304,304,50,-118,circle,2.038,0,176,156,black,byPlateId
16390,16390 304,304,63,121,circle,2.1035,0,141,121,black,byPlateId
16391,16391 307,307,59,-105,circle,2.1035,0,141,121,black,byPlateId
16392,16392 307,307,46,-89,circle,2.038,0,136,116,black,byPlateId
16393,16393 511,511,44,-101,circle,2.3,0,141,121,black,byPlateId
16394,16394 508,508,-1,-60,circle,2.1035,0,170,150,black,byPlateId
16395,16395 5012,5012,59,-80,circle,1.1865,0,136,116,black,byPlateId
16396,16396 611,611,69,25,circle,1.5795,0,201,181,black,byPlateId
16397,16397 508,508,-2,-66,circle,1.5795,0,170,150,black,byPlateId
16398,16398 505,505,23,-173,circle,1.0555,0,188,168,black,byPlateId
16399,16399 5012,5012,7,-31,circle,1.5795,0,181,161,black,byPlateId
16400,16400 7013,7013,31,-82,circle,1.907,0,170,150,black,byPlateId
16401,16401 802,802,49,42,circle,2.1035,0,181,161,black,byPlateId
16402,16402 802,802,45,28,circle,2.169,0,181,161,black,byPlateId
16403,16403 628,628,62,-135,circle,1.9725,0,133,113,black,byPlateId
16404,16404 628,628,73,-105,circle,1.776,0,138,118,black,byPlateId
16405,16405 628,628,74,-122,circle,1.645,0,133,113,black,byPlateId
16406,16406 511,511,42,-100,circle,1.776,0,140,120,black,byPlateId
16407,16407 305,305,78,148,circle,1.907,0,185,165,black,byPlateId
16408,16408 7141,7141,65,-160,circle,1.907,0,136,116,black,byPlateId
16409,16409 101,101,79,167,circle,2.3,0,144,124,black,byPlateId
16410,16410 305,305,68,130,circle,1.9725,0,181,161,black,byPlateId
16411,16411 7141,7141,63,-118,circle,1.0555,0,132,112,black,byPlateId
16412,16412 2011,2011,85,83,circle,1.7105,0,137,117,black,byPlateId
16413,16413 291,291,71,-170,circle,1.907,0,142,122,black,byPlateId
16414,16414 505,505,-1,-54,circle,1.645,0,141,121,black,byPlateId
16415,16415 802,802,51,31,circle,1.645,0,183,163,black,byPlateId
16416,16416 604,604,63,174,circle,1.7105,0,136,116,black,byPlateId
16417,16417 304,304,55,-105,circle,1.907,0,179,159,black,byPlateId
16418,16418 1853,1853,29,-14,circle,1.8415,0,170,150,black,byPlateId
16419,16419 304,304,52,107,circle,1.1865,0,130,110,black,byPlateId
16420,16420 334,334,40,-68,circle,1.907,0,141,121,black,byPlateId
16421,16421 301,301,70,147,circle,2.038,0,181,161,black,byPlateId
16422,16422 352,352,72,132,circle,2.038,0,141,121,black,byPlateId
16423,16423 8021,8021,51,23,circle,2.038,0,188,168,black,byPlateId
16424,16424 308,308,27,107,circle,0.9245,0,170,150,black,byPlateId
16425,16425 307,307,28,-80,circle,2.038,0,170,150,black,byPlateId
16426,16426 305,305,72,150,circle,1.8415,0,185,165,black,byPlateId
16427,16427 1616,1616,80,111,circle,0.597,0,196,176,black,byPlateId
16428,16428 1616,1616,67,177,circle,1.383,0,196,176,black,byPlateId
16429,16429 604,604,63,-139,circle,2.1035,0,136,116,black,byPlateId
16430,16430 604,604,72,-158,circle,1.8415,0,136,116,black,byPlateId
16431,16431 611,611,73,-146,circle,1.4485,0,158,138,black,byPlateId
16432,16432 304,304,79,175,circle,1.776,0,196,176,black,byPlateId
16433,16433 707,707,55,98,circle,1.8415,0,196,176,black,byPlateId
16434,16434 510,510,19,92,circle,1.776,0,196,176,black,byPlateId
16435,16435 133,133,67,110,circle,2.038,0,187,167,black,byPlateId
16436,16436 511,511,19,-83,circle,1.7105,0,85,65,black,byPlateId
16437,16437 108,108,69,98,circle,1.5795,0,185,165,black,byPlateId
16438,16438 305,305,74,-160,circle,2.038,0,149,129,black,byPlateId
16439,16439 102,102,72,-169,circle,1.9725,0,147,127,black,byPlateId
16440,16440 7013,7013,55,-90,circle,1.5795,0,170,150,black,byPlateId
16441,16441 802,802,57,12,circle,1.9725,0,166,146,black,byPlateId
16442,16442 291,291,85,17,circle,1.907,0,150,130,black,byPlateId
16443,16443 7013,7013,61,-106,circle,1.8415,0,149,129,black,byPlateId
16444,16444 307,307,44,-84,circle,2.1035,0,160,140,black,byPlateId
16445,16445 102,102,56,168,circle,1.907,0,150,130,black,byPlateId
16446,16446 8013,8013,39,3,circle,1.5795,0,190,170,black,byPlateId
16447,16447 101,101,79,90,circle,1.8415,0,188,168,black,byPlateId
16448,16448 132,132,68,145,circle,1.7105,0,180,160,black,byPlateId
16449,16449 1616,1616,57,-172,circle,1.7105,0,226,206,black,byPlateId
16450,16450 804,804,72,-84,circle,1.514,0,85,65,black,byPlateId
16451,16451 801,801,51,-5,circle,2.1035,0,190,170,black,byPlateId
16452,16452 801,801,48,-56,circle,1.9725,0,150,130,black,byPlateId
16453,16453 323,323,38,67,circle,0.859,0,200,180,black,byPlateId
16454,16454 134,134,62,116,circle,1.907,0,189,169,black,byPlateId
16455,16455 301,301,63,117,circle,2.169,0,188,168,black,byPlateId
16456,16456 804,804,67,-71,circle,2.169,0,152,132,black,byPlateId
16457,16457 1853,1853,47,-7,circle,1.514,0,183,163,black,byPlateId
16458,16458 304,304,45,-109,circle,1.7105,0,185,165,black,byPlateId
16459,16459 707,707,45,-112,circle,1.5795,0,155,135,black,byPlateId
16460,16460 803,803,49,61,circle,2.038,0,190,170,black,byPlateId
16461,16461 1853,1853,53,-36,circle,1.776,0,154,134,black,byPlateId
16462,16462 1853,1853,51,6,circle,1.5795,0,191,171,black,byPlateId
16463,16463 336,336,84,-91,circle,2.1035,0,160,140,black,byPlateId
16464,16464 805,805,41,55,circle,1.9725,0,192,172,black,byPlateId
16465,16465 604,604,82,-107,circle,1.645,0,151,131,black,byPlateId
16466,16466 5011,5011,2,-52,circle,1.776,0,160,140,black,byPlateId
16467,16467 604,604,80,-111,circle,1.514,0,151,131,black,byPlateId
16468,16468 604,604,76,-160,circle,1.907,0,151,131,black,byPlateId
16469,16469 611,611,68,-175,circle,1.514,0,185,165,black,byPlateId
16470,16470 372,372,-10,87,circle,1.776,0,185,165,black,byPlateId
16471,16471 372,372,52,129,circle,1.776,0,151,131,black,byPlateId
16472,16472 372,372,56,109,circle,2.038,0,151,131,black,byPlateId
16473,16473 372,372,56,-127,circle,1.645,0,196,176,black,byPlateId
16474,16474 336,336,51,108,circle,2.169,0,196,176,black,byPlateId
16475,16475 305,305,63,120,circle,1.907,0,190,170,black,byPlateId
16476,16476 304,304,37,81,circle,1.4485,0,192,172,black,byPlateId
16477,16477 5012,5012,12,-61,circle,1.252,0,151,131,black,byPlateId
16478,16478 101,101,65,103,circle,2.2345,0,191,171,black,byPlateId
16479,16479 802,802,58,44,circle,2.1035,0,193,173,black,byPlateId
16480,16480 3292,3292,-4,-44,circle,2.169,0,200,180,black,byPlateId
16481,16481 315,315,50,37,circle,1.907,0,196,176,black,byPlateId
16482,16482 308,308,38,103,circle,1.5795,0,215,195,black,byPlateId
16483,16483 101,101,76,85,circle,2.2345,0,201,181,black,byPlateId
16484,16484 1853,1853,52,-2,circle,1.9725,0,200,180,black,byPlateId
16485,16485 604,604,48,34,circle,1.252,0,220,200,black,byPlateId
16486,16486 1018,1018,-3,21,circle,1.8415,0,136,116,black,byPlateId
16487,16487 1018,1018,32,-126,circle,1.907,0,150,130,black,byPlateId
16488,16488 1662,1662,17,-161,circle,1.0555,0,136,116,black,byPlateId
16489,16489 291,291,77,-102,circle,1.4485,0,136,116,black,byPlateId
16490,16490 803,803,44,-143,circle,0.55,0,136,116,black,byPlateId
16491,16491 307,307,51,175,circle,1.0555,0,220,200,black,byPlateId
16492,16492 715,715,-21,-28,circle,1.3175,0,220,200,black,byPlateId
16493,16493 308,308,53,-112,circle,1.7105,0,220,200,black,byPlateId
16494,16494 3292,3292,-12,70,circle,1.1865,0,170,150,black,byPlateId
16495,16495 550,550,39,-95,circle,1.776,0,136,116,black,byPlateId
16496,16496 512,512,38,-46,circle,1.514,0,136,116,black,byPlateId
16497,16497 133,133,60,84,circle,1.252,0,220,200,black,byPlateId
16498,16498 714,714,69,-105,circle,1.383,0,205,185,black,byPlateId
16499,16499 714,714,62,-115,circle,1.907,0,205,185,black,byPlateId
16500,16500 304,304,20,-64,circle,1.9725,0,170,150,black,byPlateId
16501,16501 714,714,69,-118,circle,2.038,0,202,182,black,byPlateId
16502,16502 615,615,69,177,circle,1.514,0,210,190,black,byPlateId
16503,16503 1616,1616,43,-158,circle,1.3175,0,149,129,black,byPlateId
16504,16504 374,374,46,133,circle,2.1035,0,215,195,black,byPlateId
16505,16505 380,380,-29,-16,circle,1.8415,0,225,205,black,byPlateId
16506,16506 604,604,54,-147,circle,1.1865,0,147,127,black,byPlateId
16507,16507 304,304,71,-124,circle,1.8415,0,211,191,black,byPlateId
16508,16508 714,714,69,-128,circle,2.038,0,202,182,black,byPlateId
16509,16509 714,714,71,-120,circle,1.907,0,202,182,black,byPlateId
16510,16510 307,307,38,-68,circle,1.907,0,170,150,black,byPlateId
16511,16511 315,315,64,96,circle,2.3,0,215,195,black,byPlateId
16512,16512 714,714,81,-135,circle,1.8415,0,215,195,black,byPlateId
16513,16513 307,307,42,-77,circle,1.9725,0,170,150,black,byPlateId
16514,16514 101,101,67,94,circle,1.776,0,204,184,black,byPlateId
16515,16515 305,305,73,105,circle,2.038,0,203,183,black,byPlateId
16516,16516 101,101,73,89,circle,1.5795,0,205,185,black,byPlateId
16517,16517 307,307,63,-122,circle,1.8415,0,210,190,black,byPlateId
16518,16518 7013,7013,70,-75,circle,1.7105,0,205,185,black,byPlateId
16519,16519 508,508,75,-111,circle,1.252,0,215,195,black,byPlateId
16520,16520 203,203,88,97,circle,1.5795,0,166,146,black,byPlateId
16521,16521 7013,7013,71,-91,circle,1.3175,0,212,192,black,byPlateId
16522,16522 7013,7013,65,-105,circle,1.4485,0,210,190,black,byPlateId
16523,16523 7013,7013,57,-96,circle,1.776,0,162,142,black,byPlateId
16524,16524 201,201,71,121,circle,1.0555,0,211,191,black,byPlateId
16525,16525 1853,1853,46,-5,circle,1.645,0,207,187,black,byPlateId
16526,16526 109,109,66,86,circle,2.1035,0,218,198,black,byPlateId
16527,16527 101,101,76,-14,circle,2.1035,0,160,140,black,byPlateId
16528,16528 101,101,63,90,circle,2.169,0,220,200,black,byPlateId
16529,16529 101,101,63,108,circle,2.038,0,220,200,black,byPlateId
16530,16530 134,134,74,80,circle,1.776,0,208,188,black,byPlateId
16531,16531 101,101,65,87,circle,1.5795,0,220,200,black,byPlateId
16532,16532 304,304,65,143,circle,1.8415,0,215,195,black,byPlateId
16533,16533 715,715,64,-129,circle,1.9725,0,227,207,black,byPlateId
16534,16534 712,712,54,-115,circle,1.4485,0,199,179,black,byPlateId
16535,16535 802,802,44,52,circle,1.8415,0,215,195,black,byPlateId
16536,16536 802,802,54,43,circle,2.038,0,209,189,black,byPlateId
16537,16537 802,802,54,40,circle,1.9725,0,206,186,black,byPlateId
16538,16538 101,101,63,83,circle,2.169,0,211,191,black,byPlateId
16539,16539 707,707,62,-150,circle,1.8415,0,216,196,black,byPlateId
16540,16540 101,101,55,88,circle,1.5795,0,220,200,black,byPlateId
16541,16541 315,315,77,135,circle,2.169,0,200,180,black,byPlateId
16542,16542 307,307,44,-85,circle,1.8415,0,166,146,black,byPlateId
16543,16543 133,133,61,83,circle,1.645,0,212,192,black,byPlateId
16544,16544 133,133,62,75,circle,1.8415,0,212,192,black,byPlateId
16545,16545 108,108,67,69,circle,1.5795,0,215,195,black,byPlateId
16546,16546 109,109,62,55,circle,1.776,0,215,195,black,byPlateId
16547,16547 1616,1616,53,180,circle,1.7105,0,203,183,black,byPlateId
16548,16548 308,308,53,92,circle,1.645,0,215,195,black,byPlateId
16549,16549 308,308,74,141,circle,1.8415,0,215,195,black,byPlateId
16550,16550 308,308,32,78,circle,1.252,0,166,146,black,byPlateId
16551,16551 512,512,50,157,circle,1.9725,0,181,161,black,byPlateId
16552,16552 707,707,71,-144,circle,1.8415,0,215,195,black,byPlateId
16553,16553 5012,5012,19,-65,circle,1.0555,0,220,200,black,byPlateId
16554,16554 1850,1850,47,-2,circle,1.121,0,227,207,black,byPlateId
16555,16555 307,307,70,-91,circle,1.907,0,215,195,black,byPlateId
16556,16556 201,201,67,66,circle,1.9725,0,215,195,black,byPlateId
16557,16557 101,101,62,105,circle,2.169,0,222,202,black,byPlateId
16558,16558 715,715,15,-49,circle,1.4485,0,173,153,black,byPlateId
16559,16559 133,133,58,52,circle,1.9725,0,215,195,black,byPlateId
16560,16560 132,132,59,63,circle,1.776,0,215,195,black,byPlateId
16561,16561 8021,8021,42,47,circle,2.038,0,215,195,black,byPlateId
16562,16562 7013,7013,68,-130,circle,1.9725,0,219,199,black,byPlateId
16563,16563 291,291,74,86,circle,1.4485,0,219,199,black,byPlateId
16564,16564 304,304,39,116,circle,2.169,0,215,195,black,byPlateId
16565,16565 101,101,55,95,circle,1.9725,0,220,200,black,byPlateId
16566,16566 7013,7013,64,-94,circle,1.514,0,202,182,black,byPlateId
16567,16567 1616,1616,60,-175,circle,1.121,0,226,206,black,byPlateId
16568,16568 504,504,-43,-30,circle,1.8415,0,215,195,black,byPlateId
16569,16569 511,511,44,-116,circle,2.3,0,166,146,black,byPlateId
16570,16570 101,101,62,91,circle,2.1035,0,229,209,black,byPlateId
16571,16571 702,702,74,-83,circle,1.907,0,230,210,black,byPlateId
16572,16572 101,101,51,49,circle,1.4485,0,215,195,black,byPlateId
16573,16573 101,101,62,115,circle,1.5795,0,237,217,black,byPlateId
16574,16574 5012,5012,22,-61,circle,1.776,0,231,211,black,byPlateId
16575,16575 132,132,61,64,circle,2.038,0,215,195,black,byPlateId
16576,16576 101,101,58,79,circle,2.038,0,222,202,black,byPlateId
16577,16577 5012,5012,10,-50,circle,1.9725,0,225,205,black,byPlateId
16578,16578 305,305,55,-125,circle,0.5315,0,187,167,black,byPlateId
16579,16579 101,101,60,89,circle,1.9725,0,230,210,black,byPlateId
16580,16580 307,307,69,151,circle,2.3,0,215,195,black,byPlateId
16581,16581 1616,1616,56,176,circle,1.514,0,205,185,black,byPlateId
16582,16582 5012,5012,30,-55,circle,1.907,0,215,195,black,byPlateId
16583,16583 615,615,49,172,circle,1.776,0,204,184,black,byPlateId
16584,16584 5012,5012,59,-176,circle,1.252,0,201,181,black,byPlateId
16585,16585 101,101,54,102,circle,1.9725,0,243,223,black,byPlateId
16586,16586 101,101,49,89,circle,1.9725,0,243,223,black,byPlateId
16587,16587 131,131,73,54,circle,1.5795,0,208,188,black,byPlateId
16588,16588 1695,1695,49,-151,circle,1.8415,0,235,215,black,byPlateId
16589,16589 1061,1061,-8,27,circle,1.514,0,215,195,black,byPlateId
16590,16590 304,304,62,114,circle,1.8415,0,215,195,black,byPlateId
16591,16591 305,305,56,148,circle,0.204,0,244,224,black,byPlateId
16592,16592 315,315,44,134,circle,2.3,0,249,229,black,byPlateId
16593,16593 301,301,48,157,circle,1.8415,0,249,229,black,byPlateId
16594,16594 707,707,51,-109,circle,1.514,0,237,217,black,byPlateId
16595,16595 1852,1852,32,-10,circle,0.728,0,190,170,black,byPlateId
16596,16596 101,101,48,92,circle,2.038,0,246,226,black,byPlateId
16597,16597 291,291,67,110,circle,1.645,0,247,227,black,byPlateId
16598,16598 304,304,63,178,circle,2.1035,0,238,218,black,byPlateId
16599,16599 1680,1680,26,2,circle,1.907,0,197,177,black,byPlateId
16600,16600 108,108,45,97,circle,1.8415,0,250,230,black,byPlateId
16601,16601 290,290,79,59,circle,1.383,0,227,207,black,byPlateId
16602,16602 133,133,61,89,circle,2.1035,0,227,207,black,byPlateId
16603,16603 511,511,49,93,circle,1.9725,0,215,195,black,byPlateId
16604,16604 511,511,47,167,circle,1.3175,0,296,276,black,byPlateId
16605,16605 511,511,18,80,circle,1.7105,0,215,195,black,byPlateId
16606,16606 511,511,1,128,circle,0.7935,0,250,230,black,byPlateId
16607,16607 511,511,-2,72,circle,1.5795,0,215,195,black,byPlateId
16608,16608 511,511,40,-35,circle,1.4485,0,159,139,black,byPlateId
16609,16609 101,101,48,99,circle,2.1035,0,249,229,black,byPlateId
16610,16610 305,305,44,110,circle,2.038,0,224,204,black,byPlateId
16611,16611 804,804,61,-63,circle,1.0555,0,254,234,black,byPlateId
16612,16612 307,307,61,-118,circle,2.3,0,218,198,black,byPlateId
16613,16613 1693,1693,55,-147,circle,0.204,0,232,212,black,byPlateId
16614,16614 604,604,34,-144,circle,1.3175,0,190,170,black,byPlateId
16615,16615 604,604,60,30,circle,1.514,0,265,245,black,byPlateId
16616,16616 604,604,11,-174,circle,0.4005,0,190,170,black,byPlateId
16617,16617 301,301,46,117,circle,2.3,0,239,219,black,byPlateId
16618,16618 303,303,43,134,circle,2.3,0,250,230,black,byPlateId
16619,16619 714,714,77,141,circle,1.8415,0,215,195,black,byPlateId
16620,16620 203,203,77,74,circle,0.335,0,218,198,black,byPlateId
16621,16621 203,203,69,63,circle,0.55,0,215,195,black,byPlateId
16622,16622 201,201,64,42,circle,1.383,0,215,195,black,byPlateId
16623,16623 202,202,85,-116,circle,1.776,0,155,135,black,byPlateId
16624,16624 2011,2011,81,116,circle,1.645,0,235,215,black,byPlateId
16625,16625 5012,5012,22,41,circle,1.0555,0,271,251,black,byPlateId
16626,16626 611,611,45,-136,circle,1.7105,0,271,251,black,byPlateId
16627,16627 304,304,55,-164,circle,2.3,0,248,228,black,byPlateId
16628,16628 512,512,15,-11,circle,0.99,0,250,230,black,byPlateId
16629,16629 5011,5011,-20,-55,circle,1.7105,0,271,251,black,byPlateId
16630,16630 5012,5012,24,-52,circle,1.907,0,215,195,black,byPlateId
16631,16631 5012,5012,22,-73,circle,2.038,0,249,229,black,byPlateId
16632,16632 5012,5012,59,160,circle,1.4485,0,271,251,black,byPlateId
16633,16633 401,401,25,-144,circle,0.597,0,271,251,black,byPlateId
16634,16634 201,201,82,140,circle,1.645,0,237,217,black,byPlateId
16635,16635 102,102,34,103,circle,1.9725,0,250,230,black,byPlateId
16636,16636 5012,5012,26,-63,circle,1.5795,0,238,218,black,byPlateId
16637,16637 304,304,32,-119,circle,1.7105,0,257,237,black,byPlateId
16638,16638 307,307,60,133,circle,2.3,0,215,195,black,byPlateId
16639,16639 307,307,48,-61,circle,1.645,0,207,187,black,byPlateId
16640,16640 307,307,48,-120,circle,1.7105,0,242,222,black,byPlateId
16641,16641 133,133,56,96,circle,1.383,0,238,218,black,byPlateId
16642,16642 308,308,54,-139,circle,1.7105,0,243,223,black,byPlateId
16643,16643 508,508,44,-106,circle,2.3,0,265,245,black,byPlateId
16644,16644 291,291,76,56,circle,1.4485,0,225,205,black,byPlateId
16645,16645 801,801,57,-37,circle,1.907,0,259,239,black,byPlateId
16646,16646 611,611,55,-151,circle,1.907,0,250,230,black,byPlateId
16647,16647 133,133,51,105,circle,2.038,0,247,227,black,byPlateId
16648,16648 202,202,77,-5,circle,1.907,0,187,167,black,byPlateId
16649,16649 291,291,77,-17,circle,1.9725,0,187,167,black,byPlateId
16650,16650 290,290,72,88,circle,1.776,0,236,216,black,byPlateId
16651,16651 307,307,52,-139,circle,1.907,0,245,225,black,byPlateId
16652,16652 101,101,58,100,circle,2.1035,0,239,219,black,byPlateId
16653,16653 133,133,49,105,circle,1.9725,0,249,229,black,byPlateId
16654,16654 707,707,79,-84,circle,2.038,0,219,199,black,byPlateId
16655,16655 707,707,72,-131,circle,2.169,0,219,199,black,byPlateId
16656,16656 707,707,65,-106,circle,0.99,0,219,199,black,byPlateId
16657,16657 707,707,72,-105,circle,1.776,0,219,199,black,byPlateId
16658,16658 707,707,66,-149,circle,0.859,0,225,205,black,byPlateId
16659,16659 701,701,54,-101,circle,1.776,0,232,212,black,byPlateId
16660,16660 604,604,49,13,circle,2.038,0,266,246,black,byPlateId
16661,16661 611,611,30,-177,circle,2.1035,0,250,230,black,byPlateId
16662,16662 611,611,55,-150,circle,1.907,0,250,230,black,byPlateId
16663,16663 304,304,51,-179,circle,1.907,0,250,230,black,byPlateId
16664,16664 334,334,33,-75,circle,2.038,0,266,246,black,byPlateId
16665,16665 304,304,51,-153,circle,1.645,0,250,230,black,byPlateId
16666,16666 304,304,51,-131,circle,2.038,0,265,245,black,byPlateId
16667,16667 133,133,47,114,circle,2.169,0,250,230,black,byPlateId
16668,16668 133,133,45,115,circle,2.038,0,250,230,black,byPlateId
16669,16669 305,305,49,146,circle,1.3175,0,250,230,black,byPlateId
16670,16670 402,402,48,153,circle,1.4485,0,251,231,black,byPlateId
16671,16671 202,202,63,149,circle,1.514,0,259,239,black,byPlateId
16672,16672 1853,1853,49,-20,circle,1.645,0,241,221,black,byPlateId
16673,16673 801,801,30,-33,circle,2.038,0,271,251,black,byPlateId
16674,16674 501,501,-7,-56,circle,1.9725,0,265,245,black,byPlateId
16675,16675 304,304,57,176,circle,1.1865,0,246,226,black,byPlateId
16676,16676 304,304,50,145,circle,1.121,0,248,228,black,byPlateId
16677,16677 304,304,18,99,circle,1.7105,0,271,251,black,byPlateId
16678,16678 304,304,33,-126,circle,1.645,0,271,251,black,byPlateId
16679,16679 307,307,57,-111,circle,2.038,0,223,203,black,byPlateId
16680,16680 510,510,59,132,circle,1.9725,0,238,218,black,byPlateId
16681,16681 1853,1853,32,-10,circle,1.8415,0,202,182,black,byPlateId
16682,16682 133,133,60,102,circle,1.7105,0,237,217,black,byPlateId
16683,16683 133,133,57,98,circle,1.9725,0,238,218,black,byPlateId
16684,16684 133,133,55,103,circle,2.1035,0,242,222,black,byPlateId
16685,16685 133,133,57,100,circle,1.907,0,239,219,black,byPlateId
16686,16686 133,133,58,101,circle,2.169,0,239,219,black,byPlateId
16687,16687 303,303,60,127,circle,2.169,0,230,210,black,byPlateId
16688,16688 301,301,48,138,circle,2.3,0,249,229,black,byPlateId
16689,16689 709,709,67,-91,circle,1.1865,0,227,207,black,byPlateId
16690,16690 707,707,55,165,circle,1.907,0,227,207,black,byPlateId
16691,16691 402,402,51,179,circle,1.907,0,283,263,black,byPlateId
16692,16692 402,402,63,-177,circle,2.3,0,265,245,black,byPlateId
16693,16693 133,133,46,121,circle,1.8415,0,255,235,black,byPlateId
16694,16694 307,307,36,-103,circle,1.0555,0,263,243,black,byPlateId
16695,16695 313,313,59,146,circle,1.8415,0,240,220,black,byPlateId
16696,16696 301,301,52,167,circle,1.645,0,267,247,black,byPlateId
16697,16697 301,301,49,159,circle,1.5795,0,257,237,black,byPlateId
16698,16698 301,301,52,165,circle,2.038,0,264,244,black,byPlateId
16699,16699 301,301,52,145,circle,2.1035,0,247,227,black,byPlateId
16700,16700 301,301,56,146,circle,1.514,0,243,223,black,byPlateId
16701,16701 301,301,51,151,circle,2.2345,0,250,230,black,byPlateId
16702,16702 305,305,43,146,circle,1.9725,0,250,230,black,byPlateId
16703,16703 301,301,53,158,circle,2.038,0,257,237,black,byPlateId
16704,16704 1680,1680,57,-20,circle,1.7105,0,248,228,black,byPlateId
16705,16705 308,308,42,-96,circle,1.645,0,187,167,black,byPlateId
16706,16706 611,611,35,-18,circle,1.8415,0,265,245,black,byPlateId
16707,16707 102,102,35,-176,circle,1.8415,0,271,251,black,byPlateId
16708,16708 102,102,49,158,circle,1.645,0,271,251,black,byPlateId
16709,16709 604,604,35,39,circle,1.121,0,269,249,black,byPlateId
16710,16710 611,611,46,-141,circle,1.5795,0,253,233,black,byPlateId
16711,16711 611,611,33,-130,circle,1.0555,0,271,251,black,byPlateId
16712,16712 611,611,39,-149,circle,2.038,0,250,230,black,byPlateId
16713,16713 308,308,44,147,circle,2.038,0,227,207,black,byPlateId
16714,16714 510,510,34,-51,circle,2.1035,0,236,216,black,byPlateId
16715,16715 511,511,52,111,circle,1.9725,0,236,216,black,byPlateId
16716,16716 5012,5012,76,-123,circle,1.9725,0,250,230,black,byPlateId
16717,16717 303,303,50,138,circle,1.7105,0,247,227,black,byPlateId
16718,16718 5012,5012,-4,-70,circle,1.3175,0,270,250,black,byPlateId
16719,16719 2011,2011,86,114,circle,1.5795,0,233,213,black,byPlateId
16720,16720 702,702,66,-68,circle,1.907,0,227,207,black,byPlateId
16721,16721 611,611,51,-155,circle,1.8415,0,291,271,black,byPlateId
16722,16722 304,304,-14,62,circle,0.99,0,283,263,black,byPlateId
16723,16723 5012,5012,-8,-59,circle,1.907,0,270,250,black,byPlateId
16724,16724 501,501,-4,-51,circle,1.8415,0,233,213,black,byPlateId
16725,16725 611,611,52,-117,circle,2.3,0,293,273,black,byPlateId
16726,16726 304,304,55,152,circle,2.038,0,244,224,black,byPlateId
16727,16727 304,304,53,151,circle,1.514,0,247,227,black,byPlateId
16728,16728 611,611,48,-135,circle,1.9725,0,288,268,black,byPlateId
16729,16729 304,304,53,-134,circle,1.907,0,262,242,black,byPlateId
16730,16730 308,308,35,135,circle,1.0555,0,219,199,black,byPlateId
16731,16731 308,308,43,-125,circle,1.0555,0,250,230,black,byPlateId
16732,16732 5012,5012,72,-172,circle,1.907,0,283,263,black,byPlateId
16733,16733 505,505,22,-34,circle,1.383,0,239,219,black,byPlateId
16734,16734 108,108,51,111,circle,2.3,0,249,229,black,byPlateId
16735,16735 301,301,51,166,circle,2.038,0,266,246,black,byPlateId
16736,16736 611,611,46,-135,circle,1.9725,0,282,262,black,byPlateId
16737,16737 1853,1853,44,-48,circle,1.907,0,283,263,black,byPlateId
16738,16738 611,611,47,-134,circle,2.1035,0,288,268,black,byPlateId
16739,16739 511,511,11,-78,circle,1.121,0,250,230,black,byPlateId
16740,16740 101,101,55,119,circle,1.3175,0,258,238,black,byPlateId
16741,16741 619,619,-57,-28,circle,1.645,0,236,216,black,byPlateId
16742,16742 604,604,42,14,circle,1.514,0,283,263,black,byPlateId
16743,16743 5011,5011,24,-79,circle,0.99,0,250,230,black,byPlateId
16744,16744 101,101,51,126,circle,1.9725,0,264,244,black,byPlateId
16745,16745 304,304,47,-145,circle,1.8415,0,258,238,black,byPlateId
16746,16746 304,304,51,-158,circle,1.7105,0,250,230,black,byPlateId
16747,16747 133,133,53,112,circle,1.776,0,247,227,black,byPlateId
16748,16748 1680,1680,4,-6,circle,1.8415,0,236,216,black,byPlateId
16749,16749 305,305,51,161,circle,2.038,0,259,239,black,byPlateId
16750,16750 604,604,57,-5,circle,0.9245,0,283,263,black,byPlateId
16751,16751 604,604,38,6,circle,2.3,0,283,263,black,byPlateId
16752,16752 604,604,49,-1,circle,2.038,0,283,263,black,byPlateId
16753,16753 604,604,44,-2,circle,1.8415,0,283,263,black,byPlateId
16754,16754 611,611,50,-119,circle,1.907,0,291,271,black,byPlateId
16755,16755 611,611,23,-154,circle,2.3,0,291,271,black,byPlateId
16756,16756 611,611,51,-112,circle,2.1035,0,290,270,black,byPlateId
16757,16757 611,611,54,-118,circle,1.645,0,291,271,black,byPlateId
16758,16758 611,611,52,-134,circle,0.6625,0,291,271,black,byPlateId
16759,16759 611,611,25,-156,circle,0.6625,0,291,271,black,byPlateId
16760,16760 611,611,54,-118,circle,0.99,0,291,271,black,byPlateId
16761,16761 611,611,53,-107,circle,1.907,0,289,269,black,byPlateId
16762,16762 611,611,42,-131,circle,0.335,0,291,271,black,byPlateId
16763,16763 611,611,24,-139,circle,1.7105,0,291,271,black,byPlateId
16764,16764 611,611,49,-109,circle,2.038,0,290,270,black,byPlateId
16765,16765 611,611,29,-125,circle,1.514,0,291,271,black,byPlateId
16766,16766 5011,5011,-28,-50,circle,1.3175,0,283,263,black,byPlateId
16767,16767 5012,5012,66,-179,circle,2.038,0,283,263,black,byPlateId
16768,16768 407,407,76,-167,circle,1.4485,0,241,221,black,byPlateId
16769,16769 301,301,43,169,circle,2.169,0,286,266,black,byPlateId
16770,16770 305,305,45,142,circle,2.3,0,250,230,black,byPlateId
16771,16771 307,307,51,-125,circle,2.3,0,241,221,black,byPlateId
16772,16772 307,307,42,-123,circle,1.121,0,250,230,black,byPlateId
16773,16773 501,501,-21,-50,circle,2.169,0,283,263,black,byPlateId
16774,16774 501,501,-4,-77,circle,2.169,0,295,275,black,byPlateId
16775,16775 307,307,52,147,circle,1.645,0,241,221,black,byPlateId
16776,16776 304,304,54,-142,circle,1.776,0,244,224,black,byPlateId
16777,16777 307,307,50,-116,circle,1.9725,0,239,219,black,byPlateId
16778,16778 308,308,46,-143,circle,1.8415,0,250,230,black,byPlateId
16779,16779 307,307,47,-123,circle,1.907,0,245,225,black,byPlateId
16780,16780 307,307,48,-121,circle,1.9725,0,243,223,black,byPlateId
16781,16781 801,801,32,10,circle,2.3,0,219,199,black,byPlateId
16782,16782 1820,1820,46,-44,circle,0.466,0,283,263,black,byPlateId
16783,16783 801,801,12,-53,circle,0.7935,0,283,263,black,byPlateId
16784,16784 801,801,35,-52,circle,1.5795,0,283,263,black,byPlateId
16785,16785 801,801,26,-44,circle,1.5795,0,283,263,black,byPlateId
16786,16786 801,801,37,-25,circle,1.907,0,265,245,black,byPlateId
16787,16787 305,305,50,143,circle,2.038,0,249,229,black,byPlateId
16788,16788 305,305,52,144,circle,2.1035,0,247,227,black,byPlateId
16789,16789 304,304,40,126,circle,1.8415,0,250,230,black,byPlateId
16790,16790 290,290,78,39,circle,1.383,0,241,221,black,byPlateId
16791,16791 2011,2011,83,-125,circle,1.9725,0,241,221,black,byPlateId
16792,16792 202,202,82,169,circle,2.038,0,265,245,black,byPlateId
16793,16793 304,304,40,126,circle,1.8415,0,249,229,black,byPlateId
16794,16794 402,402,26,-137,circle,0.55,0,283,263,black,byPlateId
16795,16795 604,604,52,-18,circle,1.8415,0,283,263,black,byPlateId
16796,16796 301,301,47,171,circle,1.907,0,291,271,black,byPlateId
16797,16797 7141,7141,49,-160,circle,0.859,0,250,230,black,byPlateId
16798,16798 307,307,53,-119,circle,1.907,0,256,236,black,byPlateId
16799,16799 307,307,48,-122,circle,1.8415,0,256,236,black,byPlateId
16800,16800 101,101,51,125,circle,1.9725,0,263,243,black,byPlateId
16801,16801 101,101,35,126,circle,1.645,0,292,272,black,byPlateId
16802,16802 133,133,50,121,circle,1.8415,0,256,236,black,byPlateId
16803,16803 306,306,34,-111,circle,1.9725,0,283,263,black,byPlateId
16804,16804 358,358,38,-121,circle,1.514,0,292,272,black,byPlateId
16805,16805 358,358,36,-126,circle,0.7935,0,303,283,black,byPlateId
16806,16806 358,358,45,-134,circle,1.907,0,250,230,black,byPlateId
16807,16807 513,513,23,-78,circle,1.0555,0,299,279,black,byPlateId
16808,16808 101,101,49,115,circle,2.3,0,252,232,black,byPlateId
16809,16809 101,101,51,118,circle,1.9725,0,256,236,black,byPlateId
16810,16810 1695,1695,47,-2,circle,1.9725,0,319,299,black,byPlateId
16811,16811 604,604,55,2,circle,1.4485,0,283,263,black,byPlateId
16812,16812 604,604,40,-127,circle,2.038,0,311,291,black,byPlateId
16813,16813 1680,1680,48,5,circle,1.4485,0,241,221,black,byPlateId
16814,16814 202,202,74,133,circle,1.9725,0,245,225,black,byPlateId
16815,16815 358,358,20,-89,circle,2.3,0,283,263,black,byPlateId
16816,16816 307,307,49,-135,circle,2.038,0,248,228,black,byPlateId
16817,16817 307,307,52,-118,circle,1.8415,0,241,221,black,byPlateId
16818,16818 305,305,35,125,circle,2.3,0,250,230,black,byPlateId
16819,16819 512,512,35,-53,circle,0.466,0,283,263,black,byPlateId
16820,16820 5012,5012,-7,-55,circle,1.776,0,265,245,black,byPlateId
16821,16821 5012,5012,-10,-42,circle,0.6625,0,241,221,black,byPlateId
16822,16822 401,401,32,12,circle,1.7105,0,319,299,black,byPlateId
16823,16823 201,201,82,26,circle,1.776,0,241,221,black,byPlateId
16824,16824 306,306,44,-151,circle,1.645,0,250,230,black,byPlateId
16825,16825 306,306,55,-166,circle,1.776,0,250,230,black,byPlateId
16826,16826 306,306,50,154,circle,1.8415,0,250,230,black,byPlateId
16827,16827 309,309,31,140,circle,1.383,0,250,230,black,byPlateId
16828,16828 714,714,1,-155,circle,1.514,0,406,386,black,byPlateId
16829,16829 305,305,47,156,circle,1.9725,0,261,241,black,byPlateId
16830,16830 305,305,49,154,circle,2.2345,0,261,241,black,byPlateId
16831,16831 291,291,76,136,circle,1.514,0,261,241,black,byPlateId
16832,16832 202,202,81,147,circle,2.1035,0,264,244,black,byPlateId
16833,16833 202,202,78,69,circle,2.1035,0,264,244,black,byPlateId
16834,16834 304,304,49,-163,circle,1.907,0,259,239,black,byPlateId
16835,16835 5011,5011,-13,-43,circle,1.8415,0,268,248,black,byPlateId
16836,16836 402,402,82,139,circle,1.907,0,241,221,black,byPlateId
16837,16837 402,402,66,-106,circle,1.9725,0,241,221,black,byPlateId
16838,16838 301,301,54,172,circle,1.5795,0,275,255,black,byPlateId
16839,16839 305,305,47,168,circle,2.038,0,295,275,black,byPlateId
16840,16840 305,305,40,164,circle,2.038,0,306,286,black,byPlateId
16841,16841 301,301,40,166,circle,2.038,0,308,288,black,byPlateId
16842,16842 315,315,48,163,circle,1.645,0,261,241,black,byPlateId
16843,16843 315,315,50,149,circle,2.038,0,261,241,black,byPlateId
16844,16844 315,315,46,167,circle,1.4485,0,298,278,black,byPlateId
16845,16845 305,305,42,160,circle,1.907,0,305,285,black,byPlateId
16846,16846 305,305,37,170,circle,1.8415,0,319,299,black,byPlateId
16847,16847 301,301,47,157,circle,2.2345,0,261,241,black,byPlateId
16848,16848 305,305,43,165,circle,1.776,0,305,285,black,byPlateId
16849,16849 305,305,43,175,circle,1.645,0,300,280,black,byPlateId
16850,16850 301,301,46,165,circle,1.8415,0,299,279,black,byPlateId
16851,16851 301,301,57,175,circle,0.9245,0,276,256,black,byPlateId
16852,16852 305,305,53,151,circle,2.169,0,261,241,black,byPlateId
16853,16853 301,301,56,162,circle,0.4005,0,261,241,black,byPlateId
16854,16854 715,715,-23,-49,circle,1.645,0,261,241,black,byPlateId
16855,16855 5012,5012,65,163,circle,2.038,0,283,263,black,byPlateId
16856,16856 5012,5012,55,172,circle,2.038,0,283,263,black,byPlateId
16857,16857 5012,5012,57,-170,circle,1.9725,0,283,263,black,byPlateId
16858,16858 309,309,36,141,circle,1.645,0,250,230,black,byPlateId
16859,16859 106,106,48,159,circle,2.038,0,283,263,black,byPlateId
16860,16860 133,133,55,117,circle,1.645,0,266,246,black,byPlateId
16861,16861 133,133,44,120,circle,1.9725,0,305,285,black,byPlateId
16862,16862 101,101,46,122,circle,2.169,0,299,279,black,byPlateId
16863,16863 133,133,44,118,circle,2.3,0,305,285,black,byPlateId
16864,16864 133,133,43,122,circle,1.907,0,305,285,black,byPlateId
16865,16865 133,133,44,116,circle,2.169,0,305,285,black,byPlateId
16866,16866 101,101,48,119,circle,1.4485,0,266,246,black,byPlateId
16867,16867 101,101,43,115,circle,2.1035,0,305,285,black,byPlateId
16868,16868 101,101,52,119,circle,1.9725,0,266,246,black,byPlateId
16869,16869 101,101,51,123,circle,2.169,0,266,246,black,byPlateId
16870,16870 101,101,50,118,circle,2.169,0,266,246,black,byPlateId
16871,16871 101,101,41,118,circle,1.5795,0,305,285,black,byPlateId
16872,16872 1853,1853,46,-58,circle,1.9725,0,297,277,black,byPlateId
16873,16873 304,304,49,-158,circle,1.7105,0,266,246,black,byPlateId
16874,16874 304,304,49,-167,circle,1.7105,0,266,246,black,byPlateId
16875,16875 307,307,45,-121,circle,2.038,0,266,246,black,byPlateId
16876,16876 291,291,32,31,circle,1.776,0,259,239,black,byPlateId
16877,16877 108,108,42,126,circle,2.1035,0,305,285,black,byPlateId
16878,16878 304,304,43,-149,circle,1.907,0,301,281,black,byPlateId
16879,16879 307,307,39,-108,circle,0.99,0,266,246,black,byPlateId
16880,16880 307,307,43,-117,circle,1.645,0,266,246,black,byPlateId
16881,16881 307,307,38,-115,circle,1.776,0,266,246,black,byPlateId
16882,16882 307,307,35,-112,circle,1.383,0,266,246,black,byPlateId
16883,16883 402,402,69,-10,circle,1.776,0,241,221,black,byPlateId
16884,16884 307,307,49,-108,circle,1.907,0,263,243,black,byPlateId
16885,16885 305,305,42,169,circle,2.169,0,306,286,black,byPlateId
16886,16886 305,305,44,170,circle,1.776,0,301,281,black,byPlateId
16887,16887 305,305,49,161,circle,1.1865,0,274,254,black,byPlateId
16888,16888 305,305,43,-167,circle,0.9245,0,283,263,black,byPlateId
16889,16889 707,707,24,-116,circle,1.776,0,291,271,black,byPlateId
16890,16890 707,707,32,-116,circle,1.9725,0,283,263,black,byPlateId
16891,16891 707,707,39,-123,circle,1.9725,0,274,254,black,byPlateId
16892,16892 7141,7141,29,-120,circle,1.907,0,288,268,black,byPlateId
16893,16893 709,709,27,-91,circle,1.514,0,283,263,black,byPlateId
16894,16894 290,290,65,167,circle,2.038,0,292,272,black,byPlateId
16895,16895 202,202,59,178,circle,2.1035,0,296,276,black,byPlateId
16896,16896 291,291,63,176,circle,1.776,0,295,275,black,byPlateId
16897,16897 304,304,42,-149,circle,2.038,0,303,283,black,byPlateId
16898,16898 304,304,36,-149,circle,1.8415,0,307,287,black,byPlateId
16899,16899 101,101,42,132,circle,2.169,0,308,288,black,byPlateId
16900,16900 701,701,46,-140,circle,1.9725,0,274,254,black,byPlateId
16901,16901 707,707,36,-122,circle,0.99,0,277,257,black,byPlateId
16902,16902 2011,2011,57,177,circle,1.5795,0,299,279,black,byPlateId
16903,16903 101,101,39,121,circle,1.645,0,305,285,black,byPlateId
16904,16904 1695,1695,-55,-16,circle,1.5795,0,261,241,black,byPlateId
16905,16905 305,305,41,172,circle,1.9725,0,313,293,black,byPlateId
16906,16906 313,313,41,162,circle,2.2345,0,305,285,black,byPlateId
16907,16907 715,715,-24,-65,circle,1.5795,0,283,263,black,byPlateId
16908,16908 307,307,42,-108,circle,1.4485,0,261,241,black,byPlateId
16909,16909 5012,5012,-26,-71,circle,1.776,0,283,263,black,byPlateId
16910,16910 5012,5012,3,-98,circle,1.514,0,338,318,black,byPlateId
16911,16911 101,101,34,126,circle,1.252,0,320,300,black,byPlateId
16912,16912 301,301,31,174,circle,2.169,0,320,300,black,byPlateId
16913,16913 301,301,38,166,circle,1.9725,0,320,300,black,byPlateId
16914,16914 301,301,37,174,circle,1.8415,0,320,300,black,byPlateId
16915,16915 301,301,43,160,circle,1.8415,0,305,285,black,byPlateId
16916,16916 305,305,42,168,circle,1.0555,0,305,285,black,byPlateId
16917,16917 315,315,41,169,circle,1.252,0,309,289,black,byPlateId
16918,16918 305,305,48,175,circle,1.907,0,289,269,black,byPlateId
16919,16919 301,301,39,161,circle,2.1035,0,305,285,black,byPlateId
16920,16920 702,702,53,-99,circle,1.776,0,266,246,black,byPlateId
16921,16921 301,301,38,164,circle,1.8415,0,326,306,black,byPlateId
16922,16922 304,304,42,-152,circle,1.383,0,305,285,black,byPlateId
16923,16923 304,304,36,-157,circle,1.514,0,307,287,black,byPlateId
16924,16924 101,101,44,123,circle,1.9725,0,303,283,black,byPlateId
16925,16925 108,108,42,133,circle,1.907,0,309,289,black,byPlateId
16926,16926 108,108,41,126,circle,1.907,0,305,285,black,byPlateId
16927,16927 1616,1616,17,-102,circle,1.7105,0,280,260,black,byPlateId
16928,16928 1616,1616,-34,-130,circle,1.514,0,306,286,black,byPlateId
16929,16929 305,305,42,166,circle,1.1865,0,305,285,black,byPlateId
16930,16930 133,133,47,119,circle,2.1035,0,299,279,black,byPlateId
16931,16931 313,313,38,174,circle,1.9725,0,317,297,black,byPlateId
16932,16932 301,301,43,170,circle,1.9725,0,303,283,black,byPlateId
16933,16933 301,301,46,176,circle,2.038,0,292,272,black,byPlateId
16934,16934 611,611,22,-135,circle,1.121,0,311,291,black,byPlateId
16935,16935 307,307,36,-117,circle,1.121,0,296,276,black,byPlateId
16936,16936 101,101,46,129,circle,2.169,0,296,276,black,byPlateId
16937,16937 303,303,44,161,circle,1.9725,0,305,285,black,byPlateId
16938,16938 202,202,66,168,circle,1.9725,0,287,267,black,byPlateId
16939,16939 308,308,29,-105,circle,1.645,0,283,263,black,byPlateId
16940,16940 308,308,24,-135,circle,1.7105,0,333,313,black,byPlateId
16941,16941 2021,2021,51,167,circle,1.907,0,321,301,black,byPlateId
16942,16942 5011,5011,-18,-69,circle,1.514,0,283,263,black,byPlateId
16943,16943 334,334,0,-76,circle,1.907,0,284,264,black,byPlateId
16944,16944 101,101,37,131,circle,1.776,0,322,302,black,byPlateId
16945,16945 301,301,32,174,circle,2.169,0,331,311,black,byPlateId
16946,16946 108,108,41,132,circle,2.038,0,311,291,black,byPlateId
16947,16947 108,108,40,131,circle,1.907,0,313,293,black,byPlateId
16948,16948 2011,2011,54,171,circle,1.907,0,311,291,black,byPlateId
16949,16949 801,801,73,-33,circle,2.1035,0,335,315,black,byPlateId
16950,16950 108,108,39,125,circle,1.645,0,308,288,black,byPlateId
16951,16951 305,305,34,152,circle,1.8415,0,305,285,black,byPlateId
16952,16952 305,305,39,163,circle,1.7105,0,307,287,black,byPlateId
16953,16953 305,305,43,174,circle,1.383,0,301,281,black,byPlateId
16954,16954 306,306,27,-107,circle,2.3,0,290,270,black,byPlateId
16955,16955 101,101,27,123,circle,1.907,0,336,316,black,byPlateId
16956,16956 101,101,36,124,circle,2.038,0,330,310,black,byPlateId
16957,16957 301,301,38,168,circle,1.8415,0,323,303,black,byPlateId
16958,16958 7013,7013,27,-153,circle,1.5795,0,338,318,black,byPlateId
16959,16959 202,202,85,155,circle,1.9725,0,289,269,black,byPlateId
16960,16960 202,202,49,163,circle,1.9725,0,328,308,black,byPlateId
16961,16961 201,201,28,146,circle,1.9725,0,338,318,black,byPlateId
16962,16962 2011,2011,55,171,circle,1.514,0,309,289,black,byPlateId
16963,16963 2011,2011,65,167,circle,1.7105,0,289,269,black,byPlateId
16964,16964 801,801,50,-40,circle,1.7105,0,289,269,black,byPlateId
16965,16965 501,501,-32,-46,circle,2.1035,0,289,269,black,byPlateId
16966,16966 511,511,48,-110,circle,1.514,0,289,269,black,byPlateId
16967,16967 5012,5012,41,160,circle,2.038,0,289,269,black,byPlateId
16968,16968 5012,5012,52,180,circle,1.7105,0,289,269,black,byPlateId
16969,16969 628,628,33,-22,circle,2.038,0,289,269,black,byPlateId
16970,16970 315,315,49,169,circle,2.1035,0,295,275,black,byPlateId
16971,16971 305,305,39,-179,circle,1.5795,0,318,298,black,byPlateId
16972,16972 101,101,38,133,circle,1.645,0,317,297,black,byPlateId
16973,16973 108,108,36,125,circle,1.9725,0,330,310,black,byPlateId
16974,16974 707,707,28,-122,circle,1.4485,0,297,277,black,byPlateId
16975,16975 2021,2021,57,170,circle,1.645,0,310,290,black,byPlateId
16976,16976 1820,1820,23,-43,circle,1.121,0,289,269,black,byPlateId
16977,16977 407,407,72,7,circle,1.8415,0,289,269,black,byPlateId
16978,16978 101,101,36,122,circle,1.907,0,331,311,black,byPlateId
16979,16979 101,101,36,122,circle,1.907,0,331,311,black,byPlateId
16980,16980 1853,1853,84,141,circle,1.645,0,337,317,black,byPlateId
16981,16981 401,401,70,-61,circle,1.907,0,293,273,black,byPlateId
16982,16982 305,305,12,111,circle,1.907,0,305,285,black,byPlateId
16983,16983 108,108,21,135,circle,1.645,0,341,321,black,byPlateId
16984,16984 315,315,35,175,circle,1.9725,0,324,304,black,byPlateId
16985,16985 291,291,56,15,circle,1.8415,0,299,279,black,byPlateId
16986,16986 101,101,36,124,circle,1.9725,0,331,311,black,byPlateId
16987,16987 101,101,55,134,circle,1.645,0,285,265,black,byPlateId
16988,16988 305,305,-16,109,circle,1.514,0,363,343,black,byPlateId
16989,16989 7141,7141,25,-125,circle,2.038,0,316,296,black,byPlateId
16990,16990 101,101,34,143,circle,1.8415,0,316,296,black,byPlateId
16991,16991 305,305,30,151,circle,1.3175,0,354,334,black,byPlateId
16992,16992 305,305,30,148,circle,2.038,0,339,319,black,byPlateId
16993,16993 108,108,29,122,circle,0.1385,0,348,328,black,byPlateId
16994,16994 108,108,36,136,circle,1.907,0,319,299,black,byPlateId
16995,16995 714,714,25,-125,circle,2.038,0,316,296,black,byPlateId
16996,16996 304,304,7,149,circle,1.252,0,352,332,black,byPlateId
16997,16997 305,305,-30,79,circle,1.776,0,316,296,black,byPlateId
16998,16998 304,304,7,149,circle,1.252,0,352,332,black,byPlateId
16999,16999 101,101,32,121,circle,2.038,0,343,323,black,byPlateId
17000,17000 101,101,24,141,circle,1.645,0,352,332,black,byPlateId
17001,17001 101,101,34,119,circle,1.7105,0,338,318,black,byPlateId
17002,17002 5012,5012,30,-68,circle,0.466,0,354,334,black,byPlateId
17003,17003 5012,5012,22,-119,circle,0.859,0,354,334,black,byPlateId
17004,17004 101,101,34,118,circle,1.8415,0,339,319,black,byPlateId
17005,17005 109,109,40,134,circle,2.1035,0,308,288,black,byPlateId
17006,17006 108,108,36,122,circle,2.1035,0,332,312,black,byPlateId
17007,17007 604,604,2,-144,circle,2.3,0,311,291,black,byPlateId
17008,17008 628,628,41,-53,circle,2.038,0,289,269,black,byPlateId
17009,17009 304,304,4,-111,circle,2.169,0,340,320,black,byPlateId
17010,17010 304,304,35,175,circle,1.7105,0,365,345,black,byPlateId
17011,17011 304,304,4,-111,circle,2.169,0,340,320,black,byPlateId
17012,17012 304,304,35,175,circle,1.7105,0,365,345,black,byPlateId
17013,17013 101,101,22,122,circle,1.7105,0,362,342,black,byPlateId
17014,17014 305,305,21,137,circle,1.0555,0,373,353,black,byPlateId
17015,17015 101,101,27,131,circle,1.776,0,352,332,black,byPlateId
17016,17016 308,308,31,-110,circle,1.383,0,291,271,black,byPlateId
17017,17017 305,305,8,104,circle,1.514,0,361,341,black,byPlateId
17018,17018 707,707,8,-123,circle,1.907,0,316,296,black,byPlateId
17019,17019 108,108,36,137,circle,1.907,0,318,298,black,byPlateId
17020,17020 305,305,25,-132,circle,1.7105,0,327,307,black,byPlateId
17021,17021 108,108,20,139,circle,1.9725,0,352,332,black,byPlateId
17022,17022 1695,1695,-57,2,circle,1.5795,0,316,296,black,byPlateId
17023,17023 305,305,41,163,circle,1.383,0,308,288,black,byPlateId
17024,17024 315,315,42,-160,circle,1.9725,0,316,296,black,byPlateId
17025,17025 313,313,18,161,circle,1.776,0,368,348,black,byPlateId
17026,17026 313,313,14,152,circle,1.8415,0,379,359,black,byPlateId
17027,17027 309,309,27,153,circle,1.514,0,365,345,black,byPlateId
17028,17028 291,291,75,30,circle,1.7105,0,308,288,black,byPlateId
17029,17029 1853,1853,73,34,circle,0.9245,0,373,353,black,byPlateId
17030,17030 611,611,25,-139,circle,0.466,0,311,291,black,byPlateId
17031,17031 306,306,54,173,circle,1.9725,0,373,353,black,byPlateId
17032,17032 101,101,34,126,circle,1.4485,0,334,314,black,byPlateId
17033,17033 101,101,39,130,circle,1.3175,0,314,294,black,byPlateId
17034,17034 315,315,48,172,circle,1.8415,0,291,271,black,byPlateId
17035,17035 101,101,29,140,circle,1.8415,0,336,316,black,byPlateId
17036,17036 108,108,24,152,circle,1.907,0,336,316,black,byPlateId
17037,17037 108,108,32,136,circle,1.776,0,335,315,black,byPlateId
17038,17038 7141,7141,25,-159,circle,2.2345,0,363,343,black,byPlateId
17039,17039 101,101,11,148,circle,1.645,0,352,332,black,byPlateId
17040,17040 5011,5011,29,-122,circle,1.4485,0,379,359,black,byPlateId
17041,17041 1851,1851,54,-84,circle,1.776,0,330,310,black,byPlateId
17042,17042 108,108,12,120,circle,1.645,0,382,362,black,byPlateId
17043,17043 101,101,23,117,circle,1.252,0,366,346,black,byPlateId
17044,17044 512,512,0,-148,circle,2.038,0,342,322,black,byPlateId
17045,17045 619,619,-72,55,circle,1.0555,0,470,450,black,byPlateId
17046,17046 315,315,32,158,circle,1.645,0,355,335,black,byPlateId
17047,17047 716,716,42,-124,circle,1.776,0,308,288,black,byPlateId
17048,17048 305,305,-37,110,circle,1.7105,0,411,391,black,byPlateId
17049,17049 7141,7141,19,-160,circle,2.038,0,364,344,black,byPlateId
17050,17050 8011,8011,48,-67,circle,1.776,0,316,296,black,byPlateId
17051,17051 108,108,27,124,circle,1.645,0,355,335,black,byPlateId
17052,17052 1853,1853,69,-152,circle,1.907,0,396,376,black,byPlateId
17053,17053 8011,8011,60,-112,circle,1.9725,0,395,375,black,byPlateId
17054,17054 108,108,32,109,circle,0.728,0,362,342,black,byPlateId
17055,17055 101,101,24,87,circle,1.8415,0,373,353,black,byPlateId
17056,17056 108,108,-47,105,circle,1.907,0,414,394,black,byPlateId
17057,17057 1853,1853,54,-156,circle,1.3175,0,418,398,black,byPlateId
17058,17058 301,301,20,141,circle,1.776,0,377,357,black,byPlateId
17059,17059 301,301,32,161,circle,1.8415,0,349,329,black,byPlateId
17060,17060 301,301,33,170,circle,2.1035,0,349,329,black,byPlateId
17061,17061 8011,8011,49,-142,circle,1.776,0,405,385,black,byPlateId
17062,17062 5012,5012,35,-138,circle,2.038,0,405,385,black,byPlateId
17063,17063 511,511,39,-126,circle,1.907,0,349,329,black,byPlateId
17064,17064 511,511,-5,-107,circle,1.8415,0,405,385,black,byPlateId
17065,17065 511,511,-5,-72,circle,1.907,0,405,385,black,byPlateId
17066,17066 5011,5011,35,-54,circle,1.1865,0,370,350,black,byPlateId
17067,17067 5012,5012,-11,151,circle,1.776,0,349,329,black,byPlateId
17068,17068 108,108,23,126,circle,1.645,0,358,338,black,byPlateId
17069,17069 101,101,26,124,circle,1.252,0,356,336,black,byPlateId
17070,17070 101,101,33,90,circle,1.8415,0,372,352,black,byPlateId
17071,17071 101,101,28,77,circle,1.8415,0,373,353,black,byPlateId
17072,17072 1853,1853,65,160,circle,1.383,0,398,378,black,byPlateId
17073,17073 8011,8011,42,-139,circle,1.5795,0,428,408,black,byPlateId
17074,17074 108,108,35,76,circle,2.038,0,373,353,black,byPlateId
17075,17075 305,305,30,-171,circle,1.645,0,350,330,black,byPlateId
17076,17076 101,101,16,112,circle,1.3175,0,379,359,black,byPlateId
17077,17077 301,301,21,170,circle,1.514,0,435,415,black,byPlateId
17078,17078 108,108,24,114,circle,1.7105,0,367,347,black,byPlateId
17079,17079 108,108,20,129,circle,1.907,0,436,416,black,byPlateId
17080,17080 101,101,25,99,circle,1.7105,0,373,353,black,byPlateId
17081,17081 303,303,24,150,circle,1.7105,0,370,350,black,byPlateId
17082,17082 303,303,21,134,circle,2.1035,0,378,358,black,byPlateId
17083,17083 1853,1853,49,132,circle,1.645,0,414,394,black,byPlateId
17084,17084 1853,1853,28,92,circle,1.121,0,373,353,black,byPlateId
17085,17085 108,108,29,82,circle,1.5795,0,373,353,black,byPlateId
17086,17086 1853,1853,77,151,circle,1.8415,0,373,353,black,byPlateId
17087,17087 1616,1616,-67,-46,circle,1.907,0,427,407,black,byPlateId
17088,17088 611,611,-9,-170,circle,1.8415,0,436,416,black,byPlateId
17089,17089 512,512,66,-83,circle,0.99,0,436,416,black,byPlateId
17090,17090 5012,5012,17,165,circle,2.038,0,436,416,black,byPlateId
17091,17091 315,315,-43,-147,circle,1.7105,0,437,417,black,byPlateId
17092,17092 301,301,31,156,circle,1.645,0,375,355,black,byPlateId
17093,17093 1853,1853,72,161,circle,1.5795,0,378,358,black,byPlateId
17094,17094 313,313,36,168,circle,0.335,0,329,309,black,byPlateId
17095,17095 304,304,3,-125,circle,1.645,0,350,330,black,byPlateId
17096,17096 303,303,30,147,circle,0.4005,0,375,355,black,byPlateId
17097,17097 313,313,27,149,circle,1.907,0,375,355,black,byPlateId
17098,17098 7014,7014,-10,-165,circle,1.8415,0,418,398,black,byPlateId
17099,17099 511,511,50,-154,circle,1.776,0,382,362,black,byPlateId
17100,17100 305,305,24,142,circle,1.907,0,375,355,black,byPlateId
17101,17101 315,315,32,166,circle,1.3175,0,375,355,black,byPlateId
17102,17102 1853,1853,44,73,circle,0.4005,0,375,355,black,byPlateId
17103,17103 315,315,22,149,circle,0.335,0,373,353,black,byPlateId
17104,17104 313,313,24,161,circle,1.907,0,431,411,black,byPlateId
17105,17105 2011,2011,30,133,circle,0.597,0,382,362,black,byPlateId
17106,17106 201,201,-14,123,circle,1.0555,0,431,411,black,byPlateId
17107,17107 5012,5012,-30,-12,circle,1.3175,0,450,430,black,byPlateId
17108,17108 102,102,-1,122,circle,1.5795,0,414,394,black,byPlateId
17109,17109 303,303,14,154,circle,2.038,0,388,368,black,byPlateId
17110,17110 313,313,-4,141,circle,1.4485,0,414,394,black,byPlateId
17111,17111 108,108,31,122,circle,1.7105,0,346,326,black,byPlateId
17112,17112 1853,1853,74,43,circle,1.645,0,388,368,black,byPlateId
17113,17113 1853,1853,64,-135,circle,1.645,0,400,380,black,byPlateId
17114,17114 611,611,48,-132,circle,0.9245,0,388,368,black,byPlateId
17115,17115 505,505,51,-164,circle,1.645,0,436,416,black,byPlateId
17116,17116 101,101,1,91,circle,1.645,0,414,394,black,byPlateId
17117,17117 101,101,13,105,circle,1.7105,0,393,373,black,byPlateId
17118,17118 108,108,28,85,circle,2.038,0,382,362,black,byPlateId
17119,17119 305,305,38,145,circle,1.514,0,305,285,black,byPlateId
17120,17120 309,309,12,135,circle,1.645,0,406,386,black,byPlateId
17121,17121 108,108,2,95,circle,1.1865,0,414,394,black,byPlateId
17122,17122 714,714,35,-136,circle,1.9725,0,382,362,black,byPlateId
17123,17123 510,510,6,128,circle,1.907,0,414,394,black,byPlateId
17124,17124 303,303,6,133,circle,1.907,0,414,394,black,byPlateId
17125,17125 2021,2021,-9,158,circle,1.776,0,468,448,black,byPlateId
17126,17126 303,303,8,167,circle,1.776,0,429,409,black,byPlateId
17127,17127 303,303,-2,147,circle,1.383,0,414,394,black,byPlateId
17128,17128 313,313,5,146,circle,0.728,0,414,394,black,byPlateId
17129,17129 313,313,4,140,circle,1.907,0,414,394,black,byPlateId
17130,17130 315,315,41,152,circle,1.7105,0,305,285,black,byPlateId
17131,17131 101,101,1,88,circle,1.8415,0,414,394,black,byPlateId
17132,17132 313,313,-2,138,circle,2.1035,0,414,394,black,byPlateId
17133,17133 315,315,-3,118,circle,1.4485,0,414,394,black,byPlateId
17134,17134 301,301,4,128,circle,1.121,0,414,394,black,byPlateId
17135,17135 7141,7141,43,-171,circle,1.907,0,400,380,black,byPlateId
17136,17136 313,313,-6,107,circle,1.907,0,414,394,black,byPlateId
17137,17137 303,303,-2,141,circle,1.907,0,414,394,black,byPlateId
17138,17138 313,313,8,144,circle,1.9725,0,409,389,black,byPlateId
17139,17139 108,108,29,93,circle,1.383,0,392,372,black,byPlateId
17140,17140 108,108,-38,85,circle,1.776,0,414,394,black,byPlateId
17141,17141 108,108,-43,136,circle,1.121,0,451,431,black,byPlateId
17142,17142 301,301,19,-135,circle,1.645,0,451,431,black,byPlateId
17143,17143 301,301,19,128,circle,1.514,0,392,372,black,byPlateId
17144,17144 304,304,3,-125,circle,1.645,0,401,381,black,byPlateId
17145,17145 303,303,16,168,circle,1.907,0,435,415,black,byPlateId
17146,17146 101,101,31,117,circle,1.7105,0,443,423,black,byPlateId
17147,17147 101,101,33,103,circle,1.8415,0,443,423,black,byPlateId
17148,17148 1695,1695,-17,-101,circle,0.99,0,406,386,black,byPlateId
17149,17149 108,108,-5,87,circle,1.8415,0,414,394,black,byPlateId
17150,17150 303,303,15,167,circle,1.776,0,433,413,black,byPlateId
17151,17151 313,313,2,108,circle,2.038,0,414,394,black,byPlateId
17152,17152 611,611,51,-131,circle,0.99,0,406,386,black,byPlateId
17153,17153 301,301,-5,155,circle,1.776,0,414,394,black,byPlateId
17154,17154 315,315,8,125,circle,1.645,0,414,394,black,byPlateId
17155,17155 313,313,42,-112,circle,1.5795,0,445,425,black,byPlateId
17156,17156 313,313,36,-96,circle,1.252,0,414,394,black,byPlateId
17157,17157 1853,1853,63,-172,circle,1.8415,0,411,391,black,byPlateId
17158,17158 305,305,1,159,circle,1.776,0,405,385,black,byPlateId
17159,17159 301,301,19,164,circle,1.7105,0,434,414,black,byPlateId
17160,17160 1853,1853,47,177,circle,1.7105,0,430,410,black,byPlateId
17161,17161 1853,1853,54,91,circle,1.645,0,406,386,black,byPlateId
17162,17162 108,108,27,84,circle,1.5795,0,382,362,black,byPlateId
17163,17163 301,301,14,180,circle,0.466,0,443,423,black,byPlateId
17164,17164 101,101,19,129,circle,1.907,0,448,428,black,byPlateId
17165,17165 101,101,17,125,circle,1.9725,0,443,423,black,byPlateId
17166,17166 108,108,-2,122,circle,0.859,0,419,399,black,byPlateId
17167,17167 301,301,21,166,circle,1.9725,0,435,415,black,byPlateId
17168,17168 8021,8021,12,-153,circle,1.1865,0,480,460,black,byPlateId
17169,17169 315,315,26,169,circle,1.7105,0,352,332,black,byPlateId
17170,17170 313,313,28,154,circle,1.645,0,448,428,black,byPlateId
17171,17171 101,101,-63,125,circle,1.383,0,414,394,black,byPlateId
17172,17172 313,313,5,151,circle,1.9725,0,411,391,black,byPlateId
17173,17173 303,303,16,168,circle,1.0555,0,435,415,black,byPlateId
17174,17174 303,303,27,167,circle,1.907,0,453,433,black,byPlateId
17175,17175 303,303,23,175,circle,1.907,0,461,441,black,byPlateId
17176,17176 305,305,-16,142,circle,0.728,0,438,418,black,byPlateId
17177,17177 313,313,-3,143,circle,0.2695,0,415,395,black,byPlateId
17178,17178 303,303,18,147,circle,1.776,0,406,386,black,byPlateId
17179,17179 303,303,16,141,circle,1.776,0,406,386,black,byPlateId
17180,17180 303,303,16,148,circle,1.9725,0,406,386,black,byPlateId
17181,17181 201,201,-34,164,circle,1.7105,0,452,432,black,byPlateId
17182,17182 611,611,5,-165,circle,1.907,0,406,386,black,byPlateId
17183,17183 511,511,7,-79,circle,1.907,0,414,394,black,byPlateId
17184,17184 315,315,-8,122,circle,1.383,0,417,397,black,byPlateId
17185,17185 108,108,-16,139,circle,2.038,0,459,439,black,byPlateId
17186,17186 108,108,16,133,circle,1.8415,0,439,419,black,byPlateId
17187,17187 101,101,25,110,circle,1.383,0,453,433,black,byPlateId
17188,17188 313,313,21,178,circle,1.9725,0,464,444,black,byPlateId
17189,17189 1853,1853,38,-145,circle,1.776,0,464,444,black,byPlateId
17190,17190 315,315,-9,107,circle,2.3,0,414,394,black,byPlateId
17191,17191 304,304,8,118,circle,1.383,0,450,430,black,byPlateId
17192,17192 303,303,10,-171,circle,1.8415,0,465,445,black,byPlateId
17193,17193 304,304,8,118,circle,1.383,0,450,430,black,byPlateId
17194,17194 108,108,36,85,circle,1.5795,0,423,403,black,byPlateId
17195,17195 108,108,2,130,circle,2.038,0,450,430,black,byPlateId
17196,17196 108,108,0,118,circle,1.5795,0,417,397,black,byPlateId
17197,17197 303,303,15,168,circle,1.645,0,434,414,black,byPlateId
17198,17198 303,303,17,166,circle,1.907,0,434,414,black,byPlateId
17199,17199 101,101,-15,68,circle,1.645,0,414,394,black,byPlateId
17200,17200 313,313,31,169,circle,2.038,0,453,433,black,byPlateId
17201,17201 5011,5011,-12,-160,circle,1.645,0,481,461,black,byPlateId
17202,17202 101,101,35,126,circle,0.99,0,453,433,black,byPlateId
17203,17203 303,303,21,164,circle,1.9725,0,453,433,black,byPlateId
17204,17204 101,101,28,142,circle,1.8415,0,466,446,black,byPlateId
17205,17205 101,101,19,129,circle,1.121,0,455,435,black,byPlateId
17206,17206 202,202,61,158,circle,1.1865,0,301,281,black,byPlateId
17207,17207 315,315,0,-163,circle,1.514,0,463,443,black,byPlateId
17208,17208 7013,7013,-25,163,circle,1.121,0,450,430,black,byPlateId
17209,17209 313,313,20,173,circle,1.645,0,460,440,black,byPlateId
17210,17210 315,315,-17,-149,circle,1.4485,0,483,463,black,byPlateId
17211,17211 291,291,56,-147,circle,1.252,0,412,392,black,byPlateId
17212,17212 303,303,24,178,circle,1.776,0,464,444,black,byPlateId
17213,17213 303,303,4,178,circle,1.252,0,476,456,black,byPlateId
17214,17214 315,315,51,162,circle,1.4485,0,435,415,black,byPlateId
17215,17215 305,305,-34,-175,circle,1.9725,0,476,456,black,byPlateId
17216,17216 101,101,23,139,circle,1.4485,0,466,446,black,byPlateId
17217,17217 313,313,8,178,circle,1.383,0,471,451,black,byPlateId
17218,17218 101,101,31,102,circle,1.5795,0,453,433,black,byPlateId
17219,17219 715,715,-40,150,circle,1.7105,0,486,466,black,byPlateId
17220,17220 101,101,21,105,circle,1.4485,0,453,433,black,byPlateId
17221,17221 101,101,19,128,circle,0.9245,0,451,431,black,byPlateId
17222,17222 101,101,32,114,circle,1.9725,0,453,433,black,byPlateId
17223,17223 315,315,-2,-178,circle,1.5795,0,455,435,black,byPlateId
17224,17224 305,305,3,178,circle,1.776,0,434,414,black,byPlateId
17225,17225 101,101,-48,108,circle,1.252,0,434,414,black,byPlateId
17226,17226 109,109,-16,123,circle,1.383,0,434,414,black,byPlateId
17227,17227 1853,1853,-6,-161,circle,1.907,0,484,464,black,byPlateId
17228,17228 301,301,-4,143,circle,0.6625,0,441,421,black,byPlateId
17229,17229 101,101,11,142,circle,1.5795,0,477,457,black,byPlateId
17230,17230 101,101,15,156,circle,1.645,0,486,466,black,byPlateId
17231,17231 101,101,13,149,circle,1.9725,0,486,466,black,byPlateId
17232,17232 304,304,-22,165,circle,1.907,0,450,430,black,byPlateId
17233,17233 313,313,3,-158,circle,1.8415,0,486,466,black,byPlateId
17234,17234 315,315,12,-153,circle,1.776,0,464,444,black,byPlateId
17235,17235 304,304,-22,165,circle,1.907,0,450,430,black,byPlateId
17236,17236 315,315,23,178,circle,2.3,0,436,416,black,byPlateId
17237,17237 101,101,26,161,circle,1.776,0,486,466,black,byPlateId
17238,17238 315,315,-82,123,circle,1.383,0,481,461,black,byPlateId
17239,17239 108,108,-32,83,circle,2.038,0,414,394,black,byPlateId
17240,17240 109,109,20,60,circle,1.383,0,443,423,black,byPlateId
17241,17241 101,101,27,112,circle,1.3175,0,453,433,black,byPlateId
17242,17242 101,101,36,160,circle,1.383,0,485,465,black,byPlateId
17243,17243 101,101,33,147,circle,1.907,0,468,448,black,byPlateId
17244,17244 101,101,6,-169,circle,1.0555,0,486,466,black,byPlateId
17245,17245 313,313,18,-152,circle,1.5795,0,482,462,black,byPlateId
17246,17246 315,315,0,-157,circle,1.8415,0,465,445,black,byPlateId
17247,17247 8011,8011,2,-129,circle,1.645,0,481,461,black,byPlateId
17248,17248 315,315,-11,-162,circle,1.7105,0,466,446,black,byPlateId
17249,17249 315,315,12,177,circle,1.776,0,448,428,black,byPlateId
17250,17250 101,101,6,140,circle,1.5795,0,477,457,black,byPlateId
17251,17251 313,313,9,-146,circle,0.99,0,484,464,black,byPlateId
17252,17252 315,315,3,165,circle,1.645,0,452,432,black,byPlateId
17253,17253 604,604,43,-27,circle,1.5795,0,486,466,black,byPlateId
17254,17254 315,315,3,175,circle,2.038,0,453,433,black,byPlateId
17255,17255 315,315,3,-176,circle,1.8415,0,455,435,black,byPlateId
17256,17256 108,108,8,140,circle,1.7105,0,455,435,black,byPlateId
17257,17257 101,101,10,131,circle,1.8415,0,463,443,black,byPlateId
17258,17258 8013,8013,-26,-105,circle,1.8415,0,490,470,black,byPlateId
17259,17259 8013,8013,-17,-104,circle,1.776,0,471,451,black,byPlateId
17260,17260 8011,8011,-37,-111,circle,1.9725,0,490,470,black,byPlateId
17261,17261 8012,8012,30,-149,circle,1.7105,0,468,448,black,byPlateId
17262,17262 315,315,-27,-144,circle,1.9725,0,486,466,black,byPlateId
17263,17263 101,101,-14,-172,circle,1.514,0,489,469,black,byPlateId
17264,17264 315,315,-10,-134,circle,1.7105,0,488,468,black,byPlateId
17265,17265 802,802,3,-156,circle,1.9725,0,489,469,black,byPlateId
17266,17266 101,101,21,138,circle,1.8415,0,466,446,black,byPlateId
17267,17267 101,101,18,152,circle,1.7105,0,487,467,black,byPlateId
17268,17268 1695,1695,-49,-102,circle,1.514,0,470,450,black,byPlateId
17269,17269 315,315,-73,-131,circle,1.383,0,508,488,black,byPlateId
17270,17270 315,315,-68,108,circle,1.9725,0,508,488,black,byPlateId
17271,17271 305,305,13,150,circle,2.3,0,434,414,black,byPlateId
17272,17272 101,101,-34,102,circle,2.3,0,434,414,black,byPlateId
17273,17273 313,313,28,-162,circle,1.514,0,489,469,black,byPlateId
17274,17274 201,201,-4,122,circle,0.859,0,434,414,black,byPlateId
17275,17275 202,202,-31,-167,circle,0.55,0,490,470,black,byPlateId
17276,17276 202,202,-11,153,circle,1.7105,0,460,440,black,byPlateId
17277,17277 7013,7013,-51,172,circle,0.99,0,490,470,black,byPlateId
17278,17278 802,802,9,-153,circle,1.5795,0,484,464,black,byPlateId
17279,17279 101,101,19,98,circle,0.4005,0,453,433,black,byPlateId
17280,17280 313,313,-12,120,circle,2.038,0,454,434,black,byPlateId
17281,17281 301,301,-18,-134,circle,1.9725,0,490,470,black,byPlateId
17282,17282 313,313,-12,120,circle,2.038,0,454,434,black,byPlateId
17283,17283 303,303,-47,-116,circle,1.907,0,520,500,black,byPlateId
17284,17284 305,305,-28,151,circle,1.8415,0,456,436,black,byPlateId
17285,17285 305,305,-34,163,circle,1.907,0,496,476,black,byPlateId
17286,17286 305,305,-22,-171,circle,1.645,0,470,450,black,byPlateId
17287,17287 101,101,29,135,circle,1.8415,0,456,436,black,byPlateId
17288,17288 101,101,32,130,circle,1.252,0,456,436,black,byPlateId
17289,17289 301,301,-30,-125,circle,1.7105,0,500,480,black,byPlateId
17290,17290 305,305,-35,164,circle,1.5795,0,502,482,black,byPlateId
17291,17291 313,313,16,-148,circle,1.776,0,508,488,black,byPlateId
17292,17292 301,301,16,-176,circle,1.5795,0,456,436,black,byPlateId
17293,17293 202,202,9,-174,circle,1.907,0,470,450,black,byPlateId
17294,17294 5011,5011,-79,173,circle,2.038,0,470,450,black,byPlateId
17295,17295 611,611,-39,-124,circle,1.1865,0,505,485,black,byPlateId
17296,17296 315,315,-56,126,circle,1.907,0,503,483,black,byPlateId
17297,17297 305,305,-73,173,circle,1.907,0,490,470,black,byPlateId
17298,17298 101,101,10,166,circle,1.514,0,508,488,black,byPlateId
17299,17299 315,315,2,119,circle,1.121,0,456,436,black,byPlateId
17300,17300 305,305,-48,92,circle,2.1035,0,490,470,black,byPlateId
17301,17301 108,108,33,102,circle,1.907,0,456,436,black,byPlateId
17302,17302 7014,7014,-28,-166,circle,1.7105,0,471,451,black,byPlateId
17303,17303 8011,8011,13,-155,circle,1.4485,0,490,470,black,byPlateId
17304,17304 1853,1853,11,-177,circle,2.3,0,490,470,black,byPlateId
17305,17305 604,604,26,17,circle,1.5795,0,505,485,black,byPlateId
17306,17306 8021,8021,28,-170,circle,1.9725,0,466,446,black,byPlateId
17307,17307 313,313,-6,122,circle,1.252,0,459,439,black,byPlateId
17308,17308 133,133,37,102,circle,1.7105,0,460,440,black,byPlateId
17309,17309 508,508,37,-37,circle,1.776,0,490,470,black,byPlateId
17310,17310 101,101,-3,123,circle,1.8415,0,463,443,black,byPlateId
17311,17311 304,304,-23,-178,circle,1.907,0,526,506,black,byPlateId
17312,17312 304,304,-23,-178,circle,1.907,0,526,506,black,byPlateId
17313,17313 305,305,-50,63,circle,0.99,0,490,470,black,byPlateId
17314,17314 7141,7141,-53,-154,circle,2.1035,0,490,470,black,byPlateId
17315,17315 8022,8022,2,-151,circle,1.3175,0,490,470,black,byPlateId
17316,17316 709,709,-28,165,circle,2.169,0,516,496,black,byPlateId
17317,17317 802,802,5,-161,circle,1.9725,0,493,473,black,byPlateId
17318,17318 101,101,20,-163,circle,1.5795,0,510,490,black,byPlateId
17319,17319 101,101,-5,130,circle,0.859,0,435,415,black,byPlateId
17320,17320 2011,2011,-57,-137,circle,1.645,0,490,470,black,byPlateId
17321,17321 101,101,13,157,circle,2.038,0,497,477,black,byPlateId
17322,17322 8013,8013,38,-154,circle,1.514,0,437,417,black,byPlateId
17323,17323 305,305,-29,131,circle,1.907,0,520,500,black,byPlateId
17324,17324 7151,7151,-86,13,circle,1.907,0,490,470,black,byPlateId
17325,17325 101,101,1,168,circle,2.3,0,510,490,black,byPlateId
17326,17326 101,101,6,159,circle,1.9725,0,503,483,black,byPlateId
17327,17327 101,101,-4,176,circle,1.8415,0,510,490,black,byPlateId
17328,17328 101,101,27,146,circle,1.645,0,478,458,black,byPlateId
17329,17329 101,101,33,140,circle,1.776,0,478,458,black,byPlateId
17330,17330 101,101,24,151,circle,2.038,0,481,461,black,byPlateId
17331,17331 101,101,11,158,circle,1.645,0,499,479,black,byPlateId
17332,17332 101,101,46,149,circle,1.9725,0,478,458,black,byPlateId
17333,17333 101,101,37,156,circle,1.9725,0,478,458,black,byPlateId
17334,17334 805,805,4,-64,circle,1.5795,0,478,458,black,byPlateId
17335,17335 8011,8011,-15,-145,circle,1.907,0,490,470,black,byPlateId
17336,17336 801,801,23,-167,circle,1.514,0,505,485,black,byPlateId
17337,17337 2011,2011,-76,4,circle,1.514,0,416,396,black,byPlateId
17338,17338 715,715,-87,124,circle,1.9725,0,490,470,black,byPlateId
17339,17339 202,202,-44,165,circle,0.55,0,490,470,black,byPlateId
17340,17340 715,715,-89,-38,circle,1.514,0,490,470,black,byPlateId
17341,17341 701,701,-14,156,circle,0.55,0,539,519,black,byPlateId
17342,17342 305,305,-77,157,circle,1.907,0,490,470,black,byPlateId
17343,17343 301,301,-31,-94,circle,1.5795,0,515,495,black,byPlateId
17344,17344 305,305,-74,176,circle,1.9725,0,490,470,black,byPlateId
17345,17345 2022,2022,-34,-38,circle,1.1865,0,540,520,black,byPlateId
17346,17346 202,202,14,-132,circle,2.2345,0,473,453,black,byPlateId
17347,17347 305,305,-11,154,circle,1.4485,0,540,520,black,byPlateId
17348,17348 7013,7013,3,154,circle,1.645,0,572,552,black,byPlateId
17349,17349 714,714,-47,-138,circle,1.8415,0,487,467,black,byPlateId
17350,17350 305,305,-52,143,circle,1.0555,0,494,474,black,byPlateId
17351,17351 101,101,34,145,circle,2.038,0,496,476,black,byPlateId
17352,17352 101,101,36,150,circle,1.645,0,496,476,black,byPlateId
17353,17353 604,604,8,-47,circle,1.9725,0,496,476,black,byPlateId
17354,17354 7141,7141,14,-129,circle,1.907,0,530,510,black,byPlateId
17355,17355 202,202,-5,-141,circle,2.2345,0,478,458,black,byPlateId
17356,17356 202,202,-61,113,circle,2.169,0,490,470,black,byPlateId
17357,17357 202,202,-2,-152,circle,1.9725,0,478,458,black,byPlateId
17358,17358 202,202,-49,-156,circle,2.169,0,490,470,black,byPlateId
17359,17359 202,202,-52,-153,circle,2.169,0,490,470,black,byPlateId
17360,17360 202,202,-38,-161,circle,0.55,0,490,470,black,byPlateId
17361,17361 805,805,7,-68,circle,1.776,0,478,458,black,byPlateId
17362,17362 8013,8013,8,-155,circle,1.3175,0,496,476,black,byPlateId
17363,17363 8011,8011,33,-168,circle,1.9725,0,533,513,black,byPlateId
17364,17364 8013,8013,29,-154,circle,1.4485,0,511,491,black,byPlateId
17365,17365 8011,8011,-18,-161,circle,1.383,0,496,476,black,byPlateId
17366,17366 8011,8011,36,-151,circle,1.1865,0,478,458,black,byPlateId
17367,17367 8011,8011,-11,-143,circle,1.7105,0,490,470,black,byPlateId
17368,17368 604,604,15,-61,circle,1.645,0,562,542,black,byPlateId
17369,17369 101,101,10,138,circle,2.3,0,483,463,black,byPlateId
17370,17370 315,315,-36,-153,circle,1.907,0,531,511,black,byPlateId
17371,17371 315,315,-22,67,circle,2.3,0,483,463,black,byPlateId
17372,17372 101,101,18,142,circle,2.3,0,503,483,black,byPlateId
17373,17373 108,108,-21,160,circle,1.776,0,503,483,black,byPlateId
17374,17374 108,108,-33,174,circle,1.7105,0,511,491,black,byPlateId
17375,17375 101,101,4,164,circle,1.121,0,512,492,black,byPlateId
17376,17376 8013,8013,37,-160,circle,1.383,0,530,510,black,byPlateId
17377,17377 5011,5011,21,-129,circle,1.5795,0,551,531,black,byPlateId
17378,17378 109,109,30,122,circle,1.9725,0,530,510,black,byPlateId
17379,17379 7012,7012,-13,90,circle,1.252,0,597,577,black,byPlateId
17380,17380 101,101,20,141,circle,1.776,0,501,481,black,byPlateId
17381,17381 5011,5011,27,-146,circle,1.9725,0,558,538,black,byPlateId
17382,17382 305,305,-64,84,circle,1.7105,0,490,470,black,byPlateId
17383,17383 315,315,-35,46,circle,0.859,0,503,483,black,byPlateId
17384,17384 101,101,20,32,circle,0.1385,0,550,530,black,byPlateId
17385,17385 305,305,16,163,circle,1.252,0,569,549,black,byPlateId
17386,17386 305,305,-15,102,circle,0.6625,0,595,575,black,byPlateId
17387,17387 315,315,-63,-39,circle,1.5795,0,518,498,black,byPlateId
17388,17388 305,305,-9,163,circle,0.335,0,548,528,black,byPlateId
17389,17389 305,305,6,160,circle,1.7105,0,556,536,black,byPlateId
17390,17390 305,305,-16,130,circle,1.5795,0,556,536,black,byPlateId
17391,17391 301,301,8,-88,circle,1.7105,0,518,498,black,byPlateId
17392,17392 315,315,-38,-46,circle,1.4485,0,515,495,black,byPlateId
17393,17393 133,133,5,158,circle,2.1035,0,530,510,black,byPlateId
17394,17394 101,101,29,167,circle,1.9725,0,514,494,black,byPlateId
17395,17395 604,604,14,-39,circle,2.169,0,514,494,black,byPlateId
17396,17396 108,108,-27,51,circle,1.8415,0,562,542,black,byPlateId
17397,17397 108,108,-20,34,circle,1.9725,0,514,494,black,byPlateId
17398,17398 301,301,8,-171,circle,1.514,0,562,542,black,byPlateId
17399,17399 8013,8013,34,-165,circle,1.514,0,528,508,black,byPlateId
17400,17400 8013,8013,36,-147,circle,1.1865,0,526,506,black,byPlateId
17401,17401 8011,8011,9,160,circle,1.4485,0,562,542,black,byPlateId
17402,17402 8011,8011,43,160,circle,1.8415,0,562,542,black,byPlateId
17403,17403 8013,8013,21,-165,circle,1.5795,0,514,494,black,byPlateId
17404,17404 5011,5011,28,-148,circle,1.514,0,559,539,black,byPlateId
17405,17405 611,611,3,-164,circle,1.1865,0,514,494,black,byPlateId
17406,17406 611,611,7,-170,circle,0.7935,0,514,494,black,byPlateId
17407,17407 611,611,59,-142,circle,1.383,0,562,542,black,byPlateId
17408,17408 5012,5012,-83,70,circle,1.7105,0,562,542,black,byPlateId
17409,17409 508,508,26,161,circle,1.7105,0,582,562,black,byPlateId
17410,17410 315,315,-54,-48,circle,0.9245,0,515,495,black,byPlateId
17411,17411 101,101,0,178,circle,1.383,0,523,503,black,byPlateId
17412,17412 5012,5012,32,-161,circle,1.907,0,566,546,black,byPlateId
17413,17413 5012,5012,49,-146,circle,1.907,0,610,590,black,byPlateId
17414,17414 5012,5012,51,-137,circle,1.5795,0,610,590,black,byPlateId
17415,17415 305,305,-59,151,circle,1.907,0,494,474,black,byPlateId
17416,17416 7013,7013,-5,91,circle,1.383,0,610,590,black,byPlateId
17417,17417 611,611,32,180,circle,1.907,0,596,576,black,byPlateId
17418,17418 108,108,-37,-4,circle,2.1035,0,465,445,black,byPlateId
17419,17419 707,707,-29,63,circle,0.9245,0,530,510,black,byPlateId
17420,17420 101,101,6,154,circle,1.383,0,496,476,black,byPlateId
17421,17421 101,101,1,173,circle,1.907,0,510,490,black,byPlateId
17422,17422 101,101,-10,-174,circle,1.4485,0,540,520,black,byPlateId
17423,17423 108,108,-13,87,circle,1.9725,0,602,582,black,byPlateId
17424,17424 102,102,3,-145,circle,1.9725,0,512,492,black,byPlateId
17425,17425 301,301,-50,-36,circle,1.907,0,597,577,black,byPlateId
17426,17426 102,102,10,-138,circle,1.4485,0,510,490,black,byPlateId
17427,17427 7013,7013,-2,172,circle,1.121,0,555,535,black,byPlateId
17428,17428 305,305,-34,-41,circle,2.038,0,610,590,black,byPlateId
17429,17429 611,611,-9,-149,circle,1.645,0,506,486,black,byPlateId
17430,17430 611,611,69,-89,circle,1.8415,0,610,590,black,byPlateId
17431,17431 305,305,-26,68,circle,0.99,0,610,590,black,byPlateId
17432,17432 301,301,-63,-38,circle,2.1035,0,610,590,black,byPlateId
17433,17433 101,101,15,142,circle,1.645,0,475,455,black,byPlateId
17434,17434 101,101,5,174,circle,1.776,0,510,490,black,byPlateId
17435,17435 101,101,48,107,circle,1.3175,0,453,433,black,byPlateId
17436,17436 315,315,-37,-103,circle,1.514,0,515,495,black,byPlateId
17437,17437 315,315,-14,-88,circle,1.4485,0,515,495,black,byPlateId